time_s,time_ps,source_V,analytic_rx_V,tool_rx_V,tool_minus_analytic_V
0.0000000000000000e+00,0.0000000000000000e+00,0.0000000000000000e+00,0.0000000000000000e+00,2.6020852139652106e-18,2.6020852139652106e-18
9.9999999999999998e-13,1.0000000000000000e+00,5.0000000000000003e-02,0.0000000000000000e+00,-7.6219412725730962e-17,-7.6219412725730962e-17
2.0000000000000000e-12,2.0000000000000000e+00,1.0000000000000001e-01,0.0000000000000000e+00,-7.7412035115465017e-17,-7.7412035115465017e-17
3.0000000000000001e-12,3.0000000000000000e+00,1.5000000000000002e-01,0.0000000000000000e+00,-1.2240642527361345e-16,-1.2240642527361345e-16
3.9999999999999999e-12,4.0000000000000000e+00,2.0000000000000001e-01,0.0000000000000000e+00,-1.2316536679435330e-16,-1.2316536679435330e-16
4.9999999999999997e-12,5.0000000000000000e+00,2.5000000000000000e-01,0.0000000000000000e+00,-1.6544925152128798e-16,-1.6544925152128798e-16
6.0000000000000003e-12,6.0000000000000000e+00,3.0000000000000004e-01,0.0000000000000000e+00,-1.5981140022436335e-16,-1.5981140022436335e-16
7.0000000000000001e-12,7.0000000000000000e+00,3.5000000000000003e-01,0.0000000000000000e+00,-2.1575623232461538e-16,-2.1575623232461538e-16
7.9999999999999998e-12,8.0000000000000000e+00,4.0000000000000002e-01,0.0000000000000000e+00,-1.9895109865109006e-16,-1.9895109865109006e-16
8.9999999999999996e-12,9.0000000000000000e+00,4.5000000000000001e-01,0.0000000000000000e+00,-2.4524653141622110e-16,-2.4524653141622110e-16
9.9999999999999994e-12,1.0000000000000000e+01,5.0000000000000000e-01,0.0000000000000000e+00,-2.6834003769016235e-16,-2.6834003769016235e-16
1.0999999999999999e-11,1.1000000000000000e+01,5.5000000000000004e-01,0.0000000000000000e+00,-2.9587877287129416e-16,-2.9587877287129416e-16
1.2000000000000001e-11,1.2000000000000000e+01,6.0000000000000009e-01,0.0000000000000000e+00,-3.0227556568895864e-16,-3.0227556568895864e-16
1.3000000000000000e-11,1.3000000000000000e+01,6.5000000000000002e-01,0.0000000000000000e+00,-3.5616041366148821e-16,-3.5616041366148821e-16
1.4000000000000000e-11,1.4000000000000000e+01,7.0000000000000007e-01,0.0000000000000000e+00,-3.6494245125862079e-16,-3.6494245125862079e-16
1.5000000000000000e-11,1.5000000000000000e+01,7.5000000000000000e-01,0.0000000000000000e+00,-4.1405680967221414e-16,-4.1405680967221414e-16
1.6000000000000000e-11,1.6000000000000000e+01,8.0000000000000004e-01,0.0000000000000000e+00,-4.1687573532067645e-16,-4.1687573532067645e-16
1.6999999999999999e-11,1.7000000000000000e+01,8.5000000000000009e-01,0.0000000000000000e+00,-4.6490589156178430e-16,-4.6490589156178430e-16
1.7999999999999999e-11,1.8000000000000000e+01,9.0000000000000002e-01,0.0000000000000000e+00,-4.5883435939586548e-16,-4.5883435939586548e-16
1.8999999999999999e-11,1.9000000000000000e+01,9.5000000000000007e-01,0.0000000000000000e+00,-5.1000870193718129e-16,-5.1000870193718129e-16
1.9999999999999999e-11,2.0000000000000000e+01,1.0000000000000000e+00,0.0000000000000000e+00,-5.1369498932363200e-16,-5.1369498932363200e-16
2.0999999999999999e-11,2.1000000000000000e+01,1.0000000000000000e+00,0.0000000000000000e+00,-4.9504671195688132e-16,-4.9504671195688132e-16
2.1999999999999998e-11,2.2000000000000000e+01,1.0000000000000000e+00,0.0000000000000000e+00,-4.9743195673634943e-16,-4.9743195673634943e-16
2.2999999999999998e-11,2.3000000000000000e+01,1.0000000000000000e+00,0.0000000000000000e+00,-5.1434551062712330e-16,-5.1434551062712330e-16
2.4000000000000001e-11,2.4000000000000000e+01,1.0000000000000000e+00,0.0000000000000000e+00,-4.9938352064682334e-16,-4.9938352064682334e-16
2.5000000000000001e-11,2.5000000000000000e+01,1.0000000000000000e+00,0.0000000000000000e+00,-5.2215176626901894e-16,-5.2215176626901894e-16
2.6000000000000001e-11,2.6000000000000000e+01,1.0000000000000000e+00,0.0000000000000000e+00,-5.1120132432691534e-16,-5.1120132432691534e-16
2.7000000000000000e-11,2.7000000000000000e+01,1.0000000000000000e+00,0.0000000000000000e+00,-5.2724751647970081e-16,-5.2724751647970081e-16
2.8000000000000000e-11,2.8000000000000000e+01,1.0000000000000000e+00,0.0000000000000000e+00,-5.4546211297745728e-16,-5.4546211297745728e-16
2.9000000000000000e-11,2.9000000000000000e+01,1.0000000000000000e+00,0.0000000000000000e+00,-5.4296844798074062e-16,-5.4296844798074062e-16
3.0000000000000000e-11,3.0000000000000000e+01,1.0000000000000000e+00,0.0000000000000000e+00,-5.3527061255609354e-16,-5.3527061255609354e-16
3.0999999999999996e-11,3.1000000000000000e+01,1.0000000000000000e+00,0.0000000000000000e+00,-5.4557053319470583e-16,-5.4557053319470583e-16
3.1999999999999999e-11,3.2000000000000000e+01,1.0000000000000000e+00,0.0000000000000000e+00,-5.2095914387928488e-16,-5.2095914387928488e-16
3.3000000000000002e-11,3.3000000000000000e+01,1.0000000000000000e+00,0.0000000000000000e+00,-5.3895689994254425e-16,-5.3895689994254425e-16
3.3999999999999999e-11,3.4000000000000000e+01,1.0000000000000000e+00,0.0000000000000000e+00,-5.1315288823738925e-16,-5.1315288823738925e-16
3.5000000000000002e-11,3.5000000000000000e+01,1.0000000000000000e+00,0.0000000000000000e+00,-5.3613797429408194e-16,-5.3613797429408194e-16
3.5999999999999998e-11,3.6000000000000000e+01,1.0000000000000000e+00,0.0000000000000000e+00,-5.2432017061398994e-16,-5.2432017061398994e-16
3.7000000000000001e-11,3.7000000000000000e+01,1.0000000000000000e+00,0.0000000000000000e+00,-5.0274454738152841e-16,-5.0274454738152841e-16
3.7999999999999998e-11,3.8000000000000000e+01,1.0000000000000000e+00,0.0000000000000000e+00,-5.2768119734869501e-16,-5.2768119734869501e-16
3.9000000000000001e-11,3.9000000000000000e+01,1.0000000000000000e+00,0.0000000000000000e+00,-5.1857389909981677e-16,-5.1857389909981677e-16
3.9999999999999998e-11,4.0000000000000000e+01,1.0000000000000000e+00,0.0000000000000000e+00,-5.2572963343822110e-16,-5.2572963343822110e-16
4.1000000000000001e-11,4.1000000000000000e+01,1.0000000000000000e+00,0.0000000000000000e+00,-5.1087606367516969e-16,-5.1087606367516969e-16
4.1999999999999997e-11,4.2000000000000000e+01,1.0000000000000000e+00,0.0000000000000000e+00,-5.0068456325380595e-16,-5.0068456325380595e-16
4.3000000000000000e-11,4.3000000000000000e+01,1.0000000000000000e+00,0.0000000000000000e+00,-4.9125200435318206e-16,-4.9125200435318206e-16
4.3999999999999997e-11,4.4000000000000000e+01,1.0000000000000000e+00,0.0000000000000000e+00,-4.9493829173963277e-16,-4.9493829173963277e-16
4.5000000000000000e-11,4.5000000000000000e+01,1.0000000000000000e+00,0.0000000000000000e+00,-5.0523821237824507e-16,-5.0523821237824507e-16
4.5999999999999996e-11,4.6000000000000000e+01,1.0000000000000000e+00,0.0000000000000000e+00,-4.9656459499836103e-16,-4.9656459499836103e-16
4.6999999999999999e-11,4.7000000000000000e+01,1.0000000000000000e+00,0.0000000000000000e+00,-5.0502137194374797e-16,-5.0502137194374797e-16
4.8000000000000002e-11,4.8000000000000000e+01,1.0000000000000000e+00,0.0000000000000000e+00,-4.9016780218069655e-16,-4.9016780218069655e-16
4.8999999999999999e-11,4.9000000000000000e+01,1.0000000000000000e+00,0.0000000000000000e+00,-4.8366258914578353e-16,-4.8366258914578353e-16
5.0000000000000002e-11,5.0000000000000000e+01,1.0000000000000000e+00,0.0000000000000000e+00,-5.0426243042300811e-16,-5.0426243042300811e-16
5.0999999999999998e-11,5.1000000000000000e+01,1.0000000000000000e+00,0.0000000000000000e+00,-4.7672369524187630e-16,-4.7672369524187630e-16
5.2000000000000001e-11,5.2000000000000000e+01,1.0000000000000000e+00,0.0000000000000000e+00,-4.9222778630841901e-16,-4.9222778630841901e-16
5.2999999999999998e-11,5.3000000000000000e+01,1.0000000000000000e+00,0.0000000000000000e+00,-4.7423003024515964e-16,-4.7423003024515964e-16
5.4000000000000001e-11,5.4000000000000000e+01,1.0000000000000000e+00,0.0000000000000000e+00,-5.1076764345792114e-16,-5.1076764345792114e-16
5.4999999999999997e-11,5.5000000000000000e+01,1.0000000000000000e+00,0.0000000000000000e+00,-5.0979186150268418e-16,-5.0979186150268418e-16
5.6000000000000000e-11,5.6000000000000000e+01,1.0000000000000000e+00,0.0000000000000000e+00,-4.8485521153551758e-16,-4.8485521153551758e-16
5.6999999999999997e-11,5.7000000000000000e+01,1.0000000000000000e+00,0.0000000000000000e+00,-5.1109290410966679e-16,-5.1109290410966679e-16
5.8000000000000000e-11,5.8000000000000000e+01,1.0000000000000000e+00,0.0000000000000000e+00,-4.8615625414250019e-16,-4.8615625414250019e-16
5.9000000000000003e-11,5.9000000000000000e+01,1.0000000000000000e+00,0.0000000000000000e+00,-5.0751503694046463e-16,-5.0751503694046463e-16
6.0000000000000000e-11,6.0000000000000000e+01,1.0000000000000000e+00,0.0000000000000000e+00,-5.0838239867845303e-16,-5.0838239867845303e-16
6.0999999999999996e-11,6.1000000000000000e+01,1.0000000000000000e+00,0.0000000000000000e+00,-5.0903291998194433e-16,-5.0903291998194433e-16
6.1999999999999993e-11,6.2000000000000000e+01,1.0000000000000000e+00,0.0000000000000000e+00,-5.1640549475484576e-16,-5.1640549475484576e-16
6.3000000000000002e-11,6.3000000000000000e+01,1.0000000000000000e+00,0.0000000000000000e+00,-5.2974118147641747e-16,-5.2974118147641747e-16
6.3999999999999999e-11,6.4000000000000000e+01,1.0000000000000000e+00,0.0000000000000000e+00,-5.0155192499179435e-16,-5.0155192499179435e-16
6.4999999999999995e-11,6.5000000000000000e+01,1.0000000000000000e+00,0.0000000000000000e+00,-5.1412867019262620e-16,-5.1412867019262620e-16
6.6000000000000005e-11,6.6000000000000000e+01,1.0000000000000000e+00,0.0000000000000000e+00,-5.0718977628871897e-16,-5.0718977628871897e-16
6.7000000000000001e-11,6.7000000000000000e+01,1.0000000000000000e+00,0.0000000000000000e+00,-5.2692225582795515e-16,-5.2692225582795515e-16
6.7999999999999998e-11,6.8000000000000000e+01,1.0000000000000000e+00,0.0000000000000000e+00,-5.2020020235854503e-16,-5.2020020235854503e-16
6.8999999999999994e-11,6.9000000000000000e+01,1.0000000000000000e+00,0.0000000000000000e+00,-5.4383580971872902e-16,-5.4383580971872902e-16
7.0000000000000004e-11,7.0000000000000000e+01,1.0000000000000000e+00,0.0000000000000000e+00,-5.3169274538689137e-16,-5.3169274538689137e-16
7.1000000000000000e-11,7.1000000000000000e+01,1.0000000000000000e+00,0.0000000000000000e+00,-5.4513685232571163e-16,-5.4513685232571163e-16
7.1999999999999997e-11,7.2000000000000000e+01,1.0000000000000000e+00,0.0000000000000000e+00,-5.6356828925796520e-16,-5.6356828925796520e-16
7.2999999999999993e-11,7.3000000000000000e+01,1.0000000000000000e+00,0.0000000000000000e+00,-5.5836411883003478e-16,-5.5836411883003478e-16
7.4000000000000003e-11,7.4000000000000000e+01,1.0000000000000000e+00,0.0000000000000000e+00,-5.4080004363576961e-16,-5.4080004363576961e-16
7.5000000000000000e-11,7.5000000000000000e+01,1.0000000000000000e+00,0.0000000000000000e+00,-5.5185890579512176e-16,-5.5185890579512176e-16
7.5999999999999996e-11,7.6000000000000000e+01,1.0000000000000000e+00,0.0000000000000000e+00,-5.4600421406370003e-16,-5.4600421406370003e-16
7.6999999999999993e-11,7.7000000000000000e+01,1.0000000000000000e+00,0.0000000000000000e+00,-5.6465249143045071e-16,-5.6465249143045071e-16
7.8000000000000002e-11,7.8000000000000000e+01,1.0000000000000000e+00,0.0000000000000000e+00,-5.6833877881690142e-16,-5.6833877881690142e-16
7.8999999999999999e-11,7.9000000000000000e+01,1.0000000000000000e+00,0.0000000000000000e+00,-5.7983132184524777e-16,-5.7983132184524777e-16
7.9999999999999995e-11,8.0000000000000000e+01,1.0000000000000000e+00,0.0000000000000000e+00,-5.5771359752654348e-16,-5.5771359752654348e-16
8.1000000000000005e-11,8.1000000000000000e+01,1.0000000000000000e+00,0.0000000000000000e+00,-5.5012418231914495e-16,-5.5012418231914495e-16
8.2000000000000001e-11,8.2000000000000000e+01,1.0000000000000000e+00,0.0000000000000000e+00,-5.5381046970559566e-16,-5.5381046970559566e-16
8.2999999999999998e-11,8.3000000000000000e+01,1.0000000000000000e+00,0.0000000000000000e+00,-5.5315994840210436e-16,-5.5315994840210436e-16
8.3999999999999994e-11,8.4000000000000000e+01,1.0000000000000000e+00,0.0000000000000000e+00,-5.5489467187808117e-16,-5.5489467187808117e-16
8.5000000000000004e-11,8.5000000000000000e+01,1.0000000000000000e+00,0.0000000000000000e+00,-5.5749675709204638e-16,-5.5749675709204638e-16
8.6000000000000000e-11,8.6000000000000000e+01,1.0000000000000000e+00,0.0000000000000000e+00,-5.6183356578198840e-16,-5.6183356578198840e-16
8.6999999999999997e-11,8.7000000000000000e+01,1.0000000000000000e+00,0.0000000000000000e+00,-5.5185890579512176e-16,-5.5185890579512176e-16
8.7999999999999993e-11,8.8000000000000000e+01,1.0000000000000000e+00,0.0000000000000000e+00,-5.3624639451133049e-16,-5.3624639451133049e-16
8.9000000000000003e-11,8.9000000000000000e+01,1.0000000000000000e+00,0.0000000000000000e+00,-5.2757277713144646e-16,-5.2757277713144646e-16
8.9999999999999999e-11,9.0000000000000000e+01,1.0000000000000000e+00,0.0000000000000000e+00,-5.3147590495239427e-16,-5.3147590495239427e-16
9.0999999999999996e-11,9.1000000000000000e+01,1.0000000000000000e+00,0.0000000000000000e+00,-5.3841479885630150e-16,-5.3841479885630150e-16
9.1999999999999992e-11,9.2000000000000000e+01,1.0000000000000000e+00,0.0000000000000000e+00,-5.1694759584108851e-16,-5.1694759584108851e-16
9.3000000000000002e-11,9.3000000000000000e+01,1.0000000000000000e+00,0.0000000000000000e+00,-5.0740661672321608e-16,-5.0740661672321608e-16
9.3999999999999999e-11,9.4000000000000000e+01,1.0000000000000000e+00,0.0000000000000000e+00,-5.2388648974499574e-16,-5.2388648974499574e-16
9.4999999999999995e-11,9.5000000000000000e+01,1.0000000000000000e+00,0.0000000000000000e+00,-5.3971584146328411e-16,-5.3971584146328411e-16
9.6000000000000005e-11,9.6000000000000000e+01,1.0000000000000000e+00,0.0000000000000000e+00,-5.2112177420515771e-16,-5.2112177420515771e-16
9.7000000000000001e-11,9.7000000000000000e+01,1.0000000000000000e+00,0.0000000000000000e+00,-5.0306980803327406e-16,-5.0306980803327406e-16
9.7999999999999998e-11,9.8000000000000000e+01,1.0000000000000000e+00,0.0000000000000000e+00,-4.8908360000821105e-16,-4.8908360000821105e-16
9.8999999999999994e-11,9.9000000000000000e+01,1.0000000000000000e+00,0.0000000000000000e+00,-5.0697293585422187e-16,-5.0697293585422187e-16
1.0000000000000000e-10,1.0000000000000000e+02,1.0000000000000000e+00,0.0000000000000000e+00,-4.9369145924127444e-16,-4.9369145924127444e-16
1.0100000000000000e-10,1.0100000000000000e+02,9.4999999999999996e-01,0.0000000000000000e+00,-4.1503259162745110e-16,-4.1503259162745110e-16
1.0200000000000000e-10,1.0200000000000000e+02,9.0000000000000002e-01,0.0000000000000000e+00,-4.1541206238782102e-16,-4.1541206238782102e-16
1.0299999999999999e-10,1.0300000000000000e+02,8.4999999999999998e-01,0.0000000000000000e+00,-3.6833058304763799e-16,-3.6833058304763799e-16
1.0400000000000000e-10,1.0400000000000000e+02,8.0000000000000004e-01,0.0000000000000000e+00,-3.5011598654988152e-16,-3.5011598654988152e-16
1.0500000000000000e-10,1.0500000000000000e+02,7.5000000000000000e-01,0.0000000000000000e+00,-2.9811493985204551e-16,-2.9811493985204551e-16
1.0600000000000000e-10,1.0600000000000000e+02,6.9999999999999996e-01,0.0000000000000000e+00,-2.8624292606332924e-16,-2.8624292606332924e-16
1.0699999999999999e-10,1.0700000000000000e+02,6.4999999999999991e-01,0.0000000000000000e+00,-2.8290222811935828e-16,-2.8290222811935828e-16
1.0800000000000000e-10,1.0800000000000000e+02,5.9999999999999998e-01,0.0000000000000000e+00,-2.8697972431660924e-16,-2.8697972431660924e-16
1.0900000000000000e-10,1.0900000000000000e+02,5.5000000000000004e-01,0.0000000000000000e+00,-2.5770785232131659e-16,-2.5770785232131659e-16
1.0999999999999999e-10,1.1000000000000000e+02,5.0000000000000000e-01,0.0000000000000000e+00,-2.4269123451545933e-16,-2.4269123451545933e-16
1.1099999999999999e-10,1.1100000000000000e+02,4.4999999999999996e-01,0.0000000000000000e+00,-2.1011682135392094e-16,-2.1011682135392094e-16
1.1200000000000000e-10,1.1200000000000000e+02,3.9999999999999991e-01,0.0000000000000000e+00,-2.1007945289981460e-16,-2.1007945289981460e-16
1.1300000000000000e-10,1.1300000000000000e+02,3.4999999999999998e-01,0.0000000000000000e+00,-1.6137288878223598e-16,-1.6137288878223598e-16
1.1399999999999999e-10,1.1400000000000000e+02,2.9999999999999993e-01,0.0000000000000000e+00,-1.3521975851884965e-16,-1.3521975851884965e-16
1.1500000000000000e-10,1.1500000000000000e+02,2.5000000000000000e-01,0.0000000000000000e+00,-1.0866995933478728e-16,-1.0866995933478728e-16
1.1600000000000000e-10,1.1600000000000000e+02,1.9999999999999996e-01,0.0000000000000000e+00,-8.4035330836181142e-17,-8.4035330836181142e-17
1.1700000000000001e-10,1.1700000000000000e+02,1.4999999999999991e-01,0.0000000000000000e+00,-7.2926148626806242e-17,-7.2926148626806242e-17
1.1800000000000001e-10,1.1800000000000000e+02,9.9999999999999978e-02,0.0000000000000000e+00,-5.2204334605177038e-17,-5.2204334605177038e-17
1.1900000000000000e-10,1.1900000000000000e+02,4.9999999999999933e-02,0.0000000000000000e+00,-2.9707139526102821e-17,-2.9707139526102821e-17
1.2000000000000000e-10,1.2000000000000000e+02,0.0000000000000000e+00,0.0000000000000000e+00,-3.7025504190379976e-17,-3.7025504190379976e-17
1.2100000000000000e-10,1.2100000000000000e+02,0.0000000000000000e+00,0.0000000000000000e+00,-6.2233204700667955e-17,-6.2233204700667955e-17
1.2199999999999999e-10,1.2200000000000000e+02,0.0000000000000000e+00,0.0000000000000000e+00,-3.5236570605778894e-17,-3.5236570605778894e-17
1.2299999999999999e-10,1.2300000000000000e+02,0.0000000000000000e+00,0.0000000000000000e+00,-5.5836411883003478e-17,-5.5836411883003478e-17
1.2399999999999999e-10,1.2400000000000000e+02,0.0000000000000000e+00,0.0000000000000000e+00,-4.5319650809894085e-17,-4.5319650809894085e-17
1.2500000000000001e-10,1.2500000000000000e+02,0.0000000000000000e+00,0.0000000000000000e+00,-4.5102810375396984e-17,-4.5102810375396984e-17
1.2600000000000000e-10,1.2600000000000000e+02,0.0000000000000000e+00,0.0000000000000000e+00,-3.7621815385247004e-17,-3.7621815385247004e-17
1.2700000000000000e-10,1.2700000000000000e+02,0.0000000000000000e+00,0.0000000000000000e+00,-2.2768245622195593e-17,-2.2768245622195593e-17
1.2800000000000000e-10,1.2800000000000000e+02,0.0000000000000000e+00,0.0000000000000000e+00,1.6235172733081293e-17,1.6235172733081293e-17
1.2899999999999999e-10,1.2900000000000000e+02,0.0000000000000000e+00,0.0000000000000000e+00,1.3869232275858998e-17,1.3869232275858998e-17
1.2999999999999999e-10,1.3000000000000000e+02,0.0000000000000000e+00,0.0000000000000000e+00,3.0010964882921620e-17,3.0010964882921620e-17
1.3099999999999999e-10,1.3100000000000000e+02,0.0000000000000000e+00,0.0000000000000000e+00,3.0562920751259618e-17,3.0562920751259618e-17
1.3200000000000001e-10,1.3200000000000000e+02,0.0000000000000000e+00,0.0000000000000000e+00,1.6787853479905214e-17,1.6787853479905214e-17
1.3300000000000001e-10,1.3300000000000000e+02,0.0000000000000000e+00,0.0000000000000000e+00,2.0283452444776527e-17,2.0283452444776527e-17
1.3400000000000000e-10,1.3400000000000000e+02,0.0000000000000000e+00,0.0000000000000000e+00,9.4748627137559009e-18,9.4748627137559009e-18
1.3500000000000000e-10,1.3500000000000000e+02,0.0000000000000000e+00,0.0000000000000000e+00,2.8715622357472407e-18,2.8715622357472407e-18
1.3600000000000000e-10,1.3600000000000000e+02,0.0000000000000000e+00,0.0000000000000000e+00,1.5890052449759653e-17,1.5890052449759653e-17
1.3699999999999999e-10,1.3700000000000000e+02,0.0000000000000000e+00,0.0000000000000000e+00,-4.6150343002652704e-18,-4.6150343002652704e-18
1.3799999999999999e-10,1.3800000000000000e+02,0.0000000000000000e+00,0.0000000000000000e+00,4.6427810752163839e-17,4.6427810752163839e-17
1.3899999999999999e-10,1.3900000000000000e+02,0.0000000000000000e+00,0.0000000000000000e+00,6.5846964987404875e-18,6.5846964987404875e-18
1.4000000000000001e-10,1.4000000000000000e+02,0.0000000000000000e+00,0.0000000000000000e+00,2.2029625204792676e-17,2.2029625204792676e-17
1.4100000000000000e-10,1.4100000000000000e+02,0.0000000000000000e+00,0.0000000000000000e+00,1.6001963748265214e-17,1.6001963748265214e-17
1.4200000000000000e-10,1.4200000000000000e+02,0.0000000000000000e+00,0.0000000000000000e+00,5.3852586671260726e-19,5.3852586671260726e-19
1.4300000000000000e-10,1.4300000000000000e+02,0.0000000000000000e+00,0.0000000000000000e+00,-1.2939254932702636e-17,-1.2939254932702636e-17
1.4399999999999999e-10,1.4400000000000000e+02,0.0000000000000000e+00,0.0000000000000000e+00,-2.1187285667540419e-17,-2.1187285667540419e-17
1.4499999999999999e-10,1.4500000000000000e+02,0.0000000000000000e+00,0.0000000000000000e+00,-3.2478402140938913e-17,-3.2478402140938913e-17
1.4599999999999999e-10,1.4600000000000000e+02,0.0000000000000000e+00,0.0000000000000000e+00,-1.1165192666432245e-17,-1.1165192666432245e-17
1.4700000000000001e-10,1.4700000000000000e+02,0.0000000000000000e+00,0.0000000000000000e+00,-1.4127501792419191e-17,-1.4127501792419191e-17
1.4800000000000001e-10,1.4800000000000000e+02,0.0000000000000000e+00,0.0000000000000000e+00,1.2284422484002774e-17,1.2284422484002774e-17
1.4900000000000000e-10,1.4900000000000000e+02,0.0000000000000000e+00,0.0000000000000000e+00,-3.6780362552904722e-18,-3.6780362552904722e-18
1.5000000000000000e-10,1.5000000000000000e+02,0.0000000000000000e+00,0.0000000000000000e+00,2.5451498600038957e-17,2.5451498600038957e-17
1.5100000000000000e-10,1.5100000000000000e+02,0.0000000000000000e+00,0.0000000000000000e+00,6.1286668061228597e-19,6.1286668061228597e-19
1.5199999999999999e-10,1.5200000000000000e+02,0.0000000000000000e+00,0.0000000000000000e+00,2.0806081701486579e-17,2.0806081701486579e-17
1.5299999999999999e-10,1.5300000000000000e+02,0.0000000000000000e+00,0.0000000000000000e+00,-2.5679914392543948e-17,-2.5679914392543948e-17
1.5399999999999999e-10,1.5400000000000000e+02,0.0000000000000000e+00,0.0000000000000000e+00,-3.0163510137366410e-18,-3.0163510137366410e-18
1.5500000000000001e-10,1.5500000000000000e+02,0.0000000000000000e+00,0.0000000000000000e+00,-2.8029644336499008e-17,-2.8029644336499008e-17
1.5600000000000000e-10,1.5600000000000000e+02,0.0000000000000000e+00,0.0000000000000000e+00,-2.9682874903414591e-17,-2.9682874903414591e-17
1.5700000000000000e-10,1.5700000000000000e+02,0.0000000000000000e+00,0.0000000000000000e+00,-4.8999133464956899e-17,-4.8999133464956899e-17
1.5800000000000000e-10,1.5800000000000000e+02,0.0000000000000000e+00,0.0000000000000000e+00,-7.6688743126366430e-17,-7.6688743126366430e-17
1.5899999999999999e-10,1.5900000000000000e+02,0.0000000000000000e+00,0.0000000000000000e+00,-2.1019690503037815e-17,-2.1019690503037815e-17
1.5999999999999999e-10,1.6000000000000000e+02,0.0000000000000000e+00,0.0000000000000000e+00,-3.4470267402737534e-17,-3.4470267402737534e-17
1.6099999999999999e-10,1.6100000000000000e+02,0.0000000000000000e+00,0.0000000000000000e+00,-4.6639320400815361e-17,-4.6639320400815361e-17
1.6200000000000001e-10,1.6200000000000000e+02,0.0000000000000000e+00,0.0000000000000000e+00,-1.4792084593976401e-17,-1.4792084593976401e-17
1.6300000000000001e-10,1.6300000000000000e+02,0.0000000000000000e+00,0.0000000000000000e+00,-1.6083095530463946e-17,-1.6083095530463946e-17
1.6400000000000000e-10,1.6400000000000000e+02,0.0000000000000000e+00,0.0000000000000000e+00,2.3911963031013467e-18,2.3911963031013467e-18
1.6500000000000000e-10,1.6500000000000000e+02,0.0000000000000000e+00,0.0000000000000000e+00,1.2205213241892433e-18,1.2205213241892433e-18
1.6600000000000000e-10,1.6600000000000000e+02,0.0000000000000000e+00,0.0000000000000000e+00,9.8424477864867354e-18,9.8424477864867354e-18
1.6699999999999999e-10,1.6700000000000000e+02,0.0000000000000000e+00,0.0000000000000000e+00,-9.1190392503303142e-18,-9.1190392503303142e-18
1.6799999999999999e-10,1.6800000000000000e+02,0.0000000000000000e+00,0.0000000000000000e+00,-3.9789790848156017e-18,-3.9789790848156017e-18
1.6899999999999999e-10,1.6900000000000000e+02,0.0000000000000000e+00,0.0000000000000000e+00,-9.1431723491821805e-18,-9.1431723491821805e-18
1.7000000000000001e-10,1.7000000000000000e+02,0.0000000000000000e+00,0.0000000000000000e+00,-1.3006726912342990e-17,-1.3006726912342990e-17
1.7100000000000000e-10,1.7100000000000000e+02,0.0000000000000000e+00,0.0000000000000000e+00,-3.0104257989106083e-17,-3.0104257989106083e-17
1.7200000000000000e-10,1.7200000000000000e+02,0.0000000000000000e+00,0.0000000000000000e+00,-2.3613077957690961e-18,-2.3613077957690961e-18
1.7300000000000000e-10,1.7300000000000000e+02,0.0000000000000000e+00,0.0000000000000000e+00,-8.1031632049941511e-18,-8.1031632049941511e-18
1.7399999999999999e-10,1.7400000000000000e+02,0.0000000000000000e+00,0.0000000000000000e+00,9.0721168877166517e-18,9.0721168877166517e-18
1.7499999999999999e-10,1.7500000000000000e+02,0.0000000000000000e+00,0.0000000000000000e+00,1.1573531878239496e-17,1.1573531878239496e-17
1.7599999999999999e-10,1.7600000000000000e+02,0.0000000000000000e+00,0.0000000000000000e+00,1.3121938703729949e-17,1.3121938703729949e-17
1.7700000000000001e-10,1.7700000000000000e+02,0.0000000000000000e+00,0.0000000000000000e+00,2.9036050089660971e-17,2.9036050089660971e-17
1.7800000000000001e-10,1.7800000000000000e+02,0.0000000000000000e+00,0.0000000000000000e+00,6.0359378178504685e-17,6.0359378178504685e-17
1.7900000000000000e-10,1.7900000000000000e+02,0.0000000000000000e+00,0.0000000000000000e+00,9.4714865393337007e-18,9.4714865393337007e-18
1.8000000000000000e-10,1.8000000000000000e+02,0.0000000000000000e+00,0.0000000000000000e+00,2.5328321618438506e-17,2.5328321618438506e-17
1.8100000000000000e-10,1.8100000000000000e+02,0.0000000000000000e+00,0.0000000000000000e+00,1.7413166440454838e-17,1.7413166440454838e-17
1.8199999999999999e-10,1.8200000000000000e+02,0.0000000000000000e+00,0.0000000000000000e+00,2.8920925510700628e-17,2.8920925510700628e-17
1.8299999999999999e-10,1.8300000000000000e+02,0.0000000000000000e+00,0.0000000000000000e+00,1.8992533044826918e-17,1.8992533044826918e-17
1.8399999999999998e-10,1.8400000000000000e+02,0.0000000000000000e+00,0.0000000000000000e+00,2.9887659469579067e-17,2.9887659469579067e-17
1.8500000000000001e-10,1.8500000000000000e+02,0.0000000000000000e+00,0.0000000000000000e+00,3.2240682864532706e-17,3.2240682864532706e-17
1.8600000000000000e-10,1.8600000000000000e+02,0.0000000000000000e+00,0.0000000000000000e+00,3.3254656813595515e-17,3.3254656813595515e-17
1.8700000000000000e-10,1.8700000000000000e+02,0.0000000000000000e+00,0.0000000000000000e+00,1.4315393304976414e-17,1.4315393304976414e-17
1.8800000000000000e-10,1.8800000000000000e+02,0.0000000000000000e+00,0.0000000000000000e+00,2.1928334781579087e-17,2.1928334781579087e-17
1.8899999999999999e-10,1.8900000000000000e+02,0.0000000000000000e+00,0.0000000000000000e+00,-8.6155673466152494e-18,-8.6155673466152494e-18
1.8999999999999999e-10,1.9000000000000000e+02,0.0000000000000000e+00,0.0000000000000000e+00,2.9436171467308810e-17,2.9436171467308810e-17
1.9099999999999999e-10,1.9100000000000000e+02,0.0000000000000000e+00,0.0000000000000000e+00,2.9705937263273724e-17,2.9705937263273724e-17
1.9200000000000001e-10,1.9200000000000000e+02,0.0000000000000000e+00,0.0000000000000000e+00,3.7422552125214510e-17,3.7422552125214510e-17
1.9300000000000001e-10,1.9300000000000000e+02,0.0000000000000000e+00,0.0000000000000000e+00,4.8841314615063784e-17,4.8841314615063784e-17
1.9400000000000000e-10,1.9400000000000000e+02,0.0000000000000000e+00,0.0000000000000000e+00,9.4518202204936300e-17,9.4518202204936300e-17
1.9500000000000000e-10,1.9500000000000000e+02,0.0000000000000000e+00,0.0000000000000000e+00,7.0403526596128008e-17,7.0403526596128008e-17
1.9600000000000000e-10,1.9600000000000000e+02,0.0000000000000000e+00,0.0000000000000000e+00,8.6946877678215223e-17,8.6946877678215223e-17
1.9699999999999999e-10,1.9700000000000000e+02,0.0000000000000000e+00,0.0000000000000000e+00,5.6554555688237477e-17,5.6554555688237477e-17
1.9799999999999999e-10,1.9800000000000000e+02,0.0000000000000000e+00,0.0000000000000000e+00,1.9852308506853392e-17,1.9852308506853392e-17
1.9899999999999998e-10,1.9900000000000000e+02,0.0000000000000000e+00,0.0000000000000000e+00,5.0247375704312785e-17,5.0247375704312785e-17
2.0000000000000001e-10,2.0000000000000000e+02,0.0000000000000000e+00,0.0000000000000000e+00,6.8776223531442411e-18,6.8776223531442411e-18
2.0100000000000000e-10,2.0100000000000000e+02,0.0000000000000000e+00,0.0000000000000000e+00,7.7390882244765632e-18,7.7390882244765632e-18
2.0200000000000000e-10,2.0200000000000000e+02,0.0000000000000000e+00,0.0000000000000000e+00,4.1737105475516749e-17,4.1737105475516749e-17
2.0300000000000000e-10,2.0300000000000000e+02,0.0000000000000000e+00,0.0000000000000000e+00,2.9775655226073678e-18,2.9775655226073678e-18
2.0399999999999999e-10,2.0400000000000000e+02,0.0000000000000000e+00,0.0000000000000000e+00,6.5378161899615369e-18,6.5378161899615369e-18
2.0499999999999999e-10,2.0500000000000000e+02,0.0000000000000000e+00,0.0000000000000000e+00,-2.2417512020330930e-17,-2.2417512020330930e-17
2.0599999999999999e-10,2.0600000000000000e+02,0.0000000000000000e+00,0.0000000000000000e+00,-3.8708665308682404e-17,-3.8708665308682404e-17
2.0699999999999998e-10,2.0700000000000000e+02,0.0000000000000000e+00,0.0000000000000000e+00,-1.8439721013970363e-17,-1.8439721013970363e-17
2.0800000000000001e-10,2.0800000000000000e+02,0.0000000000000000e+00,0.0000000000000000e+00,-1.0569770092913285e-17,-1.0569770092913285e-17
2.0900000000000000e-10,2.0900000000000000e+02,0.0000000000000000e+00,0.0000000000000000e+00,-2.0923895564104459e-17,-2.0923895564104459e-17
2.1000000000000000e-10,2.1000000000000000e+02,0.0000000000000000e+00,0.0000000000000000e+00,-7.3784197509502861e-18,-7.3784197509502861e-18
2.1100000000000000e-10,2.1100000000000000e+02,0.0000000000000000e+00,0.0000000000000000e+00,6.5057474489559307e-18,6.5057474489559307e-18
2.1199999999999999e-10,2.1200000000000000e+02,0.0000000000000000e+00,0.0000000000000000e+00,4.9452269976206303e-18,4.9452269976206303e-18
2.1299999999999999e-10,2.1300000000000000e+02,0.0000000000000000e+00,0.0000000000000000e+00,-2.2816791787166192e-17,-2.2816791787166192e-17
2.1399999999999998e-10,2.1400000000000000e+02,0.0000000000000000e+00,0.0000000000000000e+00,-4.8052720001874355e-17,-4.8052720001874355e-17
2.1500000000000001e-10,2.1500000000000000e+02,0.0000000000000000e+00,0.0000000000000000e+00,-1.4328552589914568e-17,-1.4328552589914568e-17
2.1600000000000000e-10,2.1600000000000000e+02,0.0000000000000000e+00,0.0000000000000000e+00,-1.9463205728136761e-17,-1.9463205728136761e-17
2.1700000000000000e-10,2.1700000000000000e+02,0.0000000000000000e+00,0.0000000000000000e+00,-2.0305170193085648e-17,-2.0305170193085648e-17
2.1800000000000000e-10,2.1800000000000000e+02,0.0000000000000000e+00,0.0000000000000000e+00,-1.5794599692747747e-17,-1.5794599692747747e-17
2.1899999999999999e-10,2.1900000000000000e+02,0.0000000000000000e+00,0.0000000000000000e+00,-2.9754395926509837e-17,-2.9754395926509837e-17
2.1999999999999999e-10,2.2000000000000000e+02,0.0000000000000000e+00,0.0000000000000000e+00,4.6050705334648090e-17,4.6050705334648090e-17
2.2099999999999999e-10,2.2100000000000000e+02,0.0000000000000000e+00,0.0000000000000000e+00,6.1282742945002097e-18,6.1282742945002097e-18
2.2199999999999998e-10,2.2200000000000000e+02,0.0000000000000000e+00,0.0000000000000000e+00,-1.6099310399052179e-17,-1.6099310399052179e-17
2.2300000000000001e-10,2.2300000000000000e+02,0.0000000000000000e+00,0.0000000000000000e+00,1.3920515050423412e-17,1.3920515050423412e-17
2.2400000000000000e-10,2.2400000000000000e+02,0.0000000000000000e+00,0.0000000000000000e+00,-5.7124851947805888e-18,-5.7124851947805888e-18
2.2500000000000000e-10,2.2500000000000000e+02,0.0000000000000000e+00,0.0000000000000000e+00,-7.1825632637885125e-18,-7.1825632637885125e-18
2.2600000000000000e-10,2.2600000000000000e+02,0.0000000000000000e+00,0.0000000000000000e+00,5.4277258797102387e-18,5.4277258797102387e-18
2.2699999999999999e-10,2.2700000000000000e+02,0.0000000000000000e+00,0.0000000000000000e+00,7.6808182678017379e-18,7.6808182678017379e-18
2.2799999999999999e-10,2.2800000000000000e+02,0.0000000000000000e+00,0.0000000000000000e+00,1.6704460316075614e-17,1.6704460316075614e-17
2.2899999999999998e-10,2.2900000000000000e+02,0.0000000000000000e+00,0.0000000000000000e+00,5.6526329421716912e-18,5.6526329421716912e-18
2.3000000000000001e-10,2.3000000000000000e+02,0.0000000000000000e+00,0.0000000000000000e+00,-2.0940748307591920e-17,-2.0940748307591920e-17
2.3100000000000000e-10,2.3100000000000000e+02,0.0000000000000000e+00,0.0000000000000000e+00,1.0481290875779734e-17,1.0481290875779734e-17
2.3200000000000000e-10,2.3200000000000000e+02,0.0000000000000000e+00,0.0000000000000000e+00,-5.7388180584744990e-18,-5.7388180584744990e-18
2.3299999999999997e-10,2.3300000000000000e+02,0.0000000000000000e+00,0.0000000000000000e+00,5.0792033428566581e-17,5.0792033428566581e-17
2.3400000000000002e-10,2.3400000000000000e+02,0.0000000000000000e+00,0.0000000000000000e+00,3.4077458172410065e-17,3.4077458172410065e-17
2.3500000000000002e-10,2.3500000000000000e+02,0.0000000000000000e+00,0.0000000000000000e+00,4.7412146077380050e-17,4.7412146077380050e-17
2.3600000000000001e-10,2.3600000000000000e+02,0.0000000000000000e+00,0.0000000000000000e+00,8.9932766327513321e-17,8.9932766327513321e-17
2.3700000000000001e-10,2.3700000000000000e+02,0.0000000000000000e+00,0.0000000000000000e+00,7.0270434241639466e-17,7.0270434241639466e-17
2.3800000000000001e-10,2.3800000000000000e+02,0.0000000000000000e+00,0.0000000000000000e+00,1.1181022854964219e-16,1.1181022854964219e-16
2.3900000000000000e-10,2.3900000000000000e+02,0.0000000000000000e+00,0.0000000000000000e+00,8.7054185244309214e-17,8.7054185244309214e-17
2.4000000000000000e-10,2.4000000000000000e+02,0.0000000000000000e+00,0.0000000000000000e+00,8.7356495552662336e-17,8.7356495552662336e-17
2.4099999999999999e-10,2.4100000000000000e+02,0.0000000000000000e+00,0.0000000000000000e+00,7.1609371495367822e-17,7.1609371495367822e-17
2.4199999999999999e-10,2.4200000000000000e+02,0.0000000000000000e+00,0.0000000000000000e+00,7.9370331853050868e-17,7.9370331853050868e-17
2.4299999999999999e-10,2.4300000000000000e+02,0.0000000000000000e+00,0.0000000000000000e+00,6.3706736896748722e-17,6.3706736896748722e-17
2.4399999999999998e-10,2.4400000000000000e+02,0.0000000000000000e+00,0.0000000000000000e+00,5.7548288424753345e-17,5.7548288424753345e-17
2.4499999999999998e-10,2.4500000000000000e+02,0.0000000000000000e+00,0.0000000000000000e+00,5.4516501795093744e-17,5.4516501795093744e-17
2.4599999999999998e-10,2.4600000000000000e+02,0.0000000000000000e+00,0.0000000000000000e+00,3.1996192536892896e-17,3.1996192536892896e-17
2.4699999999999997e-10,2.4700000000000000e+02,0.0000000000000000e+00,0.0000000000000000e+00,1.7349325157386880e-17,1.7349325157386880e-17
2.4799999999999997e-10,2.4800000000000000e+02,0.0000000000000000e+00,0.0000000000000000e+00,-5.0466408145226193e-18,-5.0466408145226193e-18
2.4900000000000002e-10,2.4900000000000000e+02,0.0000000000000000e+00,0.0000000000000000e+00,-1.6858070153741139e-17,-1.6858070153741139e-17
2.5000000000000002e-10,2.5000000000000000e+02,0.0000000000000000e+00,0.0000000000000000e+00,-3.7037789906254165e-17,-3.7037789906254165e-17
2.5100000000000001e-10,2.5100000000000000e+02,0.0000000000000000e+00,0.0000000000000000e+00,-4.8695165853921570e-17,-4.8695165853921570e-17
2.5200000000000001e-10,2.5200000000000000e+02,0.0000000000000000e+00,0.0000000000000000e+00,-6.2202185705548744e-17,-6.2202185705548744e-17
2.5300000000000001e-10,2.5300000000000000e+02,0.0000000000000000e+00,0.0000000000000000e+00,-9.5127294084089692e-17,-9.5127294084089692e-17
2.5400000000000000e-10,2.5400000000000000e+02,0.0000000000000000e+00,0.0000000000000000e+00,-7.3538771355375504e-17,-7.3538771355375504e-17
2.5500000000000000e-10,2.5500000000000000e+02,0.0000000000000000e+00,0.0000000000000000e+00,-8.2028538418994510e-17,-8.2028538418994510e-17
2.5599999999999999e-10,2.5600000000000000e+02,0.0000000000000000e+00,0.0000000000000000e+00,-9.7106377457378019e-17,-9.7106377457378019e-17
2.5699999999999999e-10,2.5700000000000000e+02,0.0000000000000000e+00,0.0000000000000000e+00,-6.2924063920064375e-17,-6.2924063920064375e-17
2.5799999999999999e-10,2.5800000000000000e+02,0.0000000000000000e+00,0.0000000000000000e+00,-8.1461796046199307e-17,-8.1461796046199307e-17
2.5899999999999998e-10,2.5900000000000000e+02,0.0000000000000000e+00,0.0000000000000000e+00,-8.6619766920268581e-17,-8.6619766920268581e-17
2.5999999999999998e-10,2.6000000000000000e+02,0.0000000000000000e+00,0.0000000000000000e+00,-8.6424588122895116e-17,-8.6424588122895116e-17
2.6099999999999998e-10,2.6100000000000000e+02,0.0000000000000000e+00,0.0000000000000000e+00,-7.9081745331595132e-17,-7.9081745331595132e-17
2.6199999999999997e-10,2.6200000000000000e+02,0.0000000000000000e+00,0.0000000000000000e+00,-7.8970322799440687e-17,-7.8970322799440687e-17
2.6299999999999997e-10,2.6300000000000000e+02,0.0000000000000000e+00,0.0000000000000000e+00,-7.1035109388829111e-17,-7.1035109388829111e-17
2.6400000000000002e-10,2.6400000000000000e+02,0.0000000000000000e+00,0.0000000000000000e+00,-8.6022483268342029e-17,-8.6022483268342029e-17
2.6500000000000002e-10,2.6500000000000000e+02,0.0000000000000000e+00,0.0000000000000000e+00,-8.7620007697486674e-17,-8.7620007697486674e-17
2.6600000000000001e-10,2.6600000000000000e+02,0.0000000000000000e+00,0.0000000000000000e+00,-6.6209148781122067e-17,-6.6209148781122067e-17
2.6700000000000001e-10,2.6700000000000000e+02,0.0000000000000000e+00,0.0000000000000000e+00,-3.7817763548890081e-17,-3.7817763548890081e-17
2.6800000000000001e-10,2.6800000000000000e+02,0.0000000000000000e+00,0.0000000000000000e+00,-2.1802016725921823e-17,-2.1802016725921823e-17
2.6900000000000000e-10,2.6900000000000000e+02,0.0000000000000000e+00,0.0000000000000000e+00,2.0114156597006901e-17,2.0114156597006901e-17
2.7000000000000000e-10,2.7000000000000000e+02,0.0000000000000000e+00,0.0000000000000000e+00,5.3718447956611763e-17,5.3718447956611763e-17
2.7099999999999999e-10,2.7100000000000000e+02,0.0000000000000000e+00,0.0000000000000000e+00,9.7466165249764699e-17,9.7466165249764699e-17
2.7199999999999999e-10,2.7200000000000000e+02,0.0000000000000000e+00,0.0000000000000000e+00,1.0942523074613995e-16,1.0942523074613995e-16
2.7299999999999999e-10,2.7300000000000000e+02,0.0000000000000000e+00,0.0000000000000000e+00,1.2263184556938742e-16,1.2263184556938742e-16
2.7399999999999998e-10,2.7400000000000000e+02,0.0000000000000000e+00,0.0000000000000000e+00,9.6833580123948250e-17,9.6833580123948250e-17
2.7499999999999998e-10,2.7500000000000000e+02,0.0000000000000000e+00,0.0000000000000000e+00,1.0332263489485390e-16,1.0332263489485390e-16
2.7599999999999998e-10,2.7600000000000000e+02,0.0000000000000000e+00,0.0000000000000000e+00,1.0375405470352934e-16,1.0375405470352934e-16
2.7699999999999997e-10,2.7700000000000000e+02,0.0000000000000000e+00,0.0000000000000000e+00,8.7929308852714578e-17,8.7929308852714578e-17
2.7799999999999997e-10,2.7800000000000000e+02,0.0000000000000000e+00,0.0000000000000000e+00,8.1060513199326646e-17,8.1060513199326646e-17
2.7900000000000002e-10,2.7900000000000000e+02,0.0000000000000000e+00,0.0000000000000000e+00,1.1013069645153276e-16,1.1013069645153276e-16
2.8000000000000002e-10,2.8000000000000000e+02,0.0000000000000000e+00,0.0000000000000000e+00,7.0020527424626146e-17,7.0020527424626146e-17
2.8100000000000001e-10,2.8100000000000000e+02,0.0000000000000000e+00,0.0000000000000000e+00,6.2771661426713956e-17,6.2771661426713956e-17
2.8200000000000001e-10,2.8200000000000000e+02,0.0000000000000000e+00,0.0000000000000000e+00,6.6733683082118363e-17,6.6733683082118363e-17
2.8300000000000001e-10,2.8300000000000000e+02,0.0000000000000000e+00,0.0000000000000000e+00,5.0075483644910925e-17,5.0075483644910925e-17
2.8400000000000000e-10,2.8400000000000000e+02,0.0000000000000000e+00,0.0000000000000000e+00,4.9413950941583553e-17,4.9413950941583553e-17
2.8500000000000000e-10,2.8500000000000000e+02,0.0000000000000000e+00,0.0000000000000000e+00,1.6472723356692669e-17,1.6472723356692669e-17
2.8599999999999999e-10,2.8600000000000000e+02,0.0000000000000000e+00,0.0000000000000000e+00,1.8559964334160529e-17,1.8559964334160529e-17
2.8699999999999999e-10,2.8700000000000000e+02,0.0000000000000000e+00,0.0000000000000000e+00,2.8427435936632105e-17,2.8427435936632105e-17
2.8799999999999999e-10,2.8800000000000000e+02,0.0000000000000000e+00,0.0000000000000000e+00,8.8315252326057803e-18,8.8315252326057803e-18
2.8899999999999998e-10,2.8900000000000000e+02,0.0000000000000000e+00,0.0000000000000000e+00,-2.4783054750414672e-17,-2.4783054750414672e-17
2.8999999999999998e-10,2.9000000000000000e+02,0.0000000000000000e+00,0.0000000000000000e+00,-6.1060331684715967e-17,-6.1060331684715967e-17
2.9099999999999998e-10,2.9100000000000000e+02,0.0000000000000000e+00,0.0000000000000000e+00,-6.9177104167379169e-17,-6.9177104167379169e-17
2.9199999999999997e-10,2.9200000000000000e+02,0.0000000000000000e+00,0.0000000000000000e+00,-1.3056714041576041e-16,-1.3056714041576041e-16
2.9299999999999997e-10,2.9300000000000000e+02,0.0000000000000000e+00,0.0000000000000000e+00,-1.5606096223151550e-16,-1.5606096223151550e-16
2.9400000000000002e-10,2.9400000000000000e+02,0.0000000000000000e+00,0.0000000000000000e+00,-1.9362922231446827e-16,-1.9362922231446827e-16
2.9500000000000002e-10,2.9500000000000000e+02,0.0000000000000000e+00,0.0000000000000000e+00,-1.7458811020265259e-16,-1.7458811020265259e-16
2.9600000000000001e-10,2.9600000000000000e+02,0.0000000000000000e+00,0.0000000000000000e+00,-1.9919075668844416e-16,-1.9919075668844416e-16
2.9700000000000001e-10,2.9700000000000000e+02,0.0000000000000000e+00,0.0000000000000000e+00,-2.0040579247243230e-16,-2.0040579247243230e-16
2.9800000000000000e-10,2.9800000000000000e+02,0.0000000000000000e+00,0.0000000000000000e+00,-1.5305148158264605e-16,-1.5305148158264605e-16
2.9900000000000000e-10,2.9900000000000000e+02,0.0000000000000000e+00,0.0000000000000000e+00,-1.7842102007498735e-16,-1.7842102007498735e-16
3.0000000000000000e-10,3.0000000000000000e+02,0.0000000000000000e+00,0.0000000000000000e+00,-1.3672968369908937e-16,-1.3672968369908937e-16
3.0099999999999999e-10,3.0100000000000000e+02,0.0000000000000000e+00,0.0000000000000000e+00,-1.5494779906437533e-16,-1.5494779906437533e-16
3.0199999999999999e-10,3.0200000000000000e+02,0.0000000000000000e+00,0.0000000000000000e+00,-1.4691967693351833e-16,-1.4691967693351833e-16
3.0299999999999999e-10,3.0300000000000000e+02,0.0000000000000000e+00,0.0000000000000000e+00,-1.0613913148826424e-16,-1.0613913148826424e-16
3.0399999999999998e-10,3.0400000000000000e+02,0.0000000000000000e+00,0.0000000000000000e+00,-1.2618890142128457e-16,-1.2618890142128457e-16
3.0499999999999998e-10,3.0500000000000000e+02,0.0000000000000000e+00,0.0000000000000000e+00,-1.3532583004187299e-16,-1.3532583004187299e-16
3.0599999999999998e-10,3.0600000000000000e+02,0.0000000000000000e+00,0.0000000000000000e+00,-1.3321139777231848e-16,-1.3321139777231848e-16
3.0699999999999997e-10,3.0700000000000000e+02,0.0000000000000000e+00,0.0000000000000000e+00,-1.3779672127550593e-16,-1.3779672127550593e-16
3.0799999999999997e-10,3.0800000000000000e+02,0.0000000000000000e+00,0.0000000000000000e+00,-1.0424457484349920e-16,-1.0424457484349920e-16
3.0900000000000002e-10,3.0900000000000000e+02,0.0000000000000000e+00,0.0000000000000000e+00,-6.9309308711182115e-17,-6.9309308711182115e-17
3.1000000000000002e-10,3.1000000000000000e+02,0.0000000000000000e+00,0.0000000000000000e+00,-6.9576277271325980e-17,-6.9576277271325980e-17
3.1100000000000001e-10,3.1100000000000000e+02,0.0000000000000000e+00,0.0000000000000000e+00,-7.9442763863169577e-17,-7.9442763863169577e-17
3.1200000000000001e-10,3.1200000000000000e+02,0.0000000000000000e+00,0.0000000000000000e+00,-4.8391216124588877e-17,-4.8391216124588877e-17
3.1300000000000000e-10,3.1300000000000000e+02,0.0000000000000000e+00,0.0000000000000000e+00,-4.4816832750182365e-17,-4.4816832750182365e-17
3.1400000000000000e-10,3.1400000000000000e+02,0.0000000000000000e+00,0.0000000000000000e+00,-3.4434778181077338e-17,-3.4434778181077338e-17
3.1500000000000000e-10,3.1500000000000000e+02,0.0000000000000000e+00,0.0000000000000000e+00,-4.1692848053921338e-17,-4.1692848053921338e-17
3.1599999999999999e-10,3.1600000000000000e+02,0.0000000000000000e+00,0.0000000000000000e+00,-4.0312679307332393e-17,-4.0312679307332393e-17
3.1699999999999999e-10,3.1700000000000000e+02,0.0000000000000000e+00,0.0000000000000000e+00,3.9254897695508756e-18,3.9254897695508756e-18
3.1799999999999999e-10,3.1800000000000000e+02,0.0000000000000000e+00,0.0000000000000000e+00,4.0852283793962586e-17,4.0852283793962586e-17
3.1899999999999998e-10,3.1900000000000000e+02,0.0000000000000000e+00,0.0000000000000000e+00,5.4912111636739968e-17,5.4912111636739968e-17
3.1999999999999998e-10,3.2000000000000000e+02,0.0000000000000000e+00,0.0000000000000000e+00,4.2803797648668474e-17,4.2803797648668474e-17
3.2099999999999998e-10,3.2100000000000000e+02,0.0000000000000000e+00,0.0000000000000000e+00,4.3118875803724602e-17,4.3118875803724602e-17
3.2199999999999997e-10,3.2200000000000000e+02,0.0000000000000000e+00,0.0000000000000000e+00,9.4101843497253358e-17,9.4101843497253358e-17
3.2299999999999997e-10,3.2300000000000000e+02,0.0000000000000000e+00,0.0000000000000000e+00,6.3832487883823258e-17,6.3832487883823258e-17
3.2400000000000002e-10,3.2400000000000000e+02,0.0000000000000000e+00,0.0000000000000000e+00,8.4394408009219942e-17,8.4394408009219942e-17
3.2500000000000002e-10,3.2500000000000000e+02,0.0000000000000000e+00,0.0000000000000000e+00,1.0081652985761572e-16,1.0081652985761572e-16
3.2600000000000001e-10,3.2600000000000000e+02,0.0000000000000000e+00,0.0000000000000000e+00,1.0461860665345087e-16,1.0461860665345087e-16
3.2700000000000001e-10,3.2700000000000000e+02,0.0000000000000000e+00,0.0000000000000000e+00,9.4140700738522295e-17,9.4140700738522295e-17
3.2800000000000000e-10,3.2800000000000000e+02,0.0000000000000000e+00,0.0000000000000000e+00,6.8796391004574883e-17,6.8796391004574883e-17
3.2900000000000000e-10,3.2900000000000000e+02,0.0000000000000000e+00,0.0000000000000000e+00,3.3287084551127534e-17,3.3287084551127534e-17
3.3000000000000000e-10,3.3000000000000000e+02,0.0000000000000000e+00,0.0000000000000000e+00,7.6071234905910732e-17,7.6071234905910732e-17
3.3099999999999999e-10,3.3100000000000000e+02,0.0000000000000000e+00,0.0000000000000000e+00,4.0726686925120774e-17,4.0726686925120774e-17
3.3199999999999999e-10,3.3200000000000000e+02,0.0000000000000000e+00,0.0000000000000000e+00,1.7011017021172826e-17,1.7011017021172826e-17
3.3299999999999999e-10,3.3300000000000000e+02,0.0000000000000000e+00,0.0000000000000000e+00,-4.1714938250601560e-19,-4.1714938250601560e-19
3.3399999999999998e-10,3.3400000000000000e+02,0.0000000000000000e+00,0.0000000000000000e+00,1.5328517176096895e-17,1.5328517176096895e-17
3.3499999999999998e-10,3.3500000000000000e+02,0.0000000000000000e+00,0.0000000000000000e+00,-3.3062810566026981e-18,-3.3062810566026981e-18
3.3599999999999998e-10,3.3600000000000000e+02,0.0000000000000000e+00,0.0000000000000000e+00,-6.0104682323242255e-17,-6.0104682323242255e-17
3.3699999999999997e-10,3.3700000000000000e+02,0.0000000000000000e+00,0.0000000000000000e+00,-7.1483735009951799e-17,-7.1483735009951799e-17
3.3799999999999997e-10,3.3800000000000000e+02,0.0000000000000000e+00,0.0000000000000000e+00,-1.4094318892765655e-16,-1.4094318892765655e-16
3.3900000000000002e-10,3.3900000000000000e+02,0.0000000000000000e+00,0.0000000000000000e+00,-1.3622959047261431e-16,-1.3622959047261431e-16
3.4000000000000001e-10,3.4000000000000000e+02,0.0000000000000000e+00,0.0000000000000000e+00,-1.5683734523434177e-16,-1.5683734523434177e-16
3.4100000000000001e-10,3.4100000000000000e+02,0.0000000000000000e+00,0.0000000000000000e+00,-1.5096140187457159e-16,-1.5096140187457159e-16
3.4200000000000001e-10,3.4200000000000000e+02,0.0000000000000000e+00,0.0000000000000000e+00,-1.3949390843488585e-16,-1.3949390843488585e-16
3.4300000000000000e-10,3.4300000000000000e+02,0.0000000000000000e+00,0.0000000000000000e+00,-1.0920232119452987e-16,-1.0920232119452987e-16
3.4400000000000000e-10,3.4400000000000000e+02,0.0000000000000000e+00,0.0000000000000000e+00,-8.5292078346416835e-17,-8.5292078346416835e-17
3.4500000000000000e-10,3.4500000000000000e+02,0.0000000000000000e+00,0.0000000000000000e+00,-8.1847669114400135e-17,-8.1847669114400135e-17
3.4599999999999999e-10,3.4600000000000000e+02,0.0000000000000000e+00,0.0000000000000000e+00,-6.4300972735907155e-17,-6.4300972735907155e-17
3.4699999999999999e-10,3.4700000000000000e+02,0.0000000000000000e+00,0.0000000000000000e+00,-7.5248767705750765e-17,-7.5248767705750765e-17
3.4799999999999999e-10,3.4800000000000000e+02,0.0000000000000000e+00,0.0000000000000000e+00,-8.6257041290101015e-17,-8.6257041290101015e-17
3.4899999999999998e-10,3.4900000000000000e+02,0.0000000000000000e+00,0.0000000000000000e+00,-8.1185318083622556e-17,-8.1185318083622556e-17
3.4999999999999998e-10,3.5000000000000000e+02,0.0000000000000000e+00,0.0000000000000000e+00,-7.7237916979969830e-17,-7.7237916979969830e-17
3.5099999999999998e-10,3.5100000000000000e+02,0.0000000000000000e+00,0.0000000000000000e+00,-7.1140187865198977e-17,-7.1140187865198977e-17
3.5199999999999997e-10,3.5200000000000000e+02,0.0000000000000000e+00,0.0000000000000000e+00,-4.1948514998553209e-17,-4.1948514998553209e-17
3.5299999999999997e-10,3.5300000000000000e+02,0.0000000000000000e+00,0.0000000000000000e+00,-2.2535153399682984e-17,-2.2535153399682984e-17
3.5400000000000002e-10,3.5400000000000000e+02,0.0000000000000000e+00,0.0000000000000000e+00,-3.4175206599322322e-21,-3.4175206599322322e-21
3.5500000000000001e-10,3.5500000000000000e+02,0.0000000000000000e+00,0.0000000000000000e+00,5.4792439915733154e-17,5.4792439915733154e-17
3.5600000000000001e-10,3.5600000000000000e+02,0.0000000000000000e+00,0.0000000000000000e+00,8.7845359888964374e-17,8.7845359888964374e-17
3.5700000000000001e-10,3.5700000000000000e+02,0.0000000000000000e+00,0.0000000000000000e+00,7.0134455641744661e-17,7.0134455641744661e-17
3.5800000000000000e-10,3.5800000000000000e+02,0.0000000000000000e+00,0.0000000000000000e+00,1.2959391993696251e-16,1.2959391993696251e-16
3.5900000000000000e-10,3.5900000000000000e+02,0.0000000000000000e+00,0.0000000000000000e+00,7.8237910614219251e-17,7.8237910614219251e-17
3.6000000000000000e-10,3.6000000000000000e+02,0.0000000000000000e+00,0.0000000000000000e+00,9.5409132086965140e-17,9.5409132086965140e-17
3.6099999999999999e-10,3.6100000000000000e+02,0.0000000000000000e+00,0.0000000000000000e+00,6.9795797802852515e-17,6.9795797802852515e-17
3.6199999999999999e-10,3.6200000000000000e+02,0.0000000000000000e+00,0.0000000000000000e+00,6.7445782049415777e-17,6.7445782049415777e-17
3.6299999999999999e-10,3.6300000000000000e+02,0.0000000000000000e+00,0.0000000000000000e+00,4.5783644056157816e-17,4.5783644056157816e-17
3.6399999999999998e-10,3.6400000000000000e+02,0.0000000000000000e+00,0.0000000000000000e+00,5.8316198278749888e-17,5.8316198278749888e-17
3.6499999999999998e-10,3.6500000000000000e+02,0.0000000000000000e+00,0.0000000000000000e+00,6.0904694535028946e-17,6.0904694535028946e-17
3.6599999999999998e-10,3.6600000000000000e+02,0.0000000000000000e+00,0.0000000000000000e+00,6.4597381540834263e-17,6.4597381540834263e-17
3.6699999999999997e-10,3.6700000000000000e+02,0.0000000000000000e+00,0.0000000000000000e+00,8.5639159331980211e-17,8.5639159331980211e-17
3.6799999999999997e-10,3.6800000000000000e+02,0.0000000000000000e+00,0.0000000000000000e+00,1.1650877069917331e-16,1.1650877069917331e-16
3.6900000000000002e-10,3.6900000000000000e+02,0.0000000000000000e+00,0.0000000000000000e+00,1.0087531845428038e-16,1.0087531845428038e-16
3.7000000000000001e-10,3.7000000000000000e+02,0.0000000000000000e+00,0.0000000000000000e+00,1.0593828823867931e-16,1.0593828823867931e-16
3.7100000000000001e-10,3.7100000000000000e+02,0.0000000000000000e+00,0.0000000000000000e+00,6.7667106262459147e-17,6.7667106262459147e-17
3.7200000000000001e-10,3.7200000000000000e+02,0.0000000000000000e+00,0.0000000000000000e+00,3.8589912300094036e-17,3.8589912300094036e-17
3.7300000000000000e-10,3.7300000000000000e+02,0.0000000000000000e+00,0.0000000000000000e+00,2.5304007646947831e-17,2.5304007646947831e-17
3.7400000000000000e-10,3.7400000000000000e+02,0.0000000000000000e+00,0.0000000000000000e+00,4.1497628399563868e-17,4.1497628399563868e-17
3.7500000000000000e-10,3.7500000000000000e+02,0.0000000000000000e+00,0.0000000000000000e+00,-2.8142903074681990e-17,-2.8142903074681990e-17
3.7599999999999999e-10,3.7600000000000000e+02,0.0000000000000000e+00,0.0000000000000000e+00,-3.3243637008395797e-17,-3.3243637008395797e-17
3.7699999999999999e-10,3.7700000000000000e+02,0.0000000000000000e+00,0.0000000000000000e+00,-4.5883364838751769e-17,-4.5883364838751769e-17
3.7799999999999999e-10,3.7800000000000000e+02,0.0000000000000000e+00,0.0000000000000000e+00,-7.3539715555604458e-17,-7.3539715555604458e-17
3.7899999999999998e-10,3.7900000000000000e+02,0.0000000000000000e+00,0.0000000000000000e+00,-3.9902839238383157e-17,-3.9902839238383157e-17
3.7999999999999998e-10,3.8000000000000000e+02,0.0000000000000000e+00,0.0000000000000000e+00,-5.8590021074061600e-17,-5.8590021074061600e-17
3.8099999999999998e-10,3.8100000000000000e+02,0.0000000000000000e+00,0.0000000000000000e+00,-4.9912219799779042e-17,-4.9912219799779042e-17
3.8199999999999997e-10,3.8200000000000000e+02,0.0000000000000000e+00,0.0000000000000000e+00,-4.6025317489903281e-17,-4.6025317489903281e-17
3.8299999999999997e-10,3.8300000000000000e+02,0.0000000000000000e+00,0.0000000000000000e+00,-4.8651320777617396e-17,-4.8651320777617396e-17
3.8400000000000002e-10,3.8400000000000000e+02,0.0000000000000000e+00,0.0000000000000000e+00,-3.9429143925051588e-17,-3.9429143925051588e-17
3.8500000000000001e-10,3.8500000000000000e+02,0.0000000000000000e+00,0.0000000000000000e+00,-2.1637337116188361e-17,-2.1637337116188361e-17
3.8600000000000001e-10,3.8600000000000000e+02,0.0000000000000000e+00,0.0000000000000000e+00,9.7470827547617399e-18,9.7470827547617399e-18
3.8700000000000001e-10,3.8700000000000000e+02,0.0000000000000000e+00,0.0000000000000000e+00,-5.3507530004187055e-18,-5.3507530004187055e-18
3.8800000000000000e-10,3.8800000000000000e+02,0.0000000000000000e+00,0.0000000000000000e+00,2.7784591413291007e-17,2.7784591413291007e-17
3.8900000000000000e-10,3.8900000000000000e+02,0.0000000000000000e+00,0.0000000000000000e+00,1.6930962460382953e-17,1.6930962460382953e-17
3.9000000000000000e-10,3.9000000000000000e+02,0.0000000000000000e+00,0.0000000000000000e+00,1.5121480303073807e-17,1.5121480303073807e-17
3.9099999999999999e-10,3.9100000000000000e+02,0.0000000000000000e+00,0.0000000000000000e+00,1.3306492239129868e-18,1.3306492239129868e-18
3.9199999999999999e-10,3.9200000000000000e+02,0.0000000000000000e+00,0.0000000000000000e+00,4.5037607923210157e-17,4.5037607923210157e-17
3.9299999999999999e-10,3.9300000000000000e+02,0.0000000000000000e+00,0.0000000000000000e+00,1.8142842120242924e-17,1.8142842120242924e-17
3.9399999999999998e-10,3.9400000000000000e+02,0.0000000000000000e+00,0.0000000000000000e+00,3.4679602973741259e-17,3.4679602973741259e-17
3.9499999999999998e-10,3.9500000000000000e+02,0.0000000000000000e+00,0.0000000000000000e+00,5.3674913317238878e-17,5.3674913317238878e-17
3.9599999999999998e-10,3.9600000000000000e+02,0.0000000000000000e+00,0.0000000000000000e+00,6.4077506007377191e-17,6.4077506007377191e-17
3.9699999999999997e-10,3.9700000000000000e+02,0.0000000000000000e+00,0.0000000000000000e+00,5.7740353172286530e-17,5.7740353172286530e-17
3.9799999999999997e-10,3.9800000000000000e+02,0.0000000000000000e+00,0.0000000000000000e+00,9.8347950021729208e-17,9.8347950021729208e-17
3.9899999999999997e-10,3.9900000000000000e+02,0.0000000000000000e+00,0.0000000000000000e+00,5.6720990321215441e-17,5.6720990321215441e-17
4.0000000000000001e-10,4.0000000000000000e+02,0.0000000000000000e+00,0.0000000000000000e+00,9.7954750810422472e-17,9.7954750810422472e-17
4.0100000000000001e-10,4.0100000000000000e+02,0.0000000000000000e+00,0.0000000000000000e+00,1.0729363903123683e-16,1.0729363903123683e-16
4.0200000000000001e-10,4.0200000000000000e+02,0.0000000000000000e+00,0.0000000000000000e+00,1.0594937819408093e-16,1.0594937819408093e-16
4.0300000000000000e-10,4.0300000000000000e+02,0.0000000000000000e+00,0.0000000000000000e+00,3.1716711492097506e-17,3.1716711492097506e-17
4.0400000000000000e-10,4.0400000000000000e+02,0.0000000000000000e+00,0.0000000000000000e+00,1.1266347159822725e-16,1.1266347159822725e-16
4.0500000000000000e-10,4.0500000000000000e+02,0.0000000000000000e+00,0.0000000000000000e+00,1.1601733425924405e-16,1.1601733425924405e-16
4.0599999999999999e-10,4.0600000000000000e+02,0.0000000000000000e+00,0.0000000000000000e+00,1.2560571029907139e-16,1.2560571029907139e-16
4.0699999999999999e-10,4.0700000000000000e+02,0.0000000000000000e+00,0.0000000000000000e+00,4.5022691302966819e-17,4.5022691302966819e-17
4.0799999999999999e-10,4.0800000000000000e+02,0.0000000000000000e+00,0.0000000000000000e+00,4.0897646349756270e-17,4.0897646349756270e-17
4.0899999999999998e-10,4.0900000000000000e+02,0.0000000000000000e+00,0.0000000000000000e+00,5.0698819987784242e-17,5.0698819987784242e-17
4.0999999999999998e-10,4.1000000000000000e+02,0.0000000000000000e+00,0.0000000000000000e+00,1.0708558432038095e-16,1.0708558432038095e-16
4.1099999999999998e-10,4.1100000000000000e+02,0.0000000000000000e+00,0.0000000000000000e+00,9.8983154924625161e-17,9.8983154924625161e-17
4.1199999999999997e-10,4.1200000000000000e+02,0.0000000000000000e+00,0.0000000000000000e+00,1.1757543765402363e-16,1.1757543765402363e-16
4.1299999999999997e-10,4.1300000000000000e+02,0.0000000000000000e+00,0.0000000000000000e+00,1.3060871540781377e-16,1.3060871540781377e-16
4.1399999999999997e-10,4.1400000000000000e+02,0.0000000000000000e+00,0.0000000000000000e+00,1.6441807785188055e-16,1.6441807785188055e-16
4.1500000000000001e-10,4.1500000000000000e+02,0.0000000000000000e+00,0.0000000000000000e+00,1.4132069840361245e-16,1.4132069840361245e-16
4.1600000000000001e-10,4.1600000000000000e+02,0.0000000000000000e+00,0.0000000000000000e+00,1.7699759635637874e-16,1.7699759635637874e-16
4.1700000000000001e-10,4.1700000000000000e+02,0.0000000000000000e+00,0.0000000000000000e+00,1.4329709821083089e-16,1.4329709821083089e-16
4.1800000000000000e-10,4.1800000000000000e+02,0.0000000000000000e+00,0.0000000000000000e+00,1.0290872934948781e-16,1.0290872934948781e-16
4.1900000000000000e-10,4.1900000000000000e+02,0.0000000000000000e+00,0.0000000000000000e+00,8.5639750174978931e-17,8.5639750174978931e-17
4.2000000000000000e-10,4.2000000000000000e+02,0.0000000000000000e+00,0.0000000000000000e+00,9.1892859765471052e-17,9.1892859765471052e-17
4.2099999999999999e-10,4.2100000000000000e+02,0.0000000000000000e+00,0.0000000000000000e+00,1.0169795766313643e-16,1.0169795766313643e-16
4.2199999999999999e-10,4.2200000000000000e+02,0.0000000000000000e+00,0.0000000000000000e+00,1.2917139060487156e-16,1.2917139060487156e-16
4.2299999999999999e-10,4.2300000000000000e+02,0.0000000000000000e+00,0.0000000000000000e+00,1.6849596725042760e-16,1.6849596725042760e-16
4.2399999999999998e-10,4.2400000000000000e+02,0.0000000000000000e+00,0.0000000000000000e+00,8.7455836340215963e-17,8.7455836340215963e-17
4.2499999999999998e-10,4.2500000000000000e+02,0.0000000000000000e+00,0.0000000000000000e+00,3.1027344312801528e-17,3.1027344312801528e-17
4.2599999999999998e-10,4.2600000000000000e+02,0.0000000000000000e+00,0.0000000000000000e+00,3.4894905325823913e-17,3.4894905325823913e-17
4.2699999999999997e-10,4.2700000000000000e+02,0.0000000000000000e+00,0.0000000000000000e+00,3.9878540647698725e-17,3.9878540647698725e-17
4.2799999999999997e-10,4.2800000000000000e+02,0.0000000000000000e+00,0.0000000000000000e+00,8.7746843562839124e-17,8.7746843562839124e-17
4.2899999999999997e-10,4.2900000000000000e+02,0.0000000000000000e+00,0.0000000000000000e+00,4.5335619185321872e-17,4.5335619185321872e-17
4.3000000000000001e-10,4.3000000000000000e+02,0.0000000000000000e+00,0.0000000000000000e+00,2.1093648457766888e-17,2.1093648457766888e-17
4.3100000000000001e-10,4.3100000000000000e+02,0.0000000000000000e+00,0.0000000000000000e+00,-2.1774136958250095e-17,-2.1774136958250095e-17
4.3200000000000001e-10,4.3200000000000000e+02,0.0000000000000000e+00,0.0000000000000000e+00,2.9859311040821612e-17,2.9859311040821612e-17
4.3300000000000000e-10,4.3300000000000000e+02,0.0000000000000000e+00,0.0000000000000000e+00,-2.4956797433148996e-17,-2.4956797433148996e-17
4.3400000000000000e-10,4.3400000000000000e+02,0.0000000000000000e+00,0.0000000000000000e+00,-1.2613926408993641e-17,-1.2613926408993641e-17
4.3500000000000000e-10,4.3500000000000000e+02,0.0000000000000000e+00,0.0000000000000000e+00,-7.0674915239074466e-17,-7.0674915239074466e-17
4.3599999999999999e-10,4.3600000000000000e+02,0.0000000000000000e+00,0.0000000000000000e+00,-5.4988131664135629e-17,-5.4988131664135629e-17
4.3699999999999999e-10,4.3700000000000000e+02,0.0000000000000000e+00,0.0000000000000000e+00,-5.7099934159323289e-17,-5.7099934159323289e-17
4.3799999999999999e-10,4.3800000000000000e+02,0.0000000000000000e+00,0.0000000000000000e+00,1.7778194398290817e-17,1.7778194398290817e-17
4.3899999999999998e-10,4.3900000000000000e+02,0.0000000000000000e+00,0.0000000000000000e+00,-2.1159789900506803e-17,-2.1159789900506803e-17
4.3999999999999998e-10,4.4000000000000000e+02,0.0000000000000000e+00,0.0000000000000000e+00,2.2318439705602144e-17,2.2318439705602144e-17
4.4099999999999998e-10,4.4100000000000000e+02,0.0000000000000000e+00,0.0000000000000000e+00,-4.7832796605420363e-17,-4.7832796605420363e-17
4.4199999999999997e-10,4.4200000000000000e+02,0.0000000000000000e+00,0.0000000000000000e+00,-1.9235576848592118e-17,-1.9235576848592118e-17
4.4299999999999997e-10,4.4300000000000000e+02,0.0000000000000000e+00,0.0000000000000000e+00,-1.1205757800655493e-16,-1.1205757800655493e-16
4.4399999999999997e-10,4.4400000000000000e+02,0.0000000000000000e+00,0.0000000000000000e+00,-7.1692548049661685e-17,-7.1692548049661685e-17
4.4500000000000001e-10,4.4500000000000000e+02,0.0000000000000000e+00,0.0000000000000000e+00,-1.2682758763106741e-16,-1.2682758763106741e-16
4.4600000000000001e-10,4.4600000000000000e+02,0.0000000000000000e+00,0.0000000000000000e+00,-8.0745781919984326e-17,-8.0745781919984326e-17
4.4700000000000001e-10,4.4700000000000000e+02,0.0000000000000000e+00,0.0000000000000000e+00,-9.9710692439236555e-17,-9.9710692439236555e-17
4.4800000000000000e-10,4.4800000000000000e+02,0.0000000000000000e+00,0.0000000000000000e+00,-3.7446690179731839e-17,-3.7446690179731839e-17
4.4900000000000000e-10,4.4900000000000000e+02,0.0000000000000000e+00,0.0000000000000000e+00,-7.3863950548448553e-17,-7.3863950548448553e-17
4.5000000000000000e-10,4.5000000000000000e+02,0.0000000000000000e+00,0.0000000000000000e+00,4.4327540139893903e-17,4.4327540139893903e-17
4.5099999999999999e-10,4.5100000000000000e+02,0.0000000000000000e+00,0.0000000000000000e+00,-4.2641038814129454e-17,-4.2641038814129454e-17
4.5199999999999999e-10,4.5200000000000000e+02,0.0000000000000000e+00,0.0000000000000000e+00,3.7244368002885859e-17,3.7244368002885859e-17
4.5299999999999999e-10,4.5300000000000000e+02,0.0000000000000000e+00,0.0000000000000000e+00,2.8850727744181461e-17,2.8850727744181461e-17
4.5399999999999998e-10,4.5400000000000000e+02,0.0000000000000000e+00,0.0000000000000000e+00,2.7467915595520701e-17,2.7467915595520701e-17
4.5499999999999998e-10,4.5500000000000000e+02,0.0000000000000000e+00,0.0000000000000000e+00,2.0716122368636435e-17,2.0716122368636435e-17
4.5599999999999998e-10,4.5600000000000000e+02,0.0000000000000000e+00,0.0000000000000000e+00,6.1768017983802763e-17,6.1768017983802763e-17
4.5699999999999997e-10,4.5700000000000000e+02,0.0000000000000000e+00,0.0000000000000000e+00,6.3628492439671898e-17,6.3628492439671898e-17
4.5799999999999997e-10,4.5800000000000000e+02,0.0000000000000000e+00,0.0000000000000000e+00,1.1346492527655459e-16,1.1346492527655459e-16
4.5899999999999997e-10,4.5900000000000000e+02,0.0000000000000000e+00,0.0000000000000000e+00,1.0830865975876476e-16,1.0830865975876476e-16
4.6000000000000001e-10,4.6000000000000000e+02,0.0000000000000000e+00,0.0000000000000000e+00,1.4575763497532407e-16,1.4575763497532407e-16
4.6100000000000001e-10,4.6100000000000000e+02,0.0000000000000000e+00,0.0000000000000000e+00,1.4906946229055676e-16,1.4906946229055676e-16
4.6200000000000001e-10,4.6200000000000000e+02,0.0000000000000000e+00,0.0000000000000000e+00,2.1237460338150312e-16,2.1237460338150312e-16
4.6300000000000000e-10,4.6300000000000000e+02,0.0000000000000000e+00,0.0000000000000000e+00,1.5119610953873531e-16,1.5119610953873531e-16
4.6400000000000000e-10,4.6400000000000000e+02,0.0000000000000000e+00,0.0000000000000000e+00,1.9011057149209391e-16,1.9011057149209391e-16
4.6500000000000000e-10,4.6500000000000000e+02,0.0000000000000000e+00,0.0000000000000000e+00,1.1145535915942767e-16,1.1145535915942767e-16
4.6599999999999994e-10,4.6600000000000000e+02,0.0000000000000000e+00,0.0000000000000000e+00,1.5717203466475591e-16,1.5717203466475591e-16
4.6700000000000004e-10,4.6700000000000000e+02,0.0000000000000000e+00,0.0000000000000000e+00,3.7389212270753775e-17,3.7389212270753775e-17
4.6800000000000004e-10,4.6800000000000000e+02,0.0000000000000000e+00,0.0000000000000000e+00,9.3401987791260276e-17,9.3401987791260276e-17
4.6900000000000003e-10,4.6900000000000000e+02,0.0000000000000000e+00,0.0000000000000000e+00,5.0394344537212024e-17,5.0394344537212024e-17
4.7000000000000003e-10,4.7000000000000000e+02,0.0000000000000000e+00,0.0000000000000000e+00,1.0647735633083918e-16,1.0647735633083918e-16
4.7100000000000003e-10,4.7100000000000000e+02,0.0000000000000000e+00,0.0000000000000000e+00,6.5758647838751915e-17,6.5758647838751915e-17
4.7200000000000002e-10,4.7200000000000000e+02,0.0000000000000000e+00,0.0000000000000000e+00,1.3444412036082411e-16,1.3444412036082411e-16
4.7300000000000002e-10,4.7300000000000000e+02,0.0000000000000000e+00,0.0000000000000000e+00,-2.9042929755143278e-17,-2.9042929755143278e-17
4.7400000000000002e-10,4.7400000000000000e+02,0.0000000000000000e+00,0.0000000000000000e+00,1.0567409053092235e-16,1.0567409053092235e-16
4.7500000000000001e-10,4.7500000000000000e+02,0.0000000000000000e+00,0.0000000000000000e+00,-9.0606465895002426e-17,-9.0606465895002426e-17
4.7600000000000001e-10,4.7600000000000000e+02,0.0000000000000000e+00,0.0000000000000000e+00,4.5011502028268966e-17,4.5011502028268966e-17
4.7700000000000001e-10,4.7700000000000000e+02,0.0000000000000000e+00,0.0000000000000000e+00,-2.0542275067421303e-16,-2.0542275067421303e-16
4.7800000000000000e-10,4.7800000000000000e+02,0.0000000000000000e+00,0.0000000000000000e+00,-1.0895653276016840e-16,-1.0895653276016840e-16
4.7900000000000000e-10,4.7900000000000000e+02,0.0000000000000000e+00,0.0000000000000000e+00,-3.8611071464764250e-16,-3.8611071464764250e-16
4.8000000000000000e-10,4.8000000000000000e+02,0.0000000000000000e+00,0.0000000000000000e+00,-1.5949080596358557e-16,-1.5949080596358557e-16
4.8099999999999999e-10,4.8100000000000000e+02,0.0000000000000000e+00,0.0000000000000000e+00,-3.8280319759698753e-16,-3.8280319759698753e-16
4.8199999999999999e-10,4.8200000000000000e+02,0.0000000000000000e+00,0.0000000000000000e+00,-1.5858789700658909e-16,-1.5858789700658909e-16
4.8299999999999999e-10,4.8300000000000000e+02,0.0000000000000000e+00,0.0000000000000000e+00,-3.7316531510783824e-16,-3.7316531510783824e-16
4.8399999999999998e-10,4.8400000000000000e+02,0.0000000000000000e+00,0.0000000000000000e+00,-1.2562737257567312e-16,-1.2562737257567312e-16
4.8499999999999998e-10,4.8500000000000000e+02,0.0000000000000000e+00,0.0000000000000000e+00,-4.2061854654413358e-16,-4.2061854654413358e-16
4.8599999999999998e-10,4.8600000000000000e+02,0.0000000000000000e+00,0.0000000000000000e+00,-1.3387924393358840e-16,-1.3387924393358840e-16
4.8699999999999997e-10,4.8700000000000000e+02,0.0000000000000000e+00,0.0000000000000000e+00,-5.6003754512710371e-16,-5.6003754512710371e-16
4.8799999999999997e-10,4.8800000000000000e+02,0.0000000000000000e+00,0.0000000000000000e+00,-2.2728763293480142e-16,-2.2728763293480142e-16
4.8899999999999997e-10,4.8900000000000000e+02,0.0000000000000000e+00,0.0000000000000000e+00,-7.8031548077827099e-16,-7.8031548077827099e-16
4.8999999999999996e-10,4.9000000000000000e+02,0.0000000000000000e+00,0.0000000000000000e+00,-3.2538632897952245e-16,-3.2538632897952245e-16
4.9099999999999996e-10,4.9100000000000000e+02,0.0000000000000000e+00,0.0000000000000000e+00,-7.9652829986275946e-16,-7.9652829986275946e-16
4.9199999999999996e-10,4.9200000000000000e+02,0.0000000000000000e+00,0.0000000000000000e+00,1.3864193450064663e-16,1.3864193450064663e-16
4.9299999999999995e-10,4.9300000000000000e+02,0.0000000000000000e+00,0.0000000000000000e+00,-1.9647719861640892e-16,-1.9647719861640892e-16
4.9399999999999995e-10,4.9400000000000000e+02,0.0000000000000000e+00,0.0000000000000000e+00,1.3166518348683895e-15,1.3166518348683895e-15
4.9499999999999995e-10,4.9500000000000000e+02,0.0000000000000000e+00,0.0000000000000000e+00,6.8073251597511260e-16,6.8073251597511260e-16
4.9599999999999994e-10,4.9600000000000000e+02,0.0000000000000000e+00,0.0000000000000000e+00,2.5513003117877980e-15,2.5513003117877980e-15
4.9700000000000004e-10,4.9700000000000000e+02,0.0000000000000000e+00,0.0000000000000000e+00,6.2333919381463604e-16,6.2333919381463604e-16
4.9800000000000004e-10,4.9800000000000000e+02,0.0000000000000000e+00,0.0000000000000000e+00,2.6721800526190813e-15,2.6721800526190813e-15
4.9900000000000003e-10,4.9900000000000000e+02,0.0000000000000000e+00,0.0000000000000000e+00,-4.5702291234186607e-15,-4.5702291234186607e-15
5.0000000000000003e-10,5.0000000000000000e+02,0.0000000000000000e+00,0.0000000000000000e+00,-1.4610389378471702e-16,-1.4610389378471702e-16
5.0100000000000003e-10,5.0100000000000000e+02,0.0000000000000000e+00,1.2500000000000001e-02,1.2500000000005129e-02,5.1278425949874418e-15
5.0200000000000002e-10,5.0200000000000000e+02,0.0000000000000000e+00,2.5000000000000001e-02,2.4999999999996969e-02,-3.0322966360074588e-15
5.0300000000000002e-10,5.0300000000000000e+02,0.0000000000000000e+00,3.7500000000000006e-02,3.7499999999999881e-02,-1.2490009027033011e-16
5.0400000000000002e-10,5.0400000000000000e+02,0.0000000000000000e+00,5.0000000000000003e-02,4.9999999999996970e-02,-3.0322966360074588e-15
5.0500000000000001e-10,5.0500000000000000e+02,0.0000000000000000e+00,6.2500000000000000e-02,6.2499999999999750e-02,-2.4980018054066022e-16
5.0600000000000001e-10,5.0600000000000000e+02,0.0000000000000000e+00,7.5000000000000011e-02,7.4999999999998193e-02,-1.8179902028236938e-15
5.0700000000000001e-10,5.0700000000000000e+02,0.0000000000000000e+00,8.7500000000000008e-02,8.7500000000000758e-02,7.4940054162198066e-16
5.0800000000000000e-10,5.0800000000000000e+02,0.0000000000000000e+00,1.0000000000000001e-01,9.9999999999999450e-02,-5.5511151231257827e-16
5.0900000000000000e-10,5.0900000000000000e+02,0.0000000000000000e+00,1.1250000000000000e-01,1.1250000000000149e-01,1.4849232954361469e-15
5.1000000000000000e-10,5.1000000000000000e+02,0.0000000000000000e+00,1.2500000000000000e-01,1.2499999999999989e-01,-1.1102230246251565e-16
5.1099999999999999e-10,5.1100000000000000e+02,0.0000000000000000e+00,1.3750000000000001e-01,1.3750000000000145e-01,1.4432899320127035e-15
5.1199999999999999e-10,5.1200000000000000e+02,0.0000000000000000e+00,1.5000000000000002e-01,1.4999999999999933e-01,-6.9388939039072284e-16
5.1299999999999999e-10,5.1300000000000000e+02,0.0000000000000000e+00,1.6250000000000001e-01,1.6250000000000064e-01,6.3837823915946501e-16
5.1399999999999998e-10,5.1400000000000000e+02,0.0000000000000000e+00,1.7500000000000002e-01,1.7499999999999810e-01,-1.9151347174783950e-15
5.1499999999999998e-10,5.1500000000000000e+02,0.0000000000000000e+00,1.8750000000000000e-01,1.8749999999999967e-01,-3.3306690738754696e-16
5.1599999999999998e-10,5.1600000000000000e+02,0.0000000000000000e+00,2.0000000000000001e-01,1.9999999999999687e-01,-3.1363800445660672e-15
5.1699999999999997e-10,5.1700000000000000e+02,0.0000000000000000e+00,2.1250000000000002e-01,2.1249999999999974e-01,-2.7755575615628914e-16
5.1799999999999997e-10,5.1800000000000000e+02,0.0000000000000000e+00,2.2500000000000001e-01,2.2499999999999687e-01,-3.1363800445660672e-15
5.1899999999999997e-10,5.1900000000000000e+02,0.0000000000000000e+00,2.3750000000000002e-01,2.3750000000000504e-01,5.0237591864288333e-15
5.1999999999999996e-10,5.2000000000000000e+02,0.0000000000000000e+00,2.5000000000000000e-01,2.4999999999999972e-01,-2.7755575615628914e-16
5.2099999999999996e-10,5.2100000000000000e+02,0.0000000000000000e+00,2.5000000000000000e-01,2.4999999999999534e-01,-4.6629367034256575e-15
5.2199999999999996e-10,5.2200000000000000e+02,0.0000000000000000e+00,2.5000000000000000e-01,2.5000000000000255e-01,2.5535129566378600e-15
5.2299999999999995e-10,5.2300000000000000e+02,0.0000000000000000e+00,2.5000000000000000e-01,2.5000000000000044e-01,4.4408920985006262e-16
5.2399999999999995e-10,5.2400000000000000e+02,0.0000000000000000e+00,2.5000000000000000e-01,2.5000000000000233e-01,2.3314683517128287e-15
5.2499999999999994e-10,5.2500000000000000e+02,0.0000000000000000e+00,2.5000000000000000e-01,2.5000000000000056e-01,5.5511151231257827e-16
5.2599999999999994e-10,5.2600000000000000e+02,0.0000000000000000e+00,2.5000000000000000e-01,2.5000000000000117e-01,1.1657341758564144e-15
5.2699999999999994e-10,5.2700000000000000e+02,0.0000000000000000e+00,2.5000000000000000e-01,2.4999999999999961e-01,-3.8857805861880479e-16
5.2800000000000004e-10,5.2800000000000000e+02,0.0000000000000000e+00,2.5000000000000000e-01,2.4999999999999994e-01,-5.5511151231257827e-17
5.2900000000000003e-10,5.2900000000000000e+02,0.0000000000000000e+00,2.5000000000000000e-01,2.4999999999999911e-01,-8.8817841970012523e-16
5.3000000000000003e-10,5.3000000000000000e+02,0.0000000000000000e+00,2.5000000000000000e-01,2.4999999999999956e-01,-4.4408920985006262e-16
5.3100000000000003e-10,5.3100000000000000e+02,0.0000000000000000e+00,2.5000000000000000e-01,2.4999999999999917e-01,-8.3266726846886741e-16
5.3200000000000002e-10,5.3200000000000000e+02,0.0000000000000000e+00,2.5000000000000000e-01,2.4999999999999972e-01,-2.7755575615628914e-16
5.3300000000000002e-10,5.3300000000000000e+02,0.0000000000000000e+00,2.5000000000000000e-01,2.4999999999999942e-01,-5.8286708792820718e-16
5.3400000000000002e-10,5.3400000000000000e+02,0.0000000000000000e+00,2.5000000000000000e-01,2.4999999999999989e-01,-1.1102230246251565e-16
5.3500000000000001e-10,5.3500000000000000e+02,0.0000000000000000e+00,2.5000000000000000e-01,2.4999999999999967e-01,-3.3306690738754696e-16
5.3600000000000001e-10,5.3600000000000000e+02,0.0000000000000000e+00,2.5000000000000000e-01,2.4999999999999994e-01,-5.5511151231257827e-17
5.3700000000000001e-10,5.3700000000000000e+02,0.0000000000000000e+00,2.5000000000000000e-01,2.4999999999999972e-01,-2.7755575615628914e-16
5.3800000000000000e-10,5.3800000000000000e+02,0.0000000000000000e+00,2.5000000000000000e-01,2.4999999999999989e-01,-1.1102230246251565e-16
5.3900000000000000e-10,5.3900000000000000e+02,0.0000000000000000e+00,2.5000000000000000e-01,2.4999999999999972e-01,-2.7755575615628914e-16
5.4000000000000000e-10,5.4000000000000000e+02,0.0000000000000000e+00,2.5000000000000000e-01,2.4999999999999989e-01,-1.1102230246251565e-16
5.4099999999999999e-10,5.4100000000000000e+02,0.0000000000000000e+00,2.5000000000000000e-01,2.4999999999999978e-01,-2.2204460492503131e-16
5.4199999999999999e-10,5.4200000000000000e+02,0.0000000000000000e+00,2.5000000000000000e-01,2.4999999999999997e-01,-2.7755575615628914e-17
5.4299999999999999e-10,5.4300000000000000e+02,0.0000000000000000e+00,2.5000000000000000e-01,2.4999999999999997e-01,-2.7755575615628914e-17
5.4399999999999998e-10,5.4400000000000000e+02,0.0000000000000000e+00,2.5000000000000000e-01,2.5000000000000022e-01,2.2204460492503131e-16
5.4499999999999998e-10,5.4500000000000000e+02,0.0000000000000000e+00,2.5000000000000000e-01,2.5000000000000011e-01,1.1102230246251565e-16
5.4599999999999998e-10,5.4600000000000000e+02,0.0000000000000000e+00,2.5000000000000000e-01,2.5000000000000033e-01,3.3306690738754696e-16
5.4699999999999997e-10,5.4700000000000000e+02,0.0000000000000000e+00,2.5000000000000000e-01,2.5000000000000022e-01,2.2204460492503131e-16
5.4799999999999997e-10,5.4800000000000000e+02,0.0000000000000000e+00,2.5000000000000000e-01,2.5000000000000033e-01,3.3306690738754696e-16
5.4899999999999997e-10,5.4900000000000000e+02,0.0000000000000000e+00,2.5000000000000000e-01,2.5000000000000033e-01,3.3306690738754696e-16
5.4999999999999996e-10,5.5000000000000000e+02,0.0000000000000000e+00,2.5000000000000000e-01,2.5000000000000028e-01,2.7755575615628914e-16
5.5099999999999996e-10,5.5100000000000000e+02,0.0000000000000000e+00,2.5000000000000000e-01,2.5000000000000028e-01,2.7755575615628914e-16
5.5199999999999995e-10,5.5200000000000000e+02,0.0000000000000000e+00,2.5000000000000000e-01,2.5000000000000022e-01,2.2204460492503131e-16
5.5299999999999995e-10,5.5300000000000000e+02,0.0000000000000000e+00,2.5000000000000000e-01,2.5000000000000022e-01,2.2204460492503131e-16
5.5399999999999995e-10,5.5400000000000000e+02,0.0000000000000000e+00,2.5000000000000000e-01,2.5000000000000022e-01,2.2204460492503131e-16
5.5499999999999994e-10,5.5500000000000000e+02,0.0000000000000000e+00,2.5000000000000000e-01,2.5000000000000022e-01,2.2204460492503131e-16
5.5599999999999994e-10,5.5600000000000000e+02,0.0000000000000000e+00,2.5000000000000000e-01,2.5000000000000022e-01,2.2204460492503131e-16
5.5699999999999994e-10,5.5700000000000000e+02,0.0000000000000000e+00,2.5000000000000000e-01,2.5000000000000011e-01,1.1102230246251565e-16
5.5800000000000004e-10,5.5800000000000000e+02,0.0000000000000000e+00,2.5000000000000000e-01,2.5000000000000011e-01,1.1102230246251565e-16
5.5900000000000003e-10,5.5900000000000000e+02,0.0000000000000000e+00,2.5000000000000000e-01,2.5000000000000011e-01,1.1102230246251565e-16
5.6000000000000003e-10,5.6000000000000000e+02,0.0000000000000000e+00,2.5000000000000000e-01,2.5000000000000000e-01,0.0000000000000000e+00
5.6100000000000003e-10,5.6100000000000000e+02,0.0000000000000000e+00,2.5000000000000000e-01,2.5000000000000000e-01,0.0000000000000000e+00
5.6200000000000002e-10,5.6200000000000000e+02,0.0000000000000000e+00,2.5000000000000000e-01,2.4999999999999994e-01,-5.5511151231257827e-17
5.6300000000000002e-10,5.6300000000000000e+02,0.0000000000000000e+00,2.5000000000000000e-01,2.4999999999999994e-01,-5.5511151231257827e-17
5.6400000000000002e-10,5.6400000000000000e+02,0.0000000000000000e+00,2.5000000000000000e-01,2.4999999999999986e-01,-1.3877787807814457e-16
5.6500000000000001e-10,5.6500000000000000e+02,0.0000000000000000e+00,2.5000000000000000e-01,2.4999999999999989e-01,-1.1102230246251565e-16
5.6600000000000001e-10,5.6600000000000000e+02,0.0000000000000000e+00,2.5000000000000000e-01,2.4999999999999981e-01,-1.9428902930940239e-16
5.6700000000000001e-10,5.6700000000000000e+02,0.0000000000000000e+00,2.5000000000000000e-01,2.4999999999999989e-01,-1.1102230246251565e-16
5.6800000000000000e-10,5.6800000000000000e+02,0.0000000000000000e+00,2.5000000000000000e-01,2.4999999999999983e-01,-1.6653345369377348e-16
5.6900000000000000e-10,5.6900000000000000e+02,0.0000000000000000e+00,2.5000000000000000e-01,2.4999999999999978e-01,-2.2204460492503131e-16
5.7000000000000000e-10,5.7000000000000000e+02,0.0000000000000000e+00,2.5000000000000000e-01,2.4999999999999978e-01,-2.2204460492503131e-16
5.7099999999999999e-10,5.7100000000000000e+02,0.0000000000000000e+00,2.5000000000000000e-01,2.4999999999999972e-01,-2.7755575615628914e-16
5.7199999999999999e-10,5.7200000000000000e+02,0.0000000000000000e+00,2.5000000000000000e-01,2.4999999999999972e-01,-2.7755575615628914e-16
5.7299999999999999e-10,5.7300000000000000e+02,0.0000000000000000e+00,2.5000000000000000e-01,2.4999999999999989e-01,-1.1102230246251565e-16
5.7399999999999998e-10,5.7400000000000000e+02,0.0000000000000000e+00,2.5000000000000000e-01,2.4999999999999972e-01,-2.7755575615628914e-16
5.7499999999999998e-10,5.7500000000000000e+02,0.0000000000000000e+00,2.5000000000000000e-01,2.4999999999999994e-01,-5.5511151231257827e-17
5.7599999999999998e-10,5.7600000000000000e+02,0.0000000000000000e+00,2.5000000000000000e-01,2.4999999999999986e-01,-1.3877787807814457e-16
5.7699999999999997e-10,5.7700000000000000e+02,0.0000000000000000e+00,2.5000000000000000e-01,2.5000000000000011e-01,1.1102230246251565e-16
5.7799999999999997e-10,5.7800000000000000e+02,0.0000000000000000e+00,2.5000000000000000e-01,2.5000000000000006e-01,5.5511151231257827e-17
5.7899999999999997e-10,5.7900000000000000e+02,0.0000000000000000e+00,2.5000000000000000e-01,2.5000000000000033e-01,3.3306690738754696e-16
5.7999999999999996e-10,5.8000000000000000e+02,0.0000000000000000e+00,2.5000000000000000e-01,2.5000000000000017e-01,1.6653345369377348e-16
5.8099999999999996e-10,5.8100000000000000e+02,0.0000000000000000e+00,2.5000000000000000e-01,2.5000000000000039e-01,3.8857805861880479e-16
5.8199999999999995e-10,5.8200000000000000e+02,0.0000000000000000e+00,2.5000000000000000e-01,2.5000000000000011e-01,1.1102230246251565e-16
5.8299999999999995e-10,5.8300000000000000e+02,0.0000000000000000e+00,2.5000000000000000e-01,2.5000000000000033e-01,3.3306690738754696e-16
5.8399999999999995e-10,5.8400000000000000e+02,0.0000000000000000e+00,2.5000000000000000e-01,2.5000000000000011e-01,1.1102230246251565e-16
5.8499999999999994e-10,5.8500000000000000e+02,0.0000000000000000e+00,2.5000000000000000e-01,2.5000000000000044e-01,4.4408920985006262e-16
5.8599999999999994e-10,5.8600000000000000e+02,0.0000000000000000e+00,2.5000000000000000e-01,2.5000000000000017e-01,1.6653345369377348e-16
5.8699999999999994e-10,5.8700000000000000e+02,0.0000000000000000e+00,2.5000000000000000e-01,2.5000000000000056e-01,5.5511151231257827e-16
5.8800000000000004e-10,5.8800000000000000e+02,0.0000000000000000e+00,2.5000000000000000e-01,2.5000000000000033e-01,3.3306690738754696e-16
5.8900000000000003e-10,5.8900000000000000e+02,0.0000000000000000e+00,2.5000000000000000e-01,2.5000000000000089e-01,8.8817841970012523e-16
5.9000000000000003e-10,5.9000000000000000e+02,0.0000000000000000e+00,2.5000000000000000e-01,2.5000000000000044e-01,4.4408920985006262e-16
5.9100000000000003e-10,5.9100000000000000e+02,0.0000000000000000e+00,2.5000000000000000e-01,2.5000000000000094e-01,9.4368957093138306e-16
5.9200000000000002e-10,5.9200000000000000e+02,0.0000000000000000e+00,2.5000000000000000e-01,2.5000000000000011e-01,1.1102230246251565e-16
5.9300000000000002e-10,5.9300000000000000e+02,0.0000000000000000e+00,2.5000000000000000e-01,2.5000000000000044e-01,4.4408920985006262e-16
5.9400000000000002e-10,5.9400000000000000e+02,0.0000000000000000e+00,2.5000000000000000e-01,2.4999999999999889e-01,-1.1102230246251565e-15
5.9500000000000001e-10,5.9500000000000000e+02,0.0000000000000000e+00,2.5000000000000000e-01,2.4999999999999950e-01,-4.9960036108132044e-16
5.9600000000000001e-10,5.9600000000000000e+02,0.0000000000000000e+00,2.5000000000000000e-01,2.4999999999999764e-01,-2.3592239273284576e-15
5.9700000000000001e-10,5.9700000000000000e+02,0.0000000000000000e+00,2.5000000000000000e-01,2.4999999999999964e-01,-3.6082248300317588e-16
5.9800000000000000e-10,5.9800000000000000e+02,0.0000000000000000e+00,2.5000000000000000e-01,2.4999999999999750e-01,-2.4980018054066022e-15
5.9900000000000000e-10,5.9900000000000000e+02,0.0000000000000000e+00,2.5000000000000000e-01,2.5000000000000477e-01,4.7739590058881731e-15
6.0000000000000000e-10,6.0000000000000000e+02,0.0000000000000000e+00,2.5000000000000000e-01,2.5000000000000022e-01,2.2204460492503131e-16
6.0099999999999999e-10,6.0100000000000000e+02,0.0000000000000000e+00,2.3749999999999999e-01,2.3749999999999499e-01,-4.9960036108132044e-15
6.0199999999999999e-10,6.0200000000000000e+02,0.0000000000000000e+00,2.2500000000000001e-01,2.2500000000000314e-01,3.1363800445660672e-15
6.0299999999999999e-10,6.0300000000000000e+02,0.0000000000000000e+00,2.1249999999999999e-01,2.1250000000000030e-01,3.0531133177191805e-16
6.0399999999999998e-10,6.0400000000000000e+02,0.0000000000000000e+00,2.0000000000000001e-01,2.0000000000000318e-01,3.1641356201816961e-15
6.0499999999999998e-10,6.0500000000000000e+02,0.0000000000000000e+00,1.8750000000000000e-01,1.8750000000000033e-01,3.3306690738754696e-16
6.0599999999999998e-10,6.0600000000000000e+02,0.0000000000000000e+00,1.7499999999999999e-01,1.7500000000000188e-01,1.8873791418627661e-15
6.0699999999999997e-10,6.0700000000000000e+02,0.0000000000000000e+00,1.6249999999999998e-01,1.6249999999999937e-01,-6.1062266354383610e-16
6.0799999999999997e-10,6.0800000000000000e+02,0.0000000000000000e+00,1.4999999999999999e-01,1.5000000000000069e-01,6.9388939039072284e-16
6.0899999999999996e-10,6.0900000000000000e+02,0.0000000000000000e+00,1.3750000000000001e-01,1.3749999999999860e-01,-1.4155343563970746e-15
6.0999999999999996e-10,6.1000000000000000e+02,0.0000000000000000e+00,1.2500000000000000e-01,1.2500000000000011e-01,1.1102230246251565e-16
6.1099999999999996e-10,6.1100000000000000e+02,0.0000000000000000e+00,1.1249999999999999e-01,1.1249999999999852e-01,-1.4710455076283324e-15
6.1199999999999995e-10,6.1200000000000000e+02,0.0000000000000000e+00,9.9999999999999978e-02,1.0000000000000055e-01,5.6898930012039273e-16
6.1299999999999995e-10,6.1300000000000000e+02,0.0000000000000000e+00,8.7499999999999994e-02,8.7499999999999217e-02,-7.7715611723760958e-16
6.1399999999999995e-10,6.1400000000000000e+02,0.0000000000000000e+00,7.4999999999999983e-02,7.5000000000001815e-02,1.8318679906315083e-15
6.1499999999999994e-10,6.1500000000000000e+02,0.0000000000000000e+00,6.2500000000000000e-02,6.2500000000000250e-02,2.4980018054066022e-16
6.1599999999999994e-10,6.1600000000000000e+02,0.0000000000000000e+00,4.9999999999999989e-02,5.0000000000003007e-02,3.0184188481996443e-15
6.1699999999999994e-10,6.1700000000000000e+02,0.0000000000000000e+00,3.7499999999999978e-02,3.7500000000000103e-02,1.2490009027033011e-16
6.1800000000000004e-10,6.1800000000000000e+02,0.0000000000000000e+00,2.4999999999999994e-02,2.5000000000003020e-02,3.0253577421035516e-15
6.1900000000000003e-10,6.1900000000000000e+02,0.0000000000000000e+00,1.2499999999999983e-02,1.2499999999994871e-02,-5.1122300837036505e-15
6.2000000000000003e-10,6.2000000000000000e+02,0.0000000000000000e+00,0.0000000000000000e+00,1.2958545232512722e-16,1.2958545232512722e-16
6.2100000000000003e-10,6.2100000000000000e+02,0.0000000000000000e+00,0.0000000000000000e+00,4.5507608868417832e-15,4.5507608868417832e-15
6.2200000000000002e-10,6.2200000000000000e+02,0.0000000000000000e+00,0.0000000000000000e+00,-2.6980537009508399e-15,-2.6980537009508399e-15
6.2300000000000002e-10,6.2300000000000000e+02,0.0000000000000000e+00,0.0000000000000000e+00,-6.4127029511214813e-16,-6.4127029511214813e-16
6.2400000000000002e-10,6.2400000000000000e+02,0.0000000000000000e+00,0.0000000000000000e+00,-2.5858228086595575e-15,-2.5858228086595575e-15
6.2500000000000001e-10,6.2500000000000000e+02,0.0000000000000000e+00,0.0000000000000000e+00,-7.1054320850388735e-16,-7.1054320850388735e-16
6.2600000000000001e-10,6.2600000000000000e+02,0.0000000000000000e+00,0.0000000000000000e+00,-1.3434084068941885e-15,-1.3434084068941885e-15
6.2700000000000001e-10,6.2700000000000000e+02,0.0000000000000000e+00,0.0000000000000000e+00,1.6572223129494767e-16,1.6572223129494767e-16
6.2800000000000000e-10,6.2800000000000000e+02,0.0000000000000000e+00,0.0000000000000000e+00,-1.5383349286102773e-16,-1.5383349286102773e-16
6.2900000000000000e-10,6.2900000000000000e+02,0.0000000000000000e+00,0.0000000000000000e+00,7.8631620096686502e-16,7.8631620096686502e-16
6.3000000000000000e-10,6.3000000000000000e+02,0.0000000000000000e+00,0.0000000000000000e+00,3.0526756212461982e-16,3.0526756212461982e-16
6.3099999999999999e-10,6.3100000000000000e+02,0.0000000000000000e+00,0.0000000000000000e+00,7.7175017425848646e-16,7.7175017425848646e-16
6.3199999999999999e-10,6.3200000000000000e+02,0.0000000000000000e+00,0.0000000000000000e+00,2.1084230494817314e-16,2.1084230494817314e-16
6.3299999999999999e-10,6.3300000000000000e+02,0.0000000000000000e+00,0.0000000000000000e+00,5.4634741869163294e-16,5.4634741869163294e-16
6.3399999999999998e-10,6.3400000000000000e+02,0.0000000000000000e+00,0.0000000000000000e+00,1.1496942929227268e-16,1.1496942929227268e-16
6.3499999999999998e-10,6.3500000000000000e+02,0.0000000000000000e+00,0.0000000000000000e+00,3.9242893006205884e-16,3.9242893006205884e-16
6.3599999999999998e-10,6.3600000000000000e+02,0.0000000000000000e+00,0.0000000000000000e+00,1.1888375752494685e-16,1.1888375752494685e-16
6.3699999999999997e-10,6.3700000000000000e+02,0.0000000000000000e+00,0.0000000000000000e+00,3.6187342754852335e-16,3.6187342754852335e-16
6.3799999999999997e-10,6.3800000000000000e+02,0.0000000000000000e+00,0.0000000000000000e+00,1.3251193071510306e-16,1.3251193071510306e-16
6.3899999999999996e-10,6.3900000000000000e+02,0.0000000000000000e+00,0.0000000000000000e+00,3.7535826325817754e-16,3.7535826325817754e-16
6.3999999999999996e-10,6.4000000000000000e+02,0.0000000000000000e+00,0.0000000000000000e+00,1.3780832492817990e-16,1.3780832492817990e-16
6.4099999999999996e-10,6.4100000000000000e+02,0.0000000000000000e+00,0.0000000000000000e+00,3.7067221356726245e-16,3.7067221356726245e-16
6.4199999999999995e-10,6.4200000000000000e+02,0.0000000000000000e+00,0.0000000000000000e+00,9.1801751626811232e-17,9.1801751626811232e-17
6.4299999999999995e-10,6.4300000000000000e+02,0.0000000000000000e+00,0.0000000000000000e+00,1.8497188197944344e-16,1.8497188197944344e-16
6.4399999999999995e-10,6.4400000000000000e+02,0.0000000000000000e+00,0.0000000000000000e+00,-6.5671761105685854e-17,-6.5671761105685854e-17
6.4499999999999994e-10,6.4500000000000000e+02,0.0000000000000000e+00,0.0000000000000000e+00,6.8777375420364560e-17,6.8777375420364560e-17
6.4599999999999994e-10,6.4600000000000000e+02,0.0000000000000000e+00,0.0000000000000000e+00,-1.2718930328916578e-16,-1.2718930328916578e-16
6.4699999999999994e-10,6.4700000000000000e+02,0.0000000000000000e+00,0.0000000000000000e+00,1.4004807877302165e-17,1.4004807877302165e-17
6.4800000000000004e-10,6.4800000000000000e+02,0.0000000000000000e+00,0.0000000000000000e+00,-1.5303118376246117e-16,-1.5303118376246117e-16
6.4900000000000003e-10,6.4900000000000000e+02,0.0000000000000000e+00,0.0000000000000000e+00,-9.0864587041180057e-17,-9.0864587041180057e-17
6.5000000000000003e-10,6.5000000000000000e+02,0.0000000000000000e+00,0.0000000000000000e+00,-1.2557818200685553e-16,-1.2557818200685553e-16
6.5100000000000003e-10,6.5100000000000000e+02,0.0000000000000000e+00,0.0000000000000000e+00,-6.6453205437826593e-17,-6.6453205437826593e-17
6.5200000000000002e-10,6.5200000000000000e+02,0.0000000000000000e+00,0.0000000000000000e+00,-1.1698771693296582e-16,-1.1698771693296582e-16
6.5300000000000002e-10,6.5300000000000000e+02,0.0000000000000000e+00,0.0000000000000000e+00,-6.5195172161391722e-17,-6.5195172161391722e-17
6.5400000000000002e-10,6.5400000000000000e+02,0.0000000000000000e+00,0.0000000000000000e+00,-1.7841461209023612e-16,-1.7841461209023612e-16
6.5500000000000001e-10,6.5500000000000000e+02,0.0000000000000000e+00,0.0000000000000000e+00,-1.3906558948796337e-16,-1.3906558948796337e-16
6.5600000000000001e-10,6.5600000000000000e+02,0.0000000000000000e+00,0.0000000000000000e+00,-2.2894452515944639e-16,-2.2894452515944639e-16
6.5700000000000001e-10,6.5700000000000000e+02,0.0000000000000000e+00,0.0000000000000000e+00,-1.8656764383400173e-16,-1.8656764383400173e-16
6.5800000000000000e-10,6.5800000000000000e+02,0.0000000000000000e+00,0.0000000000000000e+00,-2.3221371732876335e-16,-2.3221371732876335e-16
6.5900000000000000e-10,6.5900000000000000e+02,0.0000000000000000e+00,0.0000000000000000e+00,-1.7992656509337781e-16,-1.7992656509337781e-16
6.6000000000000000e-10,6.6000000000000000e+02,0.0000000000000000e+00,0.0000000000000000e+00,-1.6343484939317808e-16,-1.6343484939317808e-16
6.6099999999999999e-10,6.6100000000000000e+02,0.0000000000000000e+00,0.0000000000000000e+00,-1.3847433510701413e-16,-1.3847433510701413e-16
6.6199999999999999e-10,6.6200000000000000e+02,0.0000000000000000e+00,0.0000000000000000e+00,-1.2790001658008222e-16,-1.2790001658008222e-16
6.6299999999999999e-10,6.6300000000000000e+02,0.0000000000000000e+00,0.0000000000000000e+00,-8.8443726325804241e-17,-8.8443726325804241e-17
6.6399999999999998e-10,6.6400000000000000e+02,0.0000000000000000e+00,0.0000000000000000e+00,-8.2462414756114736e-17,-8.2462414756114736e-17
6.6499999999999998e-10,6.6500000000000000e+02,0.0000000000000000e+00,0.0000000000000000e+00,-5.4770432691708844e-17,-5.4770432691708844e-17
6.6599999999999997e-10,6.6600000000000000e+02,0.0000000000000000e+00,0.0000000000000000e+00,-3.8469017567450076e-17,-3.8469017567450076e-17
6.6699999999999997e-10,6.6700000000000000e+02,0.0000000000000000e+00,0.0000000000000000e+00,-5.3762110698891929e-17,-5.3762110698891929e-17
6.6799999999999997e-10,6.6800000000000000e+02,0.0000000000000000e+00,0.0000000000000000e+00,-5.2767034346893425e-17,-5.2767034346893425e-17
6.6899999999999996e-10,6.6900000000000000e+02,0.0000000000000000e+00,0.0000000000000000e+00,4.2210025573194427e-18,4.2210025573194427e-18
6.6999999999999996e-10,6.7000000000000000e+02,0.0000000000000000e+00,0.0000000000000000e+00,-5.0446057065171752e-17,-5.0446057065171752e-17
6.7099999999999996e-10,6.7100000000000000e+02,0.0000000000000000e+00,0.0000000000000000e+00,6.0461239833725007e-17,6.0461239833725007e-17
6.7199999999999995e-10,6.7200000000000000e+02,0.0000000000000000e+00,0.0000000000000000e+00,1.5132783448159585e-17,1.5132783448159585e-17
6.7299999999999995e-10,6.7300000000000000e+02,0.0000000000000000e+00,0.0000000000000000e+00,7.1476759674592014e-17,7.1476759674592014e-17
6.7399999999999995e-10,6.7400000000000000e+02,0.0000000000000000e+00,0.0000000000000000e+00,6.4191660950639598e-17,6.4191660950639598e-17
6.7499999999999994e-10,6.7500000000000000e+02,0.0000000000000000e+00,0.0000000000000000e+00,1.0249527827382460e-16,1.0249527827382460e-16
6.7599999999999994e-10,6.7600000000000000e+02,0.0000000000000000e+00,0.0000000000000000e+00,6.0976480201975151e-17,6.0976480201975151e-17
6.7699999999999994e-10,6.7700000000000000e+02,0.0000000000000000e+00,0.0000000000000000e+00,9.7250083138957131e-17,9.7250083138957131e-17
6.7800000000000004e-10,6.7800000000000000e+02,0.0000000000000000e+00,0.0000000000000000e+00,2.5790563746771913e-17,2.5790563746771913e-17
6.7900000000000003e-10,6.7900000000000000e+02,0.0000000000000000e+00,0.0000000000000000e+00,4.6168008460682361e-17,4.6168008460682361e-17
6.8000000000000003e-10,6.8000000000000000e+02,0.0000000000000000e+00,0.0000000000000000e+00,-3.4182429263194696e-17,-3.4182429263194696e-17
6.8100000000000003e-10,6.8100000000000000e+02,0.0000000000000000e+00,0.0000000000000000e+00,1.2521270534369333e-17,1.2521270534369333e-17
6.8200000000000002e-10,6.8200000000000000e+02,0.0000000000000000e+00,0.0000000000000000e+00,-1.3027683762214367e-17,-1.3027683762214367e-17
6.8300000000000002e-10,6.8300000000000000e+02,0.0000000000000000e+00,0.0000000000000000e+00,5.5603240055443612e-17,5.5603240055443612e-17
6.8400000000000002e-10,6.8400000000000000e+02,0.0000000000000000e+00,0.0000000000000000e+00,4.1248444634474010e-17,4.1248444634474010e-17
6.8500000000000001e-10,6.8500000000000000e+02,0.0000000000000000e+00,0.0000000000000000e+00,8.0516648442683025e-17,8.0516648442683025e-17
6.8600000000000001e-10,6.8600000000000000e+02,0.0000000000000000e+00,0.0000000000000000e+00,2.1940269906809411e-17,2.1940269906809411e-17
6.8700000000000001e-10,6.8700000000000000e+02,0.0000000000000000e+00,0.0000000000000000e+00,3.7759503997167353e-17,3.7759503997167353e-17
6.8800000000000000e-10,6.8800000000000000e+02,0.0000000000000000e+00,0.0000000000000000e+00,-1.6635424918014261e-17,-1.6635424918014261e-17
6.8900000000000000e-10,6.8900000000000000e+02,0.0000000000000000e+00,0.0000000000000000e+00,2.7970290294325598e-17,2.7970290294325598e-17
6.9000000000000000e-10,6.9000000000000000e+02,0.0000000000000000e+00,0.0000000000000000e+00,-8.2824009228775862e-18,-8.2824009228775862e-18
6.9099999999999999e-10,6.9100000000000000e+02,0.0000000000000000e+00,0.0000000000000000e+00,-2.3600231716780164e-17,-2.3600231716780164e-17
6.9199999999999999e-10,6.9200000000000000e+02,0.0000000000000000e+00,0.0000000000000000e+00,-7.2451845640238290e-17,-7.2451845640238290e-17
6.9299999999999999e-10,6.9300000000000000e+02,0.0000000000000000e+00,0.0000000000000000e+00,-2.2387098355250943e-17,-2.2387098355250943e-17
6.9399999999999998e-10,6.9400000000000000e+02,0.0000000000000000e+00,0.0000000000000000e+00,-1.6638713214270873e-17,-1.6638713214270873e-17
6.9499999999999998e-10,6.9500000000000000e+02,0.0000000000000000e+00,0.0000000000000000e+00,-1.4409257324254656e-17,-1.4409257324254656e-17
6.9599999999999997e-10,6.9600000000000000e+02,0.0000000000000000e+00,0.0000000000000000e+00,-6.8094026937173964e-17,-6.8094026937173964e-17
6.9699999999999997e-10,6.9700000000000000e+02,0.0000000000000000e+00,0.0000000000000000e+00,-1.4857256397593679e-16,-1.4857256397593679e-16
6.9799999999999997e-10,6.9800000000000000e+02,0.0000000000000000e+00,0.0000000000000000e+00,-9.8172456695705576e-17,-9.8172456695705576e-17
6.9899999999999996e-10,6.9900000000000000e+02,0.0000000000000000e+00,0.0000000000000000e+00,-8.4003537984791894e-17,-8.4003537984791894e-17
6.9999999999999996e-10,7.0000000000000000e+02,0.0000000000000000e+00,0.0000000000000000e+00,-6.7000997625334119e-17,-6.7000997625334119e-17
7.0099999999999996e-10,7.0100000000000000e+02,0.0000000000000000e+00,0.0000000000000000e+00,-6.0356959084539148e-17,-6.0356959084539148e-17
7.0199999999999995e-10,7.0200000000000000e+02,0.0000000000000000e+00,0.0000000000000000e+00,-8.5165035763468403e-17,-8.5165035763468403e-17
7.0299999999999995e-10,7.0300000000000000e+02,0.0000000000000000e+00,0.0000000000000000e+00,-1.2631179151091641e-16,-1.2631179151091641e-16
7.0399999999999995e-10,7.0400000000000000e+02,0.0000000000000000e+00,0.0000000000000000e+00,-1.6142958503640131e-16,-1.6142958503640131e-16
7.0499999999999994e-10,7.0500000000000000e+02,0.0000000000000000e+00,0.0000000000000000e+00,-1.2651716790019703e-16,-1.2651716790019703e-16
7.0599999999999994e-10,7.0600000000000000e+02,0.0000000000000000e+00,0.0000000000000000e+00,-1.4317061675860106e-16,-1.4317061675860106e-16
7.0699999999999994e-10,7.0700000000000000e+02,0.0000000000000000e+00,0.0000000000000000e+00,-1.0701689374706258e-16,-1.0701689374706258e-16
7.0800000000000004e-10,7.0800000000000000e+02,0.0000000000000000e+00,0.0000000000000000e+00,-9.2518916489528833e-17,-9.2518916489528833e-17
7.0900000000000003e-10,7.0900000000000000e+02,0.0000000000000000e+00,0.0000000000000000e+00,-7.5381682318229373e-17,-7.5381682318229373e-17
7.1000000000000003e-10,7.1000000000000000e+02,0.0000000000000000e+00,0.0000000000000000e+00,-7.4915564049582664e-17,-7.4915564049582664e-17
7.1100000000000003e-10,7.1100000000000000e+02,0.0000000000000000e+00,0.0000000000000000e+00,-1.9531852049943020e-17,-1.9531852049943020e-17
7.1200000000000002e-10,7.1200000000000000e+02,0.0000000000000000e+00,0.0000000000000000e+00,-3.2429840078667310e-18,-3.2429840078667310e-18
7.1300000000000002e-10,7.1300000000000000e+02,0.0000000000000000e+00,0.0000000000000000e+00,-2.4224994288884057e-17,-2.4224994288884057e-17
7.1400000000000002e-10,7.1400000000000000e+02,0.0000000000000000e+00,0.0000000000000000e+00,-1.0737752347454890e-16,-1.0737752347454890e-16
7.1500000000000001e-10,7.1500000000000000e+02,0.0000000000000000e+00,0.0000000000000000e+00,-9.1831451578227670e-17,-9.1831451578227670e-17
7.1600000000000001e-10,7.1600000000000000e+02,0.0000000000000000e+00,0.0000000000000000e+00,-8.3936124721877963e-17,-8.3936124721877963e-17
7.1700000000000001e-10,7.1700000000000000e+02,0.0000000000000000e+00,0.0000000000000000e+00,9.4697320916576449e-18,9.4697320916576449e-18
7.1800000000000000e-10,7.1800000000000000e+02,0.0000000000000000e+00,0.0000000000000000e+00,-8.1571274108566215e-17,-8.1571274108566215e-17
7.1900000000000000e-10,7.1900000000000000e+02,0.0000000000000000e+00,0.0000000000000000e+00,-7.1903142889477339e-17,-7.1903142889477339e-17
7.2000000000000000e-10,7.2000000000000000e+02,0.0000000000000000e+00,0.0000000000000000e+00,-4.7334676006683834e-17,-4.7334676006683834e-17
7.2099999999999999e-10,7.2100000000000000e+02,0.0000000000000000e+00,0.0000000000000000e+00,-1.5111578566794672e-17,-1.5111578566794672e-17
7.2199999999999999e-10,7.2200000000000000e+02,0.0000000000000000e+00,0.0000000000000000e+00,-6.5831838077051472e-17,-6.5831838077051472e-17
7.2299999999999998e-10,7.2300000000000000e+02,0.0000000000000000e+00,0.0000000000000000e+00,-1.0896794447802896e-17,-1.0896794447802896e-17
7.2399999999999998e-10,7.2400000000000000e+02,0.0000000000000000e+00,0.0000000000000000e+00,-3.6614795269614210e-17,-3.6614795269614210e-17
7.2499999999999998e-10,7.2500000000000000e+02,0.0000000000000000e+00,0.0000000000000000e+00,-2.0680974939946264e-17,-2.0680974939946264e-17
7.2599999999999997e-10,7.2600000000000000e+02,0.0000000000000000e+00,0.0000000000000000e+00,-1.2813177751946593e-17,-1.2813177751946593e-17
7.2699999999999997e-10,7.2700000000000000e+02,0.0000000000000000e+00,0.0000000000000000e+00,5.4312923682449843e-18,5.4312923682449843e-18
7.2799999999999997e-10,7.2800000000000000e+02,0.0000000000000000e+00,0.0000000000000000e+00,-1.0208500345639958e-17,-1.0208500345639958e-17
7.2899999999999996e-10,7.2900000000000000e+02,0.0000000000000000e+00,0.0000000000000000e+00,1.9210349825270065e-17,1.9210349825270065e-17
7.2999999999999996e-10,7.3000000000000000e+02,0.0000000000000000e+00,0.0000000000000000e+00,8.0173990446833781e-18,8.0173990446833781e-18
7.3099999999999996e-10,7.3100000000000000e+02,0.0000000000000000e+00,0.0000000000000000e+00,-6.4436720731405489e-18,-6.4436720731405489e-18
7.3199999999999995e-10,7.3200000000000000e+02,0.0000000000000000e+00,0.0000000000000000e+00,-1.1746816498514663e-17,-1.1746816498514663e-17
7.3299999999999995e-10,7.3300000000000000e+02,0.0000000000000000e+00,0.0000000000000000e+00,2.3566478312928274e-17,2.3566478312928274e-17
7.3399999999999995e-10,7.3400000000000000e+02,0.0000000000000000e+00,0.0000000000000000e+00,8.8321633250391423e-18,8.8321633250391423e-18
7.3499999999999994e-10,7.3500000000000000e+02,0.0000000000000000e+00,0.0000000000000000e+00,2.7026371545349494e-17,2.7026371545349494e-17
7.3599999999999994e-10,7.3600000000000000e+02,0.0000000000000000e+00,0.0000000000000000e+00,5.2557489523613678e-17,5.2557489523613678e-17
7.3699999999999994e-10,7.3700000000000000e+02,0.0000000000000000e+00,0.0000000000000000e+00,5.5442716389368357e-17,5.5442716389368357e-17
7.3800000000000004e-10,7.3800000000000000e+02,0.0000000000000000e+00,0.0000000000000000e+00,6.8455844177669369e-17,6.8455844177669369e-17
7.3900000000000003e-10,7.3900000000000000e+02,0.0000000000000000e+00,0.0000000000000000e+00,7.1270432467187595e-17,7.1270432467187595e-17
7.4000000000000003e-10,7.4000000000000000e+02,0.0000000000000000e+00,0.0000000000000000e+00,5.5695783284668213e-17,5.5695783284668213e-17
7.4100000000000003e-10,7.4100000000000000e+02,0.0000000000000000e+00,0.0000000000000000e+00,6.0080012264715978e-17,6.0080012264715978e-17
7.4200000000000002e-10,7.4200000000000000e+02,0.0000000000000000e+00,0.0000000000000000e+00,9.8012830430113636e-17,9.8012830430113636e-17
7.4300000000000002e-10,7.4300000000000000e+02,0.0000000000000000e+00,0.0000000000000000e+00,7.3494701829682841e-17,7.3494701829682841e-17
7.4400000000000002e-10,7.4400000000000000e+02,0.0000000000000000e+00,0.0000000000000000e+00,5.3442359054706941e-17,5.3442359054706941e-17
7.4500000000000001e-10,7.4500000000000000e+02,0.0000000000000000e+00,0.0000000000000000e+00,2.9941185175186084e-17,2.9941185175186084e-17
7.4600000000000001e-10,7.4600000000000000e+02,0.0000000000000000e+00,0.0000000000000000e+00,-3.4168721153666764e-17,-3.4168721153666764e-17
7.4700000000000001e-10,7.4700000000000000e+02,0.0000000000000000e+00,0.0000000000000000e+00,-1.4974713311026888e-17,-1.4974713311026888e-17
7.4800000000000000e-10,7.4800000000000000e+02,0.0000000000000000e+00,0.0000000000000000e+00,-3.3752391754602934e-17,-3.3752391754602934e-17
7.4900000000000000e-10,7.4900000000000000e+02,0.0000000000000000e+00,0.0000000000000000e+00,-4.3258215270946925e-17,-4.3258215270946925e-17
7.5000000000000000e-10,7.5000000000000000e+02,0.0000000000000000e+00,0.0000000000000000e+00,-8.4012070840310542e-17,-8.4012070840310542e-17
7.5099999999999999e-10,7.5100000000000000e+02,0.0000000000000000e+00,0.0000000000000000e+00,-8.3110232699083844e-17,-8.3110232699083844e-17
7.5199999999999999e-10,7.5200000000000000e+02,0.0000000000000000e+00,0.0000000000000000e+00,-7.8655887545374077e-17,-7.8655887545374077e-17
7.5299999999999998e-10,7.5300000000000000e+02,0.0000000000000000e+00,0.0000000000000000e+00,-6.2538696596407006e-17,-6.2538696596407006e-17
7.5399999999999998e-10,7.5400000000000000e+02,0.0000000000000000e+00,0.0000000000000000e+00,-4.4219469269710042e-17,-4.4219469269710042e-17
7.5499999999999998e-10,7.5500000000000000e+02,0.0000000000000000e+00,0.0000000000000000e+00,-4.5208292572429762e-17,-4.5208292572429762e-17
7.5599999999999997e-10,7.5600000000000000e+02,0.0000000000000000e+00,0.0000000000000000e+00,-6.2058263385024155e-17,-6.2058263385024155e-17
7.5699999999999997e-10,7.5700000000000000e+02,0.0000000000000000e+00,0.0000000000000000e+00,-2.4039254078793836e-17,-2.4039254078793836e-17
7.5799999999999997e-10,7.5800000000000000e+02,0.0000000000000000e+00,0.0000000000000000e+00,-5.6831674387336044e-17,-5.6831674387336044e-17
7.5899999999999996e-10,7.5900000000000000e+02,0.0000000000000000e+00,0.0000000000000000e+00,-5.6528108245375083e-17,-5.6528108245375083e-17
7.5999999999999996e-10,7.6000000000000000e+02,0.0000000000000000e+00,0.0000000000000000e+00,-9.0615381448173864e-17,-9.0615381448173864e-17
7.6099999999999996e-10,7.6100000000000000e+02,0.0000000000000000e+00,0.0000000000000000e+00,-5.8213373505035020e-17,-5.8213373505035020e-17
7.6199999999999995e-10,7.6200000000000000e+02,0.0000000000000000e+00,0.0000000000000000e+00,-1.1196053419195388e-16,-1.1196053419195388e-16
7.6299999999999995e-10,7.6300000000000000e+02,0.0000000000000000e+00,0.0000000000000000e+00,-5.9623779419020589e-17,-5.9623779419020589e-17
7.6399999999999995e-10,7.6400000000000000e+02,0.0000000000000000e+00,0.0000000000000000e+00,-9.9577933020820204e-17,-9.9577933020820204e-17
7.6499999999999994e-10,7.6500000000000000e+02,0.0000000000000000e+00,0.0000000000000000e+00,-3.3072463634256258e-17,-3.3072463634256258e-17
7.6599999999999994e-10,7.6600000000000000e+02,0.0000000000000000e+00,0.0000000000000000e+00,1.3789378645699966e-17,1.3789378645699966e-17
7.6699999999999994e-10,7.6700000000000000e+02,0.0000000000000000e+00,0.0000000000000000e+00,7.6461018853917827e-18,7.6461018853917827e-18
7.6800000000000004e-10,7.6800000000000000e+02,0.0000000000000000e+00,0.0000000000000000e+00,4.9032512265880643e-17,4.9032512265880643e-17
7.6900000000000003e-10,7.6900000000000000e+02,0.0000000000000000e+00,0.0000000000000000e+00,6.7342682324035908e-17,6.7342682324035908e-17
7.7000000000000003e-10,7.7000000000000000e+02,0.0000000000000000e+00,0.0000000000000000e+00,9.0285945469488311e-17,9.0285945469488311e-17
7.7100000000000003e-10,7.7100000000000000e+02,0.0000000000000000e+00,0.0000000000000000e+00,8.5464263973197145e-17,8.5464263973197145e-17
7.7200000000000002e-10,7.7200000000000000e+02,0.0000000000000000e+00,0.0000000000000000e+00,6.6661474131744929e-17,6.6661474131744929e-17
7.7300000000000002e-10,7.7300000000000000e+02,0.0000000000000000e+00,0.0000000000000000e+00,7.7652322707840693e-17,7.7652322707840693e-17
7.7400000000000002e-10,7.7400000000000000e+02,0.0000000000000000e+00,0.0000000000000000e+00,5.9582260528462591e-17,5.9582260528462591e-17
7.7500000000000001e-10,7.7500000000000000e+02,0.0000000000000000e+00,0.0000000000000000e+00,7.8036428360137702e-17,7.8036428360137702e-17
7.7600000000000001e-10,7.7600000000000000e+02,0.0000000000000000e+00,0.0000000000000000e+00,9.0407558764875742e-17,9.0407558764875742e-17
7.7700000000000001e-10,7.7700000000000000e+02,0.0000000000000000e+00,0.0000000000000000e+00,1.0450651852242531e-16,1.0450651852242531e-16
7.7800000000000000e-10,7.7800000000000000e+02,0.0000000000000000e+00,0.0000000000000000e+00,1.4167978320139431e-16,1.4167978320139431e-16
7.7900000000000000e-10,7.7900000000000000e+02,0.0000000000000000e+00,0.0000000000000000e+00,1.4118169699031132e-16,1.4118169699031132e-16
7.7999999999999999e-10,7.8000000000000000e+02,0.0000000000000000e+00,0.0000000000000000e+00,1.5066528086693117e-16,1.5066528086693117e-16
7.8099999999999999e-10,7.8100000000000000e+02,0.0000000000000000e+00,0.0000000000000000e+00,1.4468960459776499e-16,1.4468960459776499e-16
7.8199999999999999e-10,7.8200000000000000e+02,0.0000000000000000e+00,0.0000000000000000e+00,1.6041850406661260e-16,1.6041850406661260e-16
7.8299999999999998e-10,7.8300000000000000e+02,0.0000000000000000e+00,0.0000000000000000e+00,7.2787188276271668e-17,7.2787188276271668e-17
7.8399999999999998e-10,7.8400000000000000e+02,0.0000000000000000e+00,0.0000000000000000e+00,7.0998247704688959e-17,7.0998247704688959e-17
7.8499999999999998e-10,7.8500000000000000e+02,0.0000000000000000e+00,0.0000000000000000e+00,1.8853373569954781e-17,1.8853373569954781e-17
7.8599999999999997e-10,7.8600000000000000e+02,0.0000000000000000e+00,0.0000000000000000e+00,-2.9662719349795015e-18,-2.9662719349795015e-18
7.8699999999999997e-10,7.8700000000000000e+02,0.0000000000000000e+00,0.0000000000000000e+00,6.4751382698022057e-18,6.4751382698022057e-18
7.8799999999999997e-10,7.8800000000000000e+02,0.0000000000000000e+00,0.0000000000000000e+00,-3.7570169806216016e-17,-3.7570169806216016e-17
7.8899999999999996e-10,7.8900000000000000e+02,0.0000000000000000e+00,0.0000000000000000e+00,-3.4920881238334390e-17,-3.4920881238334390e-17
7.8999999999999996e-10,7.9000000000000000e+02,0.0000000000000000e+00,0.0000000000000000e+00,-8.0502257811270180e-17,-8.0502257811270180e-17
7.9099999999999996e-10,7.9100000000000000e+02,0.0000000000000000e+00,0.0000000000000000e+00,-2.5751812318503117e-17,-2.5751812318503117e-17
7.9199999999999995e-10,7.9200000000000000e+02,0.0000000000000000e+00,0.0000000000000000e+00,-7.4338031480667514e-17,-7.4338031480667514e-17
7.9299999999999995e-10,7.9300000000000000e+02,0.0000000000000000e+00,0.0000000000000000e+00,-8.3799950044048055e-17,-8.3799950044048055e-17
7.9399999999999995e-10,7.9400000000000000e+02,0.0000000000000000e+00,0.0000000000000000e+00,-9.8051818629054857e-17,-9.8051818629054857e-17
7.9499999999999994e-10,7.9500000000000000e+02,0.0000000000000000e+00,0.0000000000000000e+00,-1.1200790444264204e-16,-1.1200790444264204e-16
7.9599999999999994e-10,7.9600000000000000e+02,0.0000000000000000e+00,0.0000000000000000e+00,-1.1874041017003409e-16,-1.1874041017003409e-16
7.9699999999999994e-10,7.9700000000000000e+02,0.0000000000000000e+00,0.0000000000000000e+00,-6.4812881518902824e-17,-6.4812881518902824e-17
7.9799999999999993e-10,7.9800000000000000e+02,0.0000000000000000e+00,0.0000000000000000e+00,-8.9684510607835482e-17,-8.9684510607835482e-17
7.9900000000000003e-10,7.9900000000000000e+02,0.0000000000000000e+00,0.0000000000000000e+00,-7.5483259579721103e-17,-7.5483259579721103e-17
8.0000000000000003e-10,8.0000000000000000e+02,0.0000000000000000e+00,0.0000000000000000e+00,-6.9749778549608760e-17,-6.9749778549608760e-17
8.0100000000000003e-10,8.0100000000000000e+02,0.0000000000000000e+00,0.0000000000000000e+00,-5.9873678966627617e-17,-5.9873678966627617e-17
8.0200000000000002e-10,8.0200000000000000e+02,0.0000000000000000e+00,0.0000000000000000e+00,-3.7957161211143403e-17,-3.7957161211143403e-17
8.0300000000000002e-10,8.0300000000000000e+02,0.0000000000000000e+00,0.0000000000000000e+00,-2.5032749007992788e-17,-2.5032749007992788e-17
8.0400000000000002e-10,8.0400000000000000e+02,0.0000000000000000e+00,0.0000000000000000e+00,-4.2050090333525358e-18,-4.2050090333525358e-18
8.0500000000000001e-10,8.0500000000000000e+02,0.0000000000000000e+00,0.0000000000000000e+00,3.8155986085251326e-17,3.8155986085251326e-17
8.0600000000000001e-10,8.0600000000000000e+02,0.0000000000000000e+00,0.0000000000000000e+00,1.1403334155036920e-17,1.1403334155036920e-17
8.0700000000000000e-10,8.0700000000000000e+02,0.0000000000000000e+00,0.0000000000000000e+00,2.9328992223830838e-17,2.9328992223830838e-17
8.0800000000000000e-10,8.0800000000000000e+02,0.0000000000000000e+00,0.0000000000000000e+00,2.0007580063945822e-17,2.0007580063945822e-17
8.0900000000000000e-10,8.0900000000000000e+02,0.0000000000000000e+00,0.0000000000000000e+00,6.2548751036379589e-17,6.2548751036379589e-17
8.0999999999999999e-10,8.1000000000000000e+02,0.0000000000000000e+00,0.0000000000000000e+00,6.5465080930210721e-17,6.5465080930210721e-17
8.1099999999999999e-10,8.1100000000000000e+02,0.0000000000000000e+00,0.0000000000000000e+00,4.6259838086358207e-17,4.6259838086358207e-17
8.1199999999999999e-10,8.1200000000000000e+02,0.0000000000000000e+00,0.0000000000000000e+00,5.7545341200874852e-17,5.7545341200874852e-17
8.1299999999999998e-10,8.1300000000000000e+02,0.0000000000000000e+00,0.0000000000000000e+00,1.0324753880875063e-16,1.0324753880875063e-16
8.1399999999999998e-10,8.1400000000000000e+02,0.0000000000000000e+00,0.0000000000000000e+00,1.1429544276501108e-16,1.1429544276501108e-16
8.1499999999999998e-10,8.1500000000000000e+02,0.0000000000000000e+00,0.0000000000000000e+00,1.1028431160911742e-16,1.1028431160911742e-16
8.1599999999999997e-10,8.1600000000000000e+02,0.0000000000000000e+00,0.0000000000000000e+00,1.1104816748039773e-16,1.1104816748039773e-16
8.1699999999999997e-10,8.1700000000000000e+02,0.0000000000000000e+00,0.0000000000000000e+00,9.4379185037397545e-17,9.4379185037397545e-17
8.1799999999999997e-10,8.1800000000000000e+02,0.0000000000000000e+00,0.0000000000000000e+00,1.2256691482390214e-16,1.2256691482390214e-16
8.1899999999999996e-10,8.1900000000000000e+02,0.0000000000000000e+00,0.0000000000000000e+00,1.0546254875392525e-16,1.0546254875392525e-16
8.1999999999999996e-10,8.2000000000000000e+02,0.0000000000000000e+00,0.0000000000000000e+00,8.9466551965306461e-17,8.9466551965306461e-17
8.2099999999999996e-10,8.2100000000000000e+02,0.0000000000000000e+00,0.0000000000000000e+00,1.4997496871821353e-16,1.4997496871821353e-16
8.2199999999999995e-10,8.2200000000000000e+02,0.0000000000000000e+00,0.0000000000000000e+00,1.2927479428359481e-16,1.2927479428359481e-16
8.2299999999999995e-10,8.2300000000000000e+02,0.0000000000000000e+00,0.0000000000000000e+00,1.6280764509310053e-16,1.6280764509310053e-16
8.2399999999999995e-10,8.2400000000000000e+02,0.0000000000000000e+00,0.0000000000000000e+00,1.6533395436726102e-16,1.6533395436726102e-16
8.2499999999999994e-10,8.2500000000000000e+02,0.0000000000000000e+00,0.0000000000000000e+00,1.6772701960365154e-16,1.6772701960365154e-16
8.2599999999999994e-10,8.2600000000000000e+02,0.0000000000000000e+00,0.0000000000000000e+00,1.6550522077016665e-16,1.6550522077016665e-16
8.2699999999999994e-10,8.2700000000000000e+02,0.0000000000000000e+00,0.0000000000000000e+00,1.3179630944458036e-16,1.3179630944458036e-16
8.2799999999999993e-10,8.2800000000000000e+02,0.0000000000000000e+00,0.0000000000000000e+00,8.7399389976381122e-17,8.7399389976381122e-17
8.2900000000000003e-10,8.2900000000000000e+02,0.0000000000000000e+00,0.0000000000000000e+00,4.9310574832955969e-17,4.9310574832955969e-17
8.3000000000000003e-10,8.3000000000000000e+02,0.0000000000000000e+00,0.0000000000000000e+00,4.9038283125874205e-17,4.9038283125874205e-17
8.3100000000000003e-10,8.3100000000000000e+02,0.0000000000000000e+00,0.0000000000000000e+00,5.3435362330259379e-18,5.3435362330259379e-18
8.3200000000000002e-10,8.3200000000000000e+02,0.0000000000000000e+00,0.0000000000000000e+00,-3.2319626550471153e-17,-3.2319626550471153e-17
8.3300000000000002e-10,8.3300000000000000e+02,0.0000000000000000e+00,0.0000000000000000e+00,-4.3025806063779236e-17,-4.3025806063779236e-17
8.3400000000000002e-10,8.3400000000000000e+02,0.0000000000000000e+00,0.0000000000000000e+00,-5.5954231548696874e-17,-5.5954231548696874e-17
8.3500000000000001e-10,8.3500000000000000e+02,0.0000000000000000e+00,0.0000000000000000e+00,-5.6564499386130992e-17,-5.6564499386130992e-17
8.3600000000000001e-10,8.3600000000000000e+02,0.0000000000000000e+00,0.0000000000000000e+00,-9.7198947315732199e-17,-9.7198947315732199e-17
8.3700000000000000e-10,8.3700000000000000e+02,0.0000000000000000e+00,0.0000000000000000e+00,-7.1236978022903281e-17,-7.1236978022903281e-17
8.3800000000000000e-10,8.3800000000000000e+02,0.0000000000000000e+00,0.0000000000000000e+00,-9.6773732249150033e-17,-9.6773732249150033e-17
8.3900000000000000e-10,8.3900000000000000e+02,0.0000000000000000e+00,0.0000000000000000e+00,-8.3614682914617538e-17,-8.3614682914617538e-17
8.3999999999999999e-10,8.4000000000000000e+02,0.0000000000000000e+00,0.0000000000000000e+00,-9.9591302568101863e-17,-9.9591302568101863e-17
8.4099999999999999e-10,8.4100000000000000e+02,0.0000000000000000e+00,0.0000000000000000e+00,-1.2701597553236224e-16,-1.2701597553236224e-16
8.4199999999999999e-10,8.4200000000000000e+02,0.0000000000000000e+00,0.0000000000000000e+00,-1.1710717180927079e-16,-1.1710717180927079e-16
8.4299999999999998e-10,8.4300000000000000e+02,0.0000000000000000e+00,0.0000000000000000e+00,-1.1875171694525422e-16,-1.1875171694525422e-16
8.4399999999999998e-10,8.4400000000000000e+02,0.0000000000000000e+00,0.0000000000000000e+00,-1.4950861217285846e-16,-1.4950861217285846e-16
8.4499999999999998e-10,8.4500000000000000e+02,0.0000000000000000e+00,0.0000000000000000e+00,-1.3213627543438004e-16,-1.3213627543438004e-16
8.4599999999999997e-10,8.4600000000000000e+02,0.0000000000000000e+00,0.0000000000000000e+00,-1.2977182896522855e-16,-1.2977182896522855e-16
8.4699999999999997e-10,8.4700000000000000e+02,0.0000000000000000e+00,0.0000000000000000e+00,-1.4687021044581322e-16,-1.4687021044581322e-16
8.4799999999999997e-10,8.4800000000000000e+02,0.0000000000000000e+00,0.0000000000000000e+00,-1.4186290451589723e-16,-1.4186290451589723e-16
8.4899999999999996e-10,8.4900000000000000e+02,0.0000000000000000e+00,0.0000000000000000e+00,-1.1226343905830217e-16,-1.1226343905830217e-16
8.4999999999999996e-10,8.5000000000000000e+02,0.0000000000000000e+00,0.0000000000000000e+00,-9.1923174011379785e-17,-9.1923174011379785e-17
8.5099999999999996e-10,8.5100000000000000e+02,0.0000000000000000e+00,0.0000000000000000e+00,-5.4782547757446861e-17,-5.4782547757446861e-17
8.5199999999999995e-10,8.5200000000000000e+02,0.0000000000000000e+00,0.0000000000000000e+00,-2.4272140354959749e-17,-2.4272140354959749e-17
8.5299999999999995e-10,8.5300000000000000e+02,0.0000000000000000e+00,0.0000000000000000e+00,3.6727979774130792e-18,3.6727979774130792e-18
8.5399999999999995e-10,8.5400000000000000e+02,0.0000000000000000e+00,0.0000000000000000e+00,2.4524594092597759e-17,2.4524594092597759e-17
8.5499999999999994e-10,8.5500000000000000e+02,0.0000000000000000e+00,0.0000000000000000e+00,4.2826842821480164e-17,4.2826842821480164e-17
8.5599999999999994e-10,8.5600000000000000e+02,0.0000000000000000e+00,0.0000000000000000e+00,5.2479392789644502e-17,5.2479392789644502e-17
8.5699999999999994e-10,8.5700000000000000e+02,0.0000000000000000e+00,0.0000000000000000e+00,4.6326069537697642e-17,4.6326069537697642e-17
8.5799999999999993e-10,8.5800000000000000e+02,0.0000000000000000e+00,0.0000000000000000e+00,3.8832622285706061e-17,3.8832622285706061e-17
8.5900000000000003e-10,8.5900000000000000e+02,0.0000000000000000e+00,0.0000000000000000e+00,4.2842091795439689e-17,4.2842091795439689e-17
8.6000000000000003e-10,8.6000000000000000e+02,0.0000000000000000e+00,0.0000000000000000e+00,6.0997233473552802e-17,6.0997233473552802e-17
8.6100000000000003e-10,8.6100000000000000e+02,0.0000000000000000e+00,0.0000000000000000e+00,5.6769586569173316e-17,5.6769586569173316e-17
8.6200000000000002e-10,8.6200000000000000e+02,0.0000000000000000e+00,0.0000000000000000e+00,4.8532753709268801e-17,4.8532753709268801e-17
8.6300000000000002e-10,8.6300000000000000e+02,0.0000000000000000e+00,0.0000000000000000e+00,3.6915926877186437e-17,3.6915926877186437e-17
8.6400000000000001e-10,8.6400000000000000e+02,0.0000000000000000e+00,0.0000000000000000e+00,7.3101171889857843e-17,7.3101171889857843e-17
8.6500000000000001e-10,8.6500000000000000e+02,0.0000000000000000e+00,0.0000000000000000e+00,7.6350959366486130e-17,7.6350959366486130e-17
8.6600000000000001e-10,8.6600000000000000e+02,0.0000000000000000e+00,0.0000000000000000e+00,4.1651117224028086e-17,4.1651117224028086e-17
8.6700000000000000e-10,8.6700000000000000e+02,0.0000000000000000e+00,0.0000000000000000e+00,7.6239655419051364e-17,7.6239655419051364e-17
8.6800000000000000e-10,8.6800000000000000e+02,0.0000000000000000e+00,0.0000000000000000e+00,3.6459576409033675e-17,3.6459576409033675e-17
8.6900000000000000e-10,8.6900000000000000e+02,0.0000000000000000e+00,0.0000000000000000e+00,2.1176804519335324e-17,2.1176804519335324e-17
8.6999999999999999e-10,8.7000000000000000e+02,0.0000000000000000e+00,0.0000000000000000e+00,7.5987136750931273e-19,7.5987136750931273e-19
8.7099999999999999e-10,8.7100000000000000e+02,0.0000000000000000e+00,0.0000000000000000e+00,-4.6708129611669750e-18,-4.6708129611669750e-18
8.7199999999999999e-10,8.7200000000000000e+02,0.0000000000000000e+00,0.0000000000000000e+00,-3.0909861744255666e-17,-3.0909861744255666e-17
8.7299999999999998e-10,8.7300000000000000e+02,0.0000000000000000e+00,0.0000000000000000e+00,-3.1678533596539501e-17,-3.1678533596539501e-17
8.7399999999999998e-10,8.7400000000000000e+02,0.0000000000000000e+00,0.0000000000000000e+00,-6.6385636002389703e-17,-6.6385636002389703e-17
8.7499999999999998e-10,8.7500000000000000e+02,0.0000000000000000e+00,0.0000000000000000e+00,-7.0241097538284784e-17,-7.0241097538284784e-17
8.7599999999999997e-10,8.7600000000000000e+02,0.0000000000000000e+00,0.0000000000000000e+00,-7.7255654309222377e-17,-7.7255654309222377e-17
8.7699999999999997e-10,8.7700000000000000e+02,0.0000000000000000e+00,0.0000000000000000e+00,-8.2372006601831869e-17,-8.2372006601831869e-17
8.7799999999999997e-10,8.7800000000000000e+02,0.0000000000000000e+00,0.0000000000000000e+00,-9.9791741303895221e-17,-9.9791741303895221e-17
8.7899999999999996e-10,8.7900000000000000e+02,0.0000000000000000e+00,0.0000000000000000e+00,-8.8957736001830839e-17,-8.8957736001830839e-17
8.7999999999999996e-10,8.8000000000000000e+02,0.0000000000000000e+00,0.0000000000000000e+00,-1.1624153837656058e-16,-1.1624153837656058e-16
8.8099999999999996e-10,8.8100000000000000e+02,0.0000000000000000e+00,0.0000000000000000e+00,-9.8346234449990669e-17,-9.8346234449990669e-17
8.8199999999999995e-10,8.8200000000000000e+02,0.0000000000000000e+00,0.0000000000000000e+00,-1.4389780093281652e-16,-1.4389780093281652e-16
8.8299999999999995e-10,8.8300000000000000e+02,0.0000000000000000e+00,0.0000000000000000e+00,-8.8743181223597844e-17,-8.8743181223597844e-17
8.8399999999999995e-10,8.8400000000000000e+02,0.0000000000000000e+00,0.0000000000000000e+00,-1.0976323486547113e-16,-1.0976323486547113e-16
8.8499999999999994e-10,8.8500000000000000e+02,0.0000000000000000e+00,0.0000000000000000e+00,-8.2869035950040157e-17,-8.2869035950040157e-17
8.8599999999999994e-10,8.8600000000000000e+02,0.0000000000000000e+00,0.0000000000000000e+00,-7.3724496728190924e-17,-7.3724496728190924e-17
8.8699999999999994e-10,8.8700000000000000e+02,0.0000000000000000e+00,0.0000000000000000e+00,-9.2175124732195088e-17,-9.2175124732195088e-17
8.8799999999999993e-10,8.8800000000000000e+02,0.0000000000000000e+00,0.0000000000000000e+00,-2.7134001783596453e-17,-2.7134001783596453e-17
8.8900000000000003e-10,8.8900000000000000e+02,0.0000000000000000e+00,0.0000000000000000e+00,-3.3097814254918887e-17,-3.3097814254918887e-17
8.9000000000000003e-10,8.9000000000000000e+02,0.0000000000000000e+00,0.0000000000000000e+00,-3.4069893914036722e-17,-3.4069893914036722e-17
8.9100000000000003e-10,8.9100000000000000e+02,0.0000000000000000e+00,0.0000000000000000e+00,-4.0649510117956689e-17,-4.0649510117956689e-17
8.9200000000000002e-10,8.9200000000000000e+02,0.0000000000000000e+00,0.0000000000000000e+00,-2.9324480070168384e-17,-2.9324480070168384e-17
8.9300000000000002e-10,8.9300000000000000e+02,0.0000000000000000e+00,0.0000000000000000e+00,-4.6121007806414032e-17,-4.6121007806414032e-17
8.9400000000000001e-10,8.9400000000000000e+02,0.0000000000000000e+00,0.0000000000000000e+00,-3.9652850984905017e-17,-3.9652850984905017e-17
8.9500000000000001e-10,8.9500000000000000e+02,0.0000000000000000e+00,0.0000000000000000e+00,-1.6764205219695002e-17,-1.6764205219695002e-17
8.9600000000000001e-10,8.9600000000000000e+02,0.0000000000000000e+00,0.0000000000000000e+00,-1.2670668975915435e-17,-1.2670668975915435e-17
8.9700000000000000e-10,8.9700000000000000e+02,0.0000000000000000e+00,0.0000000000000000e+00,-2.7672686895023735e-17,-2.7672686895023735e-17
8.9800000000000000e-10,8.9800000000000000e+02,0.0000000000000000e+00,0.0000000000000000e+00,-1.8559368308205864e-17,-1.8559368308205864e-17
8.9900000000000000e-10,8.9900000000000000e+02,0.0000000000000000e+00,0.0000000000000000e+00,-3.5350536649187727e-17,-3.5350536649187727e-17
8.9999999999999999e-10,9.0000000000000000e+02,0.0000000000000000e+00,0.0000000000000000e+00,-4.7098309891411829e-17,-4.7098309891411829e-17
9.0099999999999999e-10,9.0100000000000000e+02,0.0000000000000000e+00,0.0000000000000000e+00,-1.0149945267078628e-17,-1.0149945267078628e-17
9.0199999999999999e-10,9.0200000000000000e+02,0.0000000000000000e+00,0.0000000000000000e+00,-1.3518770535594415e-17,-1.3518770535594415e-17
9.0299999999999998e-10,9.0300000000000000e+02,0.0000000000000000e+00,0.0000000000000000e+00,-1.3212125899255976e-18,-1.3212125899255976e-18
9.0399999999999998e-10,9.0400000000000000e+02,0.0000000000000000e+00,0.0000000000000000e+00,3.9950631721228882e-18,3.9950631721228882e-18
9.0499999999999998e-10,9.0500000000000000e+02,0.0000000000000000e+00,0.0000000000000000e+00,-1.4001282196892261e-17,-1.4001282196892261e-17
9.0599999999999997e-10,9.0600000000000000e+02,0.0000000000000000e+00,0.0000000000000000e+00,1.2358380366396664e-17,1.2358380366396664e-17
9.0699999999999997e-10,9.0700000000000000e+02,0.0000000000000000e+00,0.0000000000000000e+00,5.8759670144399303e-19,5.8759670144399303e-19
9.0799999999999997e-10,9.0800000000000000e+02,0.0000000000000000e+00,0.0000000000000000e+00,-1.7189936327566367e-17,-1.7189936327566367e-17
9.0899999999999996e-10,9.0900000000000000e+02,0.0000000000000000e+00,0.0000000000000000e+00,-2.3755088973102769e-17,-2.3755088973102769e-17
9.0999999999999996e-10,9.1000000000000000e+02,0.0000000000000000e+00,0.0000000000000000e+00,-3.8431587800919684e-18,-3.8431587800919684e-18
9.1099999999999996e-10,9.1100000000000000e+02,0.0000000000000000e+00,0.0000000000000000e+00,3.3149756216408464e-18,3.3149756216408464e-18
9.1199999999999995e-10,9.1200000000000000e+02,0.0000000000000000e+00,0.0000000000000000e+00,-4.8627767853420111e-18,-4.8627767853420111e-18
9.1299999999999995e-10,9.1300000000000000e+02,0.0000000000000000e+00,0.0000000000000000e+00,6.7272610221741199e-18,6.7272610221741199e-18
9.1399999999999995e-10,9.1400000000000000e+02,0.0000000000000000e+00,0.0000000000000000e+00,1.4703367124408829e-17,1.4703367124408829e-17
9.1499999999999994e-10,9.1500000000000000e+02,0.0000000000000000e+00,0.0000000000000000e+00,7.5015213015400044e-18,7.5015213015400044e-18
9.1599999999999994e-10,9.1600000000000000e+02,0.0000000000000000e+00,0.0000000000000000e+00,-1.0493660108328872e-17,-1.0493660108328872e-17
9.1699999999999994e-10,9.1700000000000000e+02,0.0000000000000000e+00,0.0000000000000000e+00,-3.1370069330019057e-17,-3.1370069330019057e-17
9.1799999999999993e-10,9.1800000000000000e+02,0.0000000000000000e+00,0.0000000000000000e+00,-5.2795175053821880e-17,-5.2795175053821880e-17
9.1900000000000003e-10,9.1900000000000000e+02,0.0000000000000000e+00,0.0000000000000000e+00,-3.6104309089829209e-17,-3.6104309089829209e-17
9.2000000000000003e-10,9.2000000000000000e+02,0.0000000000000000e+00,0.0000000000000000e+00,-1.9652252212488609e-17,-1.9652252212488609e-17
9.2100000000000002e-10,9.2100000000000000e+02,0.0000000000000000e+00,0.0000000000000000e+00,-8.1493395959958228e-17,-8.1493395959958228e-17
9.2200000000000002e-10,9.2200000000000000e+02,0.0000000000000000e+00,0.0000000000000000e+00,-4.7138958618916280e-17,-4.7138958618916280e-17
9.2300000000000002e-10,9.2300000000000000e+02,0.0000000000000000e+00,0.0000000000000000e+00,-8.4070213744322360e-17,-8.4070213744322360e-17
9.2400000000000001e-10,9.2400000000000000e+02,0.0000000000000000e+00,0.0000000000000000e+00,-7.0680409937739914e-17,-7.0680409937739914e-17
9.2500000000000001e-10,9.2500000000000000e+02,0.0000000000000000e+00,0.0000000000000000e+00,-9.8611793573804502e-17,-9.8611793573804502e-17
9.2600000000000001e-10,9.2600000000000000e+02,0.0000000000000000e+00,0.0000000000000000e+00,-1.0954281003366295e-16,-1.0954281003366295e-16
9.2700000000000000e-10,9.2700000000000000e+02,0.0000000000000000e+00,0.0000000000000000e+00,-6.3932767166160948e-17,-6.3932767166160948e-17
9.2800000000000000e-10,9.2800000000000000e+02,0.0000000000000000e+00,0.0000000000000000e+00,-5.0223197425721988e-17,-5.0223197425721988e-17
9.2900000000000000e-10,9.2900000000000000e+02,0.0000000000000000e+00,0.0000000000000000e+00,-3.5921979959268019e-17,-3.5921979959268019e-17
9.2999999999999999e-10,9.3000000000000000e+02,0.0000000000000000e+00,0.0000000000000000e+00,-4.0961799057153416e-17,-4.0961799057153416e-17
9.3099999999999999e-10,9.3100000000000000e+02,0.0000000000000000e+00,0.0000000000000000e+00,-1.2642083999882275e-17,-1.2642083999882275e-17
9.3199999999999988e-10,9.3200000000000000e+02,0.0000000000000000e+00,0.0000000000000000e+00,-1.1159572420419347e-17,-1.1159572420419347e-17
9.3299999999999998e-10,9.3300000000000000e+02,0.0000000000000000e+00,0.0000000000000000e+00,-4.8101439693212445e-17,-4.8101439693212445e-17
9.3400000000000008e-10,9.3400000000000000e+02,0.0000000000000000e+00,0.0000000000000000e+00,-4.3912532240845722e-17,-4.3912532240845722e-17
9.3499999999999998e-10,9.3500000000000000e+02,0.0000000000000000e+00,0.0000000000000000e+00,-4.7875804298154981e-17,-4.7875804298154981e-17
9.3600000000000008e-10,9.3600000000000000e+02,0.0000000000000000e+00,0.0000000000000000e+00,-5.0433128405695746e-17,-5.0433128405695746e-17
9.3699999999999997e-10,9.3700000000000000e+02,0.0000000000000000e+00,0.0000000000000000e+00,-3.9253105257347756e-17,-3.9253105257347756e-17
9.3800000000000007e-10,9.3800000000000000e+02,0.0000000000000000e+00,0.0000000000000000e+00,-4.6791572767875807e-17,-4.6791572767875807e-17
9.3899999999999996e-10,9.3900000000000000e+02,0.0000000000000000e+00,0.0000000000000000e+00,-4.4119688177980105e-17,-4.4119688177980105e-17
9.4000000000000006e-10,9.4000000000000000e+02,0.0000000000000000e+00,0.0000000000000000e+00,-1.7726970345602136e-17,-1.7726970345602136e-17
9.4099999999999996e-10,9.4100000000000000e+02,0.0000000000000000e+00,0.0000000000000000e+00,-1.8309215907143500e-17,-1.8309215907143500e-17
9.4200000000000006e-10,9.4200000000000000e+02,0.0000000000000000e+00,0.0000000000000000e+00,-3.6052724427351008e-17,-3.6052724427351008e-17
9.4299999999999995e-10,9.4300000000000000e+02,0.0000000000000000e+00,0.0000000000000000e+00,-2.4712956667655448e-17,-2.4712956667655448e-17
9.4400000000000005e-10,9.4400000000000000e+02,0.0000000000000000e+00,0.0000000000000000e+00,-1.2640615330675028e-17,-1.2640615330675028e-17
9.4499999999999994e-10,9.4500000000000000e+02,0.0000000000000000e+00,0.0000000000000000e+00,-4.7867326021611230e-18,-4.7867326021611230e-18
9.4600000000000004e-10,9.4600000000000000e+02,0.0000000000000000e+00,0.0000000000000000e+00,7.5218513084607094e-18,7.5218513084607094e-18
9.4699999999999994e-10,9.4700000000000000e+02,0.0000000000000000e+00,0.0000000000000000e+00,1.5239231224522506e-17,1.5239231224522506e-17
9.4800000000000004e-10,9.4800000000000000e+02,0.0000000000000000e+00,0.0000000000000000e+00,1.9508824326878842e-17,1.9508824326878842e-17
9.4899999999999993e-10,9.4900000000000000e+02,0.0000000000000000e+00,0.0000000000000000e+00,1.5223583159587393e-17,1.5223583159587393e-17
9.5000000000000003e-10,9.5000000000000000e+02,0.0000000000000000e+00,0.0000000000000000e+00,3.7238200649122990e-17,3.7238200649122990e-17
9.5099999999999992e-10,9.5100000000000000e+02,0.0000000000000000e+00,0.0000000000000000e+00,9.1070999252368570e-18,9.1070999252368570e-18
9.5200000000000002e-10,9.5200000000000000e+02,0.0000000000000000e+00,0.0000000000000000e+00,1.4400012839257128e-17,1.4400012839257128e-17
9.5299999999999991e-10,9.5300000000000000e+02,0.0000000000000000e+00,0.0000000000000000e+00,1.4990655086168969e-17,1.4990655086168969e-17
9.5400000000000001e-10,9.5400000000000000e+02,0.0000000000000000e+00,0.0000000000000000e+00,-5.1038230266215889e-18,-5.1038230266215889e-18
9.5499999999999991e-10,9.5500000000000000e+02,0.0000000000000000e+00,0.0000000000000000e+00,-9.4822642987416093e-18,-9.4822642987416093e-18
9.5600000000000001e-10,9.5600000000000000e+02,0.0000000000000000e+00,0.0000000000000000e+00,1.7162990316814369e-17,1.7162990316814369e-17
9.5699999999999990e-10,9.5700000000000000e+02,0.0000000000000000e+00,0.0000000000000000e+00,7.6065681190408111e-18,7.6065681190408111e-18
9.5800000000000000e-10,9.5800000000000000e+02,0.0000000000000000e+00,0.0000000000000000e+00,3.6489262920284068e-17,3.6489262920284068e-17
9.5899999999999989e-10,9.5900000000000000e+02,0.0000000000000000e+00,0.0000000000000000e+00,4.8656217345869400e-17,4.8656217345869400e-17
9.5999999999999999e-10,9.6000000000000000e+02,0.0000000000000000e+00,0.0000000000000000e+00,3.3562309708822997e-17,3.3562309708822997e-17
9.6099999999999989e-10,9.6100000000000000e+02,0.0000000000000000e+00,0.0000000000000000e+00,2.4418488115914888e-17,2.4418488115914888e-17
9.6199999999999999e-10,9.6200000000000000e+02,0.0000000000000000e+00,0.0000000000000000e+00,7.9252046013167767e-17,7.9252046013167767e-17
9.6299999999999988e-10,9.6300000000000000e+02,0.0000000000000000e+00,0.0000000000000000e+00,4.5569396455390036e-17,4.5569396455390036e-17
9.6399999999999998e-10,9.6400000000000000e+02,0.0000000000000000e+00,0.0000000000000000e+00,5.4841615346624797e-17,5.4841615346624797e-17
9.6500000000000008e-10,9.6500000000000000e+02,0.0000000000000000e+00,0.0000000000000000e+00,7.2688539131423198e-18,7.2688539131423198e-18
9.6599999999999997e-10,9.6600000000000000e+02,0.0000000000000000e+00,0.0000000000000000e+00,1.1040735844817866e-17,1.1040735844817866e-17
9.6700000000000007e-10,9.6700000000000000e+02,0.0000000000000000e+00,0.0000000000000000e+00,1.6718841823195667e-17,1.6718841823195667e-17
9.6799999999999997e-10,9.6800000000000000e+02,0.0000000000000000e+00,0.0000000000000000e+00,-1.9403172728707118e-17,-1.9403172728707118e-17
9.6900000000000007e-10,9.6900000000000000e+02,0.0000000000000000e+00,0.0000000000000000e+00,9.2209647746954867e-19,9.2209647746954867e-19
9.6999999999999996e-10,9.7000000000000000e+02,0.0000000000000000e+00,0.0000000000000000e+00,-2.7447376520723993e-17,-2.7447376520723993e-17
9.7100000000000006e-10,9.7100000000000000e+02,0.0000000000000000e+00,0.0000000000000000e+00,-7.3307064741882506e-18,-7.3307064741882506e-18
9.7199999999999995e-10,9.7200000000000000e+02,0.0000000000000000e+00,0.0000000000000000e+00,3.2919818015399853e-18,3.2919818015399853e-18
9.7300000000000005e-10,9.7300000000000000e+02,0.0000000000000000e+00,0.0000000000000000e+00,-7.2806315483543821e-18,-7.2806315483543821e-18
9.7399999999999995e-10,9.7400000000000000e+02,0.0000000000000000e+00,0.0000000000000000e+00,1.4985304017059651e-17,1.4985304017059651e-17
9.7500000000000005e-10,9.7500000000000000e+02,0.0000000000000000e+00,0.0000000000000000e+00,3.1858954650144261e-17,3.1858954650144261e-17
9.7599999999999994e-10,9.7600000000000000e+02,0.0000000000000000e+00,0.0000000000000000e+00,2.1805219489615519e-17,2.1805219489615519e-17
9.7700000000000004e-10,9.7700000000000000e+02,0.0000000000000000e+00,0.0000000000000000e+00,-2.8203772786333366e-18,-2.8203772786333366e-18
9.7799999999999993e-10,9.7800000000000000e+02,0.0000000000000000e+00,0.0000000000000000e+00,6.3174640001577070e-18,6.3174640001577070e-18
9.7900000000000003e-10,9.7900000000000000e+02,0.0000000000000000e+00,0.0000000000000000e+00,-1.7155298630431034e-17,-1.7155298630431034e-17
9.7999999999999992e-10,9.8000000000000000e+02,0.0000000000000000e+00,0.0000000000000000e+00,-1.7426073370109799e-17,-1.7426073370109799e-17
9.8100000000000002e-10,9.8100000000000000e+02,0.0000000000000000e+00,0.0000000000000000e+00,-2.6755053227795231e-17,-2.6755053227795231e-17
9.8199999999999992e-10,9.8200000000000000e+02,0.0000000000000000e+00,0.0000000000000000e+00,-1.9667411325057519e-17,-1.9667411325057519e-17
9.8300000000000002e-10,9.8300000000000000e+02,0.0000000000000000e+00,0.0000000000000000e+00,2.9836162050816239e-18,2.9836162050816239e-18
9.8399999999999991e-10,9.8400000000000000e+02,0.0000000000000000e+00,0.0000000000000000e+00,-1.3778920308627611e-17,-1.3778920308627611e-17
9.8500000000000001e-10,9.8500000000000000e+02,0.0000000000000000e+00,0.0000000000000000e+00,2.4736341587398769e-18,2.4736341587398769e-18
9.8599999999999990e-10,9.8600000000000000e+02,0.0000000000000000e+00,0.0000000000000000e+00,9.6580858133273560e-18,9.6580858133273560e-18
9.8700000000000000e-10,9.8700000000000000e+02,0.0000000000000000e+00,0.0000000000000000e+00,-1.9213757024779982e-17,-1.9213757024779982e-17
9.8799999999999990e-10,9.8800000000000000e+02,0.0000000000000000e+00,0.0000000000000000e+00,2.6170413644254471e-18,2.6170413644254471e-18
9.8900000000000000e-10,9.8900000000000000e+02,0.0000000000000000e+00,0.0000000000000000e+00,-2.9433280486095491e-17,-2.9433280486095491e-17
9.8999999999999989e-10,9.9000000000000000e+02,0.0000000000000000e+00,0.0000000000000000e+00,-7.9461774657087676e-18,-7.9461774657087676e-18
9.9099999999999999e-10,9.9100000000000000e+02,0.0000000000000000e+00,0.0000000000000000e+00,-1.3454587231705000e-17,-1.3454587231705000e-17
9.9199999999999988e-10,9.9200000000000000e+02,0.0000000000000000e+00,0.0000000000000000e+00,4.6335331164454786e-18,4.6335331164454786e-18
9.9299999999999998e-10,9.9300000000000000e+02,0.0000000000000000e+00,0.0000000000000000e+00,2.9164958793979115e-17,2.9164958793979115e-17
9.9400000000000008e-10,9.9400000000000000e+02,0.0000000000000000e+00,0.0000000000000000e+00,6.0642071215657860e-17,6.0642071215657860e-17
9.9499999999999998e-10,9.9500000000000000e+02,0.0000000000000000e+00,0.0000000000000000e+00,6.1246568034711910e-17,6.1246568034711910e-17
9.9600000000000008e-10,9.9600000000000000e+02,0.0000000000000000e+00,0.0000000000000000e+00,6.3984489483002292e-17,6.3984489483002292e-17
9.9699999999999997e-10,9.9700000000000000e+02,0.0000000000000000e+00,0.0000000000000000e+00,5.6026558065791945e-17,5.6026558065791945e-17
9.9800000000000007e-10,9.9800000000000000e+02,0.0000000000000000e+00,0.0000000000000000e+00,6.8407560669343333e-17,6.8407560669343333e-17
9.9899999999999996e-10,9.9900000000000000e+02,0.0000000000000000e+00,0.0000000000000000e+00,8.5869538693533768e-17,8.5869538693533768e-17
1.0000000000000001e-09,1.0000000000000000e+03,0.0000000000000000e+00,0.0000000000000000e+00,5.3280467694126918e-17,5.3280467694126918e-17
1.0010000000000000e-09,1.0010000000000000e+03,0.0000000000000000e+00,0.0000000000000000e+00,4.7561021703172275e-17,4.7561021703172275e-17
1.0020000000000001e-09,1.0020000000000000e+03,0.0000000000000000e+00,0.0000000000000000e+00,4.2192804142610521e-17,4.2192804142610521e-17
1.0029999999999999e-09,1.0030000000000000e+03,0.0000000000000000e+00,0.0000000000000000e+00,3.0196405197935496e-17,3.0196405197935496e-17
1.0040000000000000e-09,1.0040000000000000e+03,0.0000000000000000e+00,0.0000000000000000e+00,1.3988408989701808e-17,1.3988408989701808e-17
1.0049999999999999e-09,1.0050000000000000e+03,0.0000000000000000e+00,0.0000000000000000e+00,-2.0959253138896661e-18,-2.0959253138896661e-18
1.0060000000000000e-09,1.0060000000000000e+03,0.0000000000000000e+00,0.0000000000000000e+00,-4.1871156085088745e-18,-4.1871156085088745e-18
1.0069999999999999e-09,1.0070000000000000e+03,0.0000000000000000e+00,0.0000000000000000e+00,-1.4084612865802364e-17,-1.4084612865802364e-17
1.0080000000000000e-09,1.0080000000000000e+03,0.0000000000000000e+00,0.0000000000000000e+00,-9.8611455633187841e-18,-9.8611455633187841e-18
1.0089999999999999e-09,1.0090000000000000e+03,0.0000000000000000e+00,0.0000000000000000e+00,-2.9769886489678318e-17,-2.9769886489678318e-17
1.0100000000000000e-09,1.0100000000000000e+03,0.0000000000000000e+00,0.0000000000000000e+00,-2.7436669274116616e-17,-2.7436669274116616e-17
1.0109999999999999e-09,1.0110000000000000e+03,0.0000000000000000e+00,0.0000000000000000e+00,-2.1600336996981103e-17,-2.1600336996981103e-17
1.0120000000000000e-09,1.0120000000000000e+03,0.0000000000000000e+00,0.0000000000000000e+00,-1.1958384877859849e-17,-1.1958384877859849e-17
1.0129999999999999e-09,1.0130000000000000e+03,0.0000000000000000e+00,0.0000000000000000e+00,-5.3453565077395905e-17,-5.3453565077395905e-17
1.0140000000000000e-09,1.0140000000000000e+03,0.0000000000000000e+00,0.0000000000000000e+00,-5.3371022357917023e-17,-5.3371022357917023e-17
1.0149999999999999e-09,1.0150000000000000e+03,0.0000000000000000e+00,0.0000000000000000e+00,-7.0316680108995970e-17,-7.0316680108995970e-17
1.0160000000000000e-09,1.0160000000000000e+03,0.0000000000000000e+00,0.0000000000000000e+00,-6.5118832056364570e-17,-6.5118832056364570e-17
1.0169999999999999e-09,1.0170000000000000e+03,0.0000000000000000e+00,0.0000000000000000e+00,-6.2533485273544265e-17,-6.2533485273544265e-17
1.0180000000000000e-09,1.0180000000000000e+03,0.0000000000000000e+00,0.0000000000000000e+00,-6.4359798987502352e-17,-6.4359798987502352e-17
1.0189999999999999e-09,1.0190000000000000e+03,0.0000000000000000e+00,0.0000000000000000e+00,-8.7093031468096237e-17,-8.7093031468096237e-17
1.0200000000000000e-09,1.0200000000000000e+03,0.0000000000000000e+00,0.0000000000000000e+00,-4.7579846557801524e-17,-4.7579846557801524e-17
1.0209999999999999e-09,1.0210000000000000e+03,0.0000000000000000e+00,0.0000000000000000e+00,-5.0206242942836984e-17,-5.0206242942836984e-17
1.0220000000000000e-09,1.0220000000000000e+03,0.0000000000000000e+00,0.0000000000000000e+00,-6.1549431961767945e-17,-6.1549431961767945e-17
1.0229999999999999e-09,1.0230000000000000e+03,0.0000000000000000e+00,0.0000000000000000e+00,-6.3261475804230415e-17,-6.3261475804230415e-17
1.0240000000000000e-09,1.0240000000000000e+03,0.0000000000000000e+00,0.0000000000000000e+00,-2.3182776931957943e-17,-2.3182776931957943e-17
1.0250000000000001e-09,1.0250000000000000e+03,0.0000000000000000e+00,0.0000000000000000e+00,-2.4815463377096818e-17,-2.4815463377096818e-17
1.0260000000000000e-09,1.0260000000000000e+03,0.0000000000000000e+00,0.0000000000000000e+00,-1.4243256086119549e-19,-1.4243256086119549e-19
1.0270000000000001e-09,1.0270000000000000e+03,0.0000000000000000e+00,0.0000000000000000e+00,9.0541363460337417e-18,9.0541363460337417e-18
1.0280000000000000e-09,1.0280000000000000e+03,0.0000000000000000e+00,0.0000000000000000e+00,-1.5242662278903246e-18,-1.5242662278903246e-18
1.0290000000000001e-09,1.0290000000000000e+03,0.0000000000000000e+00,0.0000000000000000e+00,2.0876132849244859e-18,2.0876132849244859e-18
1.0300000000000000e-09,1.0300000000000000e+03,0.0000000000000000e+00,0.0000000000000000e+00,3.6174053442552150e-17,3.6174053442552150e-17
1.0310000000000001e-09,1.0310000000000000e+03,0.0000000000000000e+00,0.0000000000000000e+00,1.0165967675721274e-17,1.0165967675721274e-17
1.0320000000000000e-09,1.0320000000000000e+03,0.0000000000000000e+00,0.0000000000000000e+00,2.7249583284558366e-17,2.7249583284558366e-17
1.0330000000000001e-09,1.0330000000000000e+03,0.0000000000000000e+00,0.0000000000000000e+00,2.7723659683575828e-17,2.7723659683575828e-17
1.0339999999999999e-09,1.0340000000000000e+03,0.0000000000000000e+00,0.0000000000000000e+00,1.8452682903044987e-17,1.8452682903044987e-17
1.0350000000000000e-09,1.0350000000000000e+03,0.0000000000000000e+00,0.0000000000000000e+00,3.0712647050101361e-17,3.0712647050101361e-17
1.0359999999999999e-09,1.0360000000000000e+03,0.0000000000000000e+00,0.0000000000000000e+00,4.8657241210516244e-17,4.8657241210516244e-17
1.0370000000000000e-09,1.0370000000000000e+03,0.0000000000000000e+00,0.0000000000000000e+00,2.3340072277199931e-17,2.3340072277199931e-17
1.0379999999999999e-09,1.0380000000000000e+03,0.0000000000000000e+00,0.0000000000000000e+00,2.7215570940945721e-17,2.7215570940945721e-17
1.0390000000000000e-09,1.0390000000000000e+03,0.0000000000000000e+00,0.0000000000000000e+00,3.2874668208661752e-17,3.2874668208661752e-17
1.0399999999999999e-09,1.0400000000000000e+03,0.0000000000000000e+00,0.0000000000000000e+00,2.8333785457043870e-17,2.8333785457043870e-17
1.0410000000000000e-09,1.0410000000000000e+03,0.0000000000000000e+00,0.0000000000000000e+00,4.1074209189528325e-17,4.1074209189528325e-17
1.0419999999999999e-09,1.0420000000000000e+03,0.0000000000000000e+00,0.0000000000000000e+00,5.1123277050030875e-17,5.1123277050030875e-17
1.0430000000000000e-09,1.0430000000000000e+03,0.0000000000000000e+00,0.0000000000000000e+00,1.9836612981633672e-17,1.9836612981633672e-17
1.0439999999999999e-09,1.0440000000000000e+03,0.0000000000000000e+00,0.0000000000000000e+00,2.3312443119997905e-17,2.3312443119997905e-17
1.0450000000000000e-09,1.0450000000000000e+03,0.0000000000000000e+00,0.0000000000000000e+00,6.1884319811375530e-18,6.1884319811375530e-18
1.0459999999999999e-09,1.0460000000000000e+03,0.0000000000000000e+00,0.0000000000000000e+00,-8.1782950100751620e-18,-8.1782950100751620e-18
1.0470000000000000e-09,1.0470000000000000e+03,0.0000000000000000e+00,0.0000000000000000e+00,-1.2589511573653085e-17,-1.2589511573653085e-17
1.0479999999999999e-09,1.0480000000000000e+03,0.0000000000000000e+00,0.0000000000000000e+00,1.9198858050963603e-17,1.9198858050963603e-17
1.0490000000000000e-09,1.0490000000000000e+03,0.0000000000000000e+00,0.0000000000000000e+00,1.1039712600120295e-17,1.1039712600120295e-17
1.0499999999999999e-09,1.0500000000000000e+03,0.0000000000000000e+00,0.0000000000000000e+00,-1.4122257399513587e-17,-1.4122257399513587e-17
1.0510000000000000e-09,1.0510000000000000e+03,0.0000000000000000e+00,0.0000000000000000e+00,-8.8692118435897281e-18,-8.8692118435897281e-18
1.0519999999999999e-09,1.0520000000000000e+03,0.0000000000000000e+00,0.0000000000000000e+00,-3.9473438676442542e-17,-3.9473438676442542e-17
1.0530000000000000e-09,1.0530000000000000e+03,0.0000000000000000e+00,0.0000000000000000e+00,-3.7060564739772403e-17,-3.7060564739772403e-17
1.0539999999999999e-09,1.0540000000000000e+03,0.0000000000000000e+00,0.0000000000000000e+00,-4.8140672869915953e-17,-4.8140672869915953e-17
1.0550000000000000e-09,1.0550000000000000e+03,0.0000000000000000e+00,0.0000000000000000e+00,-7.8668395417573299e-17,-7.8668395417573299e-17
1.0560000000000001e-09,1.0560000000000000e+03,0.0000000000000000e+00,0.0000000000000000e+00,-4.3370183310979734e-17,-4.3370183310979734e-17
1.0570000000000000e-09,1.0570000000000000e+03,0.0000000000000000e+00,0.0000000000000000e+00,-4.0055935292708549e-17,-4.0055935292708549e-17
1.0580000000000001e-09,1.0580000000000000e+03,0.0000000000000000e+00,0.0000000000000000e+00,-4.4956091039684730e-17,-4.4956091039684730e-17
1.0590000000000000e-09,1.0590000000000000e+03,0.0000000000000000e+00,0.0000000000000000e+00,-4.2577229446627239e-17,-4.2577229446627239e-17
1.0600000000000001e-09,1.0600000000000000e+03,0.0000000000000000e+00,0.0000000000000000e+00,-1.3952195681450362e-17,-1.3952195681450362e-17
1.0610000000000000e-09,1.0610000000000000e+03,0.0000000000000000e+00,0.0000000000000000e+00,-3.7893914134148164e-17,-3.7893914134148164e-17
1.0620000000000001e-09,1.0620000000000000e+03,0.0000000000000000e+00,0.0000000000000000e+00,-3.5421495108222909e-17,-3.5421495108222909e-17
1.0629999999999999e-09,1.0630000000000000e+03,0.0000000000000000e+00,0.0000000000000000e+00,-1.4704754015779597e-17,-1.4704754015779597e-17
1.0640000000000000e-09,1.0640000000000000e+03,0.0000000000000000e+00,0.0000000000000000e+00,-2.2355810723992803e-17,-2.2355810723992803e-17
1.0649999999999999e-09,1.0650000000000000e+03,0.0000000000000000e+00,0.0000000000000000e+00,-1.4026603555086271e-17,-1.4026603555086271e-17
1.0660000000000000e-09,1.0660000000000000e+03,0.0000000000000000e+00,0.0000000000000000e+00,5.2721951151557114e-18,5.2721951151557114e-18
1.0669999999999999e-09,1.0670000000000000e+03,0.0000000000000000e+00,0.0000000000000000e+00,-5.6448634068031083e-17,-5.6448634068031083e-17
1.0680000000000000e-09,1.0680000000000000e+03,0.0000000000000000e+00,0.0000000000000000e+00,-2.9579569749622422e-17,-2.9579569749622422e-17
1.0689999999999999e-09,1.0690000000000000e+03,0.0000000000000000e+00,0.0000000000000000e+00,-5.2449852402655947e-17,-5.2449852402655947e-17
1.0700000000000000e-09,1.0700000000000000e+03,0.0000000000000000e+00,0.0000000000000000e+00,-5.4307858880262098e-17,-5.4307858880262098e-17
1.0709999999999999e-09,1.0710000000000000e+03,0.0000000000000000e+00,0.0000000000000000e+00,-5.5628051046476558e-17,-5.5628051046476558e-17
1.0720000000000000e-09,1.0720000000000000e+03,0.0000000000000000e+00,0.0000000000000000e+00,-2.3433629710067689e-17,-2.3433629710067689e-17
1.0729999999999999e-09,1.0730000000000000e+03,0.0000000000000000e+00,0.0000000000000000e+00,-4.6988446010205165e-17,-4.6988446010205165e-17
1.0740000000000000e-09,1.0740000000000000e+03,0.0000000000000000e+00,0.0000000000000000e+00,-3.8531669064818230e-17,-3.8531669064818230e-17
1.0749999999999999e-09,1.0750000000000000e+03,0.0000000000000000e+00,0.0000000000000000e+00,-3.7175368143431565e-17,-3.7175368143431565e-17
1.0760000000000000e-09,1.0760000000000000e+03,0.0000000000000000e+00,0.0000000000000000e+00,-3.1992443686292555e-17,-3.1992443686292555e-17
1.0769999999999999e-09,1.0770000000000000e+03,0.0000000000000000e+00,0.0000000000000000e+00,-2.8331689045484308e-17,-2.8331689045484308e-17
1.0780000000000000e-09,1.0780000000000000e+03,0.0000000000000000e+00,0.0000000000000000e+00,-1.8235842468547883e-17,-1.8235842468547883e-17
1.0789999999999999e-09,1.0790000000000000e+03,0.0000000000000000e+00,0.0000000000000000e+00,-2.4502969098172400e-17,-2.4502969098172400e-17
1.0800000000000000e-09,1.0800000000000000e+03,0.0000000000000000e+00,0.0000000000000000e+00,4.7577231861149858e-18,4.7577231861149858e-18
1.0809999999999999e-09,1.0810000000000000e+03,0.0000000000000000e+00,0.0000000000000000e+00,-1.0848404911265663e-17,-1.0848404911265663e-17
1.0820000000000000e-09,1.0820000000000000e+03,0.0000000000000000e+00,0.0000000000000000e+00,-2.5710454272287245e-17,-2.5710454272287245e-17
1.0829999999999999e-09,1.0830000000000000e+03,0.0000000000000000e+00,0.0000000000000000e+00,-1.4636729328554310e-17,-1.4636729328554310e-17
1.0840000000000000e-09,1.0840000000000000e+03,0.0000000000000000e+00,0.0000000000000000e+00,1.2672399045259168e-17,1.2672399045259168e-17
1.0850000000000001e-09,1.0850000000000000e+03,0.0000000000000000e+00,0.0000000000000000e+00,-3.3761179505882011e-17,-3.3761179505882011e-17
1.0860000000000000e-09,1.0860000000000000e+03,0.0000000000000000e+00,0.0000000000000000e+00,-1.8607881836727413e-17,-1.8607881836727413e-17
1.0870000000000001e-09,1.0870000000000000e+03,0.0000000000000000e+00,0.0000000000000000e+00,8.2207869516579847e-18,8.2207869516579847e-18
1.0880000000000000e-09,1.0880000000000000e+03,0.0000000000000000e+00,0.0000000000000000e+00,5.0980844489169682e-17,5.0980844489169682e-17
1.0890000000000001e-09,1.0890000000000000e+03,0.0000000000000000e+00,0.0000000000000000e+00,1.8771560368380026e-18,1.8771560368380026e-18
1.0900000000000000e-09,1.0900000000000000e+03,0.0000000000000000e+00,0.0000000000000000e+00,-8.2335533244792169e-18,-8.2335533244792169e-18
1.0910000000000001e-09,1.0910000000000000e+03,0.0000000000000000e+00,0.0000000000000000e+00,-8.1782950100751620e-18,-8.1782950100751620e-18
1.0920000000000000e-09,1.0920000000000000e+03,0.0000000000000000e+00,0.0000000000000000e+00,1.5178830414797062e-18,1.5178830414797062e-18
1.0930000000000001e-09,1.0930000000000000e+03,0.0000000000000000e+00,0.0000000000000000e+00,1.0680439604761998e-17,1.0680439604761998e-17
1.0939999999999999e-09,1.0940000000000000e+03,0.0000000000000000e+00,0.0000000000000000e+00,-1.4237060803172753e-17,-1.4237060803172753e-17
1.0950000000000000e-09,1.0950000000000000e+03,0.0000000000000000e+00,0.0000000000000000e+00,-3.5610706385517980e-17,-3.5610706385517980e-17
1.0959999999999999e-09,1.0960000000000000e+03,0.0000000000000000e+00,0.0000000000000000e+00,-2.4415794851715261e-17,-2.4415794851715261e-17
1.0970000000000000e-09,1.0970000000000000e+03,0.0000000000000000e+00,0.0000000000000000e+00,-4.9841384002280118e-17,-4.9841384002280118e-17
1.0979999999999999e-09,1.0980000000000000e+03,0.0000000000000000e+00,0.0000000000000000e+00,-4.9637309940604254e-17,-4.9637309940604254e-17
1.0990000000000000e-09,1.0990000000000000e+03,0.0000000000000000e+00,0.0000000000000000e+00,-4.5727798933245820e-17,-4.5727798933245820e-17
1.0999999999999999e-09,1.1000000000000000e+03,0.0000000000000000e+00,0.0000000000000000e+00,-2.3108369058322037e-17,-2.3108369058322037e-17
1.1010000000000000e-09,1.1010000000000000e+03,0.0000000000000000e+00,0.0000000000000000e+00,-4.6514369611187696e-17,-4.6514369611187696e-17
1.1019999999999999e-09,1.1020000000000000e+03,0.0000000000000000e+00,0.0000000000000000e+00,-3.8640089282066781e-17,-3.8640089282066781e-17
1.1030000000000000e-09,1.1030000000000000e+03,0.0000000000000000e+00,0.0000000000000000e+00,-7.2671271125290383e-17,-7.2671271125290383e-17
1.1039999999999999e-09,1.1040000000000000e+03,0.0000000000000000e+00,0.0000000000000000e+00,-2.5995319394009639e-17,-2.5995319394009639e-17
1.1050000000000000e-09,1.1050000000000000e+03,0.0000000000000000e+00,0.0000000000000000e+00,-9.6834116787336345e-18,-9.6834116787336345e-18
1.1059999999999999e-09,1.1060000000000000e+03,0.0000000000000000e+00,0.0000000000000000e+00,-1.4373110177623330e-17,-1.4373110177623330e-17
1.1070000000000000e-09,1.1070000000000000e+03,0.0000000000000000e+00,0.0000000000000000e+00,-2.0735890651675161e-17,-2.0735890651675161e-17
1.1079999999999999e-09,1.1080000000000000e+03,0.0000000000000000e+00,0.0000000000000000e+00,-3.3510326727772268e-17,-3.3510326727772268e-17
1.1090000000000000e-09,1.1090000000000000e+03,0.0000000000000000e+00,0.0000000000000000e+00,2.2309032007558924e-17,2.2309032007558924e-17
1.1099999999999999e-09,1.1100000000000000e+03,0.0000000000000000e+00,0.0000000000000000e+00,2.6645840697500942e-17,2.6645840697500942e-17
1.1110000000000000e-09,1.1110000000000000e+03,0.0000000000000000e+00,0.0000000000000000e+00,-1.4677124858577570e-17,-1.4677124858577570e-17
1.1119999999999999e-09,1.1120000000000000e+03,0.0000000000000000e+00,0.0000000000000000e+00,1.5023631481114633e-17,1.5023631481114633e-17
1.1130000000000000e-09,1.1130000000000000e+03,0.0000000000000000e+00,0.0000000000000000e+00,-5.7058759841499116e-18,-5.7058759841499116e-18
1.1139999999999999e-09,1.1140000000000000e+03,0.0000000000000000e+00,0.0000000000000000e+00,-1.4874815733842822e-17,-1.4874815733842822e-17
1.1150000000000000e-09,1.1150000000000000e+03,0.0000000000000000e+00,0.0000000000000000e+00,6.2756062275946920e-18,6.2756062275946920e-18
1.1160000000000001e-09,1.1160000000000000e+03,0.0000000000000000e+00,0.0000000000000000e+00,2.3690865674588050e-17,2.3690865674588050e-17
1.1170000000000000e-09,1.1170000000000000e+03,0.0000000000000000e+00,0.0000000000000000e+00,6.7900781566354168e-18,6.7900781566354168e-18
1.1180000000000001e-09,1.1180000000000000e+03,0.0000000000000000e+00,0.0000000000000000e+00,9.3049891241434876e-18,9.3049891241434876e-18
1.1190000000000000e-09,1.1190000000000000e+03,0.0000000000000000e+00,0.0000000000000000e+00,-1.9794121040050852e-17,-1.9794121040050852e-17
1.1200000000000001e-09,1.1200000000000000e+03,0.0000000000000000e+00,0.0000000000000000e+00,-2.0322407547692590e-17,-2.0322407547692590e-17
1.1210000000000000e-09,1.1210000000000000e+03,0.0000000000000000e+00,0.0000000000000000e+00,-1.5271292666019070e-17,-1.5271292666019070e-17
1.1220000000000001e-09,1.1220000000000000e+03,0.0000000000000000e+00,0.0000000000000000e+00,-7.5118157405573165e-18,-7.5118157405573165e-18
1.1229999999999999e-09,1.1230000000000000e+03,0.0000000000000000e+00,0.0000000000000000e+00,-2.4224487162860628e-18,-2.4224487162860628e-18
1.1240000000000000e-09,1.1240000000000000e+03,0.0000000000000000e+00,0.0000000000000000e+00,-9.5888060400860959e-18,-9.5888060400860959e-18
1.1249999999999999e-09,1.1250000000000000e+03,0.0000000000000000e+00,0.0000000000000000e+00,4.9809468070227036e-18,4.9809468070227036e-18
1.1260000000000000e-09,1.1260000000000000e+03,0.0000000000000000e+00,0.0000000000000000e+00,-2.4766588249103377e-18,-2.4766588249103377e-18
1.1269999999999999e-09,1.1270000000000000e+03,0.0000000000000000e+00,0.0000000000000000e+00,-4.1270875346946782e-17,-4.1270875346946782e-17
1.1280000000000000e-09,1.1280000000000000e+03,0.0000000000000000e+00,0.0000000000000000e+00,-2.5191742544261432e-18,-2.5191742544261432e-18
1.1289999999999999e-09,1.1290000000000000e+03,0.0000000000000000e+00,0.0000000000000000e+00,-2.3039284421350478e-17,-2.3039284421350478e-17
1.1300000000000000e-09,1.1300000000000000e+03,0.0000000000000000e+00,0.0000000000000000e+00,-2.5893818210028087e-17,-2.5893818210028087e-17
1.1309999999999999e-09,1.1310000000000000e+03,0.0000000000000000e+00,0.0000000000000000e+00,8.6892839345494007e-18,8.6892839345494007e-18
1.1320000000000000e-09,1.1320000000000000e+03,0.0000000000000000e+00,0.0000000000000000e+00,5.5192421896941996e-18,5.5192421896941996e-18
1.1329999999999999e-09,1.1330000000000000e+03,0.0000000000000000e+00,0.0000000000000000e+00,9.5235321730665947e-18,9.5235321730665947e-18
1.1340000000000000e-09,1.1340000000000000e+03,0.0000000000000000e+00,0.0000000000000000e+00,1.7894694196891899e-17,1.7894694196891899e-17
1.1349999999999999e-09,1.1350000000000000e+03,0.0000000000000000e+00,0.0000000000000000e+00,-5.6765916880849246e-18,-5.6765916880849246e-18
1.1360000000000000e-09,1.1360000000000000e+03,0.0000000000000000e+00,0.0000000000000000e+00,-3.3572595308862775e-18,-3.3572595308862775e-18
1.1369999999999999e-09,1.1370000000000000e+03,0.0000000000000000e+00,0.0000000000000000e+00,3.0598826992154577e-18,3.0598826992154577e-18
1.1380000000000000e-09,1.1380000000000000e+03,0.0000000000000000e+00,0.0000000000000000e+00,-1.3915922486800786e-17,-1.3915922486800786e-17
1.1389999999999999e-09,1.1390000000000000e+03,0.0000000000000000e+00,0.0000000000000000e+00,1.0406810349424271e-17,1.0406810349424271e-17
1.1400000000000000e-09,1.1400000000000000e+03,0.0000000000000000e+00,0.0000000000000000e+00,2.2937098676434654e-17,2.2937098676434654e-17
1.1409999999999999e-09,1.1410000000000000e+03,0.0000000000000000e+00,0.0000000000000000e+00,-6.0315347504282022e-20,-6.0315347504282022e-20
1.1420000000000000e-09,1.1420000000000000e+03,0.0000000000000000e+00,0.0000000000000000e+00,2.9768894436690226e-17,2.9768894436690226e-17
1.1429999999999999e-09,1.1430000000000000e+03,0.0000000000000000e+00,0.0000000000000000e+00,7.3666188880846598e-18,7.3666188880846598e-18
1.1440000000000000e-09,1.1440000000000000e+03,0.0000000000000000e+00,0.0000000000000000e+00,1.8683708512850579e-17,1.8683708512850579e-17
1.1450000000000001e-09,1.1450000000000000e+03,0.0000000000000000e+00,0.0000000000000000e+00,-3.9825166869837703e-18,-3.9825166869837703e-18
1.1460000000000000e-09,1.1460000000000000e+03,0.0000000000000000e+00,0.0000000000000000e+00,1.4822862422416811e-17,1.4822862422416811e-17
1.1470000000000001e-09,1.1470000000000000e+03,0.0000000000000000e+00,0.0000000000000000e+00,2.5228479083075867e-17,2.5228479083075867e-17
1.1480000000000000e-09,1.1480000000000000e+03,0.0000000000000000e+00,0.0000000000000000e+00,1.6112347247996662e-17,1.6112347247996662e-17
1.1490000000000001e-09,1.1490000000000000e+03,0.0000000000000000e+00,0.0000000000000000e+00,4.3772042199652796e-18,4.3772042199652796e-18
1.1500000000000000e-09,1.1500000000000000e+03,0.0000000000000000e+00,0.0000000000000000e+00,2.7229852917550255e-17,2.7229852917550255e-17
1.1510000000000001e-09,1.1510000000000000e+03,0.0000000000000000e+00,0.0000000000000000e+00,8.4658041341799857e-18,8.4658041341799857e-18
1.1520000000000000e-09,1.1520000000000000e+03,0.0000000000000000e+00,0.0000000000000000e+00,3.3851973248133792e-17,3.3851973248133792e-17
1.1530000000000001e-09,1.1530000000000000e+03,0.0000000000000000e+00,0.0000000000000000e+00,-5.8342524342596439e-19,-5.8342524342596439e-19
1.1539999999999999e-09,1.1540000000000000e+03,0.0000000000000000e+00,0.0000000000000000e+00,1.8469828868369950e-18,1.8469828868369950e-18
1.1550000000000000e-09,1.1550000000000000e+03,0.0000000000000000e+00,0.0000000000000000e+00,3.6910818801513972e-17,3.6910818801513972e-17
1.1559999999999999e-09,1.1560000000000000e+03,0.0000000000000000e+00,0.0000000000000000e+00,1.9477995302856479e-17,1.9477995302856479e-17
1.1570000000000000e-09,1.1570000000000000e+03,0.0000000000000000e+00,0.0000000000000000e+00,4.7189933824375879e-18,4.7189933824375879e-18
1.1579999999999999e-09,1.1580000000000000e+03,0.0000000000000000e+00,0.0000000000000000e+00,2.0880741856877956e-17,2.0880741856877956e-17
1.1590000000000000e-09,1.1590000000000000e+03,0.0000000000000000e+00,0.0000000000000000e+00,-1.8427819128837526e-17,-1.8427819128837526e-17
1.1599999999999999e-09,1.1600000000000000e+03,0.0000000000000000e+00,0.0000000000000000e+00,-2.8934867883010195e-17,-2.8934867883010195e-17
1.1610000000000000e-09,1.1610000000000000e+03,0.0000000000000000e+00,0.0000000000000000e+00,-4.3303547027746461e-18,-4.3303547027746461e-18
1.1619999999999999e-09,1.1620000000000000e+03,0.0000000000000000e+00,0.0000000000000000e+00,-4.1208686654723693e-17,-4.1208686654723693e-17
1.1630000000000000e-09,1.1630000000000000e+03,0.0000000000000000e+00,0.0000000000000000e+00,-1.8804571899567949e-17,-1.8804571899567949e-17
1.1639999999999999e-09,1.1640000000000000e+03,0.0000000000000000e+00,0.0000000000000000e+00,-1.7988205308657329e-17,-1.7988205308657329e-17
1.1650000000000000e-09,1.1650000000000000e+03,0.0000000000000000e+00,0.0000000000000000e+00,-3.7157210876714057e-17,-3.7157210876714057e-17
1.1659999999999999e-09,1.1660000000000000e+03,0.0000000000000000e+00,0.0000000000000000e+00,-3.9892363925500800e-17,-3.9892363925500800e-17
1.1670000000000000e-09,1.1670000000000000e+03,0.0000000000000000e+00,0.0000000000000000e+00,-7.8931011224652748e-18,-7.8931011224652748e-18
1.1679999999999999e-09,1.1680000000000000e+03,0.0000000000000000e+00,0.0000000000000000e+00,-2.8759240571575442e-17,-2.8759240571575442e-17
1.1690000000000000e-09,1.1690000000000000e+03,0.0000000000000000e+00,0.0000000000000000e+00,-1.2395817958311875e-17,-1.2395817958311875e-17
1.1699999999999999e-09,1.1700000000000000e+03,0.0000000000000000e+00,0.0000000000000000e+00,3.6158116281194037e-19,3.6158116281194037e-19
1.1710000000000000e-09,1.1710000000000000e+03,0.0000000000000000e+00,0.0000000000000000e+00,1.0859722962116610e-17,1.0859722962116610e-17
1.1719999999999999e-09,1.1720000000000000e+03,0.0000000000000000e+00,0.0000000000000000e+00,2.8815848932477111e-17,2.8815848932477111e-17
1.1730000000000000e-09,1.1730000000000000e+03,0.0000000000000000e+00,0.0000000000000000e+00,4.3588225851590523e-17,4.3588225851590523e-17
1.1739999999999999e-09,1.1740000000000000e+03,0.0000000000000000e+00,0.0000000000000000e+00,5.4229299109282150e-17,5.4229299109282150e-17
1.1750000000000000e-09,1.1750000000000000e+03,0.0000000000000000e+00,0.0000000000000000e+00,5.4586007939536885e-17,5.4586007939536885e-17
1.1760000000000001e-09,1.1760000000000000e+03,0.0000000000000000e+00,0.0000000000000000e+00,6.7045944746119554e-17,6.7045944746119554e-17
1.1770000000000000e-09,1.1770000000000000e+03,0.0000000000000000e+00,0.0000000000000000e+00,6.4406126183233811e-17,6.4406126183233811e-17
1.1780000000000001e-09,1.1780000000000000e+03,0.0000000000000000e+00,0.0000000000000000e+00,4.9212271471343622e-17,4.9212271471343622e-17
1.1790000000000000e-09,1.1790000000000000e+03,0.0000000000000000e+00,0.0000000000000000e+00,8.8051661285531299e-17,8.8051661285531299e-17
1.1800000000000001e-09,1.1800000000000000e+03,0.0000000000000000e+00,0.0000000000000000e+00,7.7387317291593106e-17,7.7387317291593106e-17
1.1810000000000000e-09,1.1810000000000000e+03,0.0000000000000000e+00,0.0000000000000000e+00,4.7609372800995512e-17,4.7609372800995512e-17
1.1820000000000001e-09,1.1820000000000000e+03,0.0000000000000000e+00,0.0000000000000000e+00,7.6970019899310033e-17,7.6970019899310033e-17
1.1829999999999999e-09,1.1830000000000000e+03,0.0000000000000000e+00,0.0000000000000000e+00,5.0102573203629251e-17,5.0102573203629251e-17
1.1840000000000000e-09,1.1840000000000000e+03,0.0000000000000000e+00,0.0000000000000000e+00,4.8164378925082319e-17,4.8164378925082319e-17
1.1849999999999999e-09,1.1850000000000000e+03,0.0000000000000000e+00,0.0000000000000000e+00,8.8024211006525100e-17,8.8024211006525100e-17
1.1860000000000000e-09,1.1860000000000000e+03,0.0000000000000000e+00,0.0000000000000000e+00,7.4152392169173561e-17,7.4152392169173561e-17
1.1869999999999999e-09,1.1870000000000000e+03,0.0000000000000000e+00,0.0000000000000000e+00,6.5329099700292904e-17,6.5329099700292904e-17
1.1880000000000000e-09,1.1880000000000000e+03,0.0000000000000000e+00,0.0000000000000000e+00,3.6182166995226280e-17,3.6182166995226280e-17
1.1889999999999999e-09,1.1890000000000000e+03,0.0000000000000000e+00,0.0000000000000000e+00,4.9663028899457112e-17,4.9663028899457112e-17
1.1900000000000000e-09,1.1900000000000000e+03,0.0000000000000000e+00,0.0000000000000000e+00,2.3610489306982682e-17,2.3610489306982682e-17
1.1909999999999999e-09,1.1910000000000000e+03,0.0000000000000000e+00,0.0000000000000000e+00,1.1517234365494524e-17,1.1517234365494524e-17
1.1920000000000000e-09,1.1920000000000000e+03,0.0000000000000000e+00,0.0000000000000000e+00,-2.2951494386118228e-17,-2.2951494386118228e-17
1.1929999999999999e-09,1.1930000000000000e+03,0.0000000000000000e+00,0.0000000000000000e+00,-4.3602068843140591e-17,-4.3602068843140591e-17
1.1940000000000000e-09,1.1940000000000000e+03,0.0000000000000000e+00,0.0000000000000000e+00,-6.6737022631417097e-17,-6.6737022631417097e-17
1.1949999999999999e-09,1.1950000000000000e+03,0.0000000000000000e+00,0.0000000000000000e+00,-4.6077322382907622e-17,-4.6077322382907622e-17
1.1960000000000000e-09,1.1960000000000000e+03,0.0000000000000000e+00,0.0000000000000000e+00,-5.5874305071643445e-17,-5.5874305071643445e-17
1.1969999999999999e-09,1.1970000000000000e+03,0.0000000000000000e+00,0.0000000000000000e+00,-3.4554694355413047e-17,-3.4554694355413047e-17
1.1980000000000000e-09,1.1980000000000000e+03,0.0000000000000000e+00,0.0000000000000000e+00,-4.3125789409617217e-17,-4.3125789409617217e-17
1.1989999999999999e-09,1.1990000000000000e+03,0.0000000000000000e+00,0.0000000000000000e+00,-4.2386089956985694e-17,-4.2386089956985694e-17
1.2000000000000000e-09,1.2000000000000000e+03,0.0000000000000000e+00,0.0000000000000000e+00,-3.4392002694770373e-17,-3.4392002694770373e-17
1.2009999999999999e-09,1.2010000000000000e+03,0.0000000000000000e+00,0.0000000000000000e+00,-2.1694753706320804e-18,-2.1694753706320804e-18
1.2020000000000000e-09,1.2020000000000000e+03,0.0000000000000000e+00,0.0000000000000000e+00,-3.0538603949203123e-17,-3.0538603949203123e-17
1.2029999999999999e-09,1.2030000000000000e+03,0.0000000000000000e+00,0.0000000000000000e+00,7.7176029819938582e-18,7.7176029819938582e-18
1.2040000000000000e-09,1.2040000000000000e+03,0.0000000000000000e+00,0.0000000000000000e+00,-5.7808000196685111e-18,-5.7808000196685111e-18
1.2050000000000001e-09,1.2050000000000000e+03,0.0000000000000000e+00,0.0000000000000000e+00,-3.4540512037167070e-17,-3.4540512037167070e-17
1.2060000000000000e-09,1.2060000000000000e+03,0.0000000000000000e+00,0.0000000000000000e+00,-1.7717011643851093e-17,-1.7717011643851093e-17
1.2070000000000001e-09,1.2070000000000000e+03,0.0000000000000000e+00,0.0000000000000000e+00,6.1824724445216662e-18,6.1824724445216662e-18
1.2080000000000000e-09,1.2080000000000000e+03,0.0000000000000000e+00,0.0000000000000000e+00,2.5812034880535118e-17,2.5812034880535118e-17
1.2090000000000001e-09,1.2090000000000000e+03,0.0000000000000000e+00,0.0000000000000000e+00,-2.4591012796654957e-18,-2.4591012796654957e-18
1.2100000000000000e-09,1.2100000000000000e+03,0.0000000000000000e+00,0.0000000000000000e+00,-2.3682648923421956e-18,-2.3682648923421956e-18
1.2110000000000001e-09,1.2110000000000000e+03,0.0000000000000000e+00,0.0000000000000000e+00,3.6245367492004309e-17,3.6245367492004309e-17
1.2120000000000000e-09,1.2120000000000000e+03,0.0000000000000000e+00,0.0000000000000000e+00,2.7497385656177237e-17,2.7497385656177237e-17
1.2130000000000001e-09,1.2130000000000000e+03,0.0000000000000000e+00,0.0000000000000000e+00,6.7747479772700726e-17,6.7747479772700726e-17
1.2139999999999999e-09,1.2140000000000000e+03,0.0000000000000000e+00,0.0000000000000000e+00,7.9675642019437686e-17,7.9675642019437686e-17
1.2150000000000000e-09,1.2150000000000000e+03,0.0000000000000000e+00,0.0000000000000000e+00,6.8565830632155076e-17,6.8565830632155076e-17
1.2159999999999999e-09,1.2160000000000000e+03,0.0000000000000000e+00,0.0000000000000000e+00,5.3565084540598475e-17,5.3565084540598475e-17
1.2170000000000000e-09,1.2170000000000000e+03,0.0000000000000000e+00,0.0000000000000000e+00,7.3202889569701061e-17,7.3202889569701061e-17
1.2179999999999999e-09,1.2180000000000000e+03,0.0000000000000000e+00,0.0000000000000000e+00,7.8597401615720215e-17,7.8597401615720215e-17
1.2190000000000000e-09,1.2190000000000000e+03,0.0000000000000000e+00,0.0000000000000000e+00,1.1853897612840659e-16,1.1853897612840659e-16
1.2199999999999999e-09,1.2200000000000000e+03,0.0000000000000000e+00,0.0000000000000000e+00,7.7116238568225095e-17,7.7116238568225095e-17
1.2210000000000000e-09,1.2210000000000000e+03,0.0000000000000000e+00,0.0000000000000000e+00,7.4218784013593260e-17,7.4218784013593260e-17
1.2219999999999999e-09,1.2220000000000000e+03,0.0000000000000000e+00,0.0000000000000000e+00,6.8702979581689020e-17,6.8702979581689020e-17
1.2230000000000000e-09,1.2230000000000000e+03,0.0000000000000000e+00,0.0000000000000000e+00,7.1687417084588790e-17,7.1687417084588790e-17
1.2239999999999999e-09,1.2240000000000000e+03,0.0000000000000000e+00,0.0000000000000000e+00,6.9852314090288285e-17,6.9852314090288285e-17
1.2250000000000000e-09,1.2250000000000000e+03,0.0000000000000000e+00,0.0000000000000000e+00,5.1805651196163292e-17,5.1805651196163292e-17
1.2259999999999999e-09,1.2260000000000000e+03,0.0000000000000000e+00,0.0000000000000000e+00,8.9692539082411168e-18,8.9692539082411168e-18
1.2270000000000000e-09,1.2270000000000000e+03,0.0000000000000000e+00,0.0000000000000000e+00,1.9281696725566919e-17,1.9281696725566919e-17
1.2279999999999999e-09,1.2280000000000000e+03,0.0000000000000000e+00,0.0000000000000000e+00,4.1798945958584783e-19,4.1798945958584783e-19
1.2290000000000000e-09,1.2290000000000000e+03,0.0000000000000000e+00,0.0000000000000000e+00,1.4106785951344788e-17,1.4106785951344788e-17
1.2299999999999999e-09,1.2300000000000000e+03,0.0000000000000000e+00,0.0000000000000000e+00,-6.8720349210169581e-18,-6.8720349210169581e-18
1.2310000000000000e-09,1.2310000000000000e+03,0.0000000000000000e+00,0.0000000000000000e+00,-1.3857860624515436e-17,-1.3857860624515436e-17
1.2319999999999999e-09,1.2320000000000000e+03,0.0000000000000000e+00,0.0000000000000000e+00,-4.4828423846164332e-17,-4.4828423846164332e-17
1.2330000000000000e-09,1.2330000000000000e+03,0.0000000000000000e+00,0.0000000000000000e+00,-3.6130434712929002e-17,-3.6130434712929002e-17
1.2339999999999999e-09,1.2340000000000000e+03,0.0000000000000000e+00,0.0000000000000000e+00,-2.3332772662224159e-17,-2.3332772662224159e-17
1.2350000000000000e-09,1.2350000000000000e+03,0.0000000000000000e+00,0.0000000000000000e+00,-1.3903624062978970e-17,-1.3903624062978970e-17
1.2360000000000001e-09,1.2360000000000000e+03,0.0000000000000000e+00,0.0000000000000000e+00,-1.7349881971581773e-17,-1.7349881971581773e-17
1.2370000000000000e-09,1.2370000000000000e+03,0.0000000000000000e+00,0.0000000000000000e+00,-2.1202795826542218e-17,-2.1202795826542218e-17
1.2380000000000001e-09,1.2380000000000000e+03,0.0000000000000000e+00,0.0000000000000000e+00,-3.4570643605069835e-17,-3.4570643605069835e-17
1.2390000000000000e-09,1.2390000000000000e+03,0.0000000000000000e+00,0.0000000000000000e+00,-2.5151591270861596e-17,-2.5151591270861596e-17
1.2400000000000001e-09,1.2400000000000000e+03,0.0000000000000000e+00,0.0000000000000000e+00,-2.6038948793193230e-17,-2.6038948793193230e-17
1.2410000000000000e-09,1.2410000000000000e+03,0.0000000000000000e+00,0.0000000000000000e+00,-9.6070225420127323e-18,-9.6070225420127323e-18
1.2420000000000001e-09,1.2420000000000000e+03,0.0000000000000000e+00,0.0000000000000000e+00,-2.6541748920645228e-17,-2.6541748920645228e-17
1.2429999999999999e-09,1.2430000000000000e+03,0.0000000000000000e+00,0.0000000000000000e+00,-1.2087836621978052e-18,-1.2087836621978052e-18
1.2440000000000000e-09,1.2440000000000000e+03,0.0000000000000000e+00,0.0000000000000000e+00,-1.5091282141264800e-17,-1.5091282141264800e-17
1.2449999999999999e-09,1.2450000000000000e+03,0.0000000000000000e+00,0.0000000000000000e+00,2.5781958492014228e-17,2.5781958492014228e-17
1.2460000000000000e-09,1.2460000000000000e+03,0.0000000000000000e+00,0.0000000000000000e+00,4.8361971921381793e-17,4.8361971921381793e-17
1.2469999999999999e-09,1.2470000000000000e+03,0.0000000000000000e+00,0.0000000000000000e+00,4.7878280228369226e-17,4.7878280228369226e-17
1.2480000000000000e-09,1.2480000000000000e+03,0.0000000000000000e+00,0.0000000000000000e+00,5.4747937434470912e-17,5.4747937434470912e-17
1.2489999999999999e-09,1.2490000000000000e+03,0.0000000000000000e+00,0.0000000000000000e+00,6.0225531711377107e-17,6.0225531711377107e-17
1.2500000000000000e-09,1.2500000000000000e+03,0.0000000000000000e+00,0.0000000000000000e+00,7.1420254188821321e-17,7.1420254188821321e-17
1.2509999999999999e-09,1.2510000000000000e+03,0.0000000000000000e+00,0.0000000000000000e+00,1.0549106844942066e-16,1.0549106844942066e-16
1.2520000000000000e-09,1.2520000000000000e+03,0.0000000000000000e+00,0.0000000000000000e+00,1.3462023901581468e-16,1.3462023901581468e-16
1.2529999999999999e-09,1.2530000000000000e+03,0.0000000000000000e+00,0.0000000000000000e+00,1.2571512837538493e-16,1.2571512837538493e-16
1.2540000000000000e-09,1.2540000000000000e+03,0.0000000000000000e+00,0.0000000000000000e+00,1.1474836518500365e-16,1.1474836518500365e-16
1.2549999999999999e-09,1.2550000000000000e+03,0.0000000000000000e+00,0.0000000000000000e+00,1.4030310570659210e-16,1.4030310570659210e-16
1.2560000000000000e-09,1.2560000000000000e+03,0.0000000000000000e+00,0.0000000000000000e+00,1.3635454352143466e-16,1.3635454352143466e-16
1.2569999999999999e-09,1.2570000000000000e+03,0.0000000000000000e+00,0.0000000000000000e+00,1.3140295795989061e-16,1.3140295795989061e-16
1.2580000000000000e-09,1.2580000000000000e+03,0.0000000000000000e+00,0.0000000000000000e+00,1.2887387224729275e-16,1.2887387224729275e-16
1.2589999999999999e-09,1.2590000000000000e+03,0.0000000000000000e+00,0.0000000000000000e+00,1.6592519722356528e-16,1.6592519722356528e-16
1.2600000000000000e-09,1.2600000000000000e+03,0.0000000000000000e+00,0.0000000000000000e+00,1.3225046357613439e-16,1.3225046357613439e-16
1.2609999999999999e-09,1.2610000000000000e+03,0.0000000000000000e+00,0.0000000000000000e+00,1.3500955625560846e-16,1.3500955625560846e-16
1.2620000000000000e-09,1.2620000000000000e+03,0.0000000000000000e+00,0.0000000000000000e+00,1.5610011174032605e-16,1.5610011174032605e-16
1.2629999999999999e-09,1.2630000000000000e+03,0.0000000000000000e+00,0.0000000000000000e+00,1.3243933217246866e-16,1.3243933217246866e-16
1.2640000000000000e-09,1.2640000000000000e+03,0.0000000000000000e+00,0.0000000000000000e+00,1.2981638032645810e-16,1.2981638032645810e-16
1.2650000000000001e-09,1.2650000000000000e+03,0.0000000000000000e+00,0.0000000000000000e+00,1.2597267354406859e-16,1.2597267354406859e-16
1.2660000000000000e-09,1.2660000000000000e+03,0.0000000000000000e+00,0.0000000000000000e+00,1.0321574290302106e-16,1.0321574290302106e-16
1.2670000000000001e-09,1.2670000000000000e+03,0.0000000000000000e+00,0.0000000000000000e+00,1.0765475179435336e-16,1.0765475179435336e-16
1.2680000000000000e-09,1.2680000000000000e+03,0.0000000000000000e+00,0.0000000000000000e+00,7.1386290522012350e-17,7.1386290522012350e-17
1.2690000000000001e-09,1.2690000000000000e+03,0.0000000000000000e+00,0.0000000000000000e+00,6.3974764277525967e-17,6.3974764277525967e-17
1.2700000000000000e-09,1.2700000000000000e+03,0.0000000000000000e+00,0.0000000000000000e+00,3.3996924100913240e-17,3.3996924100913240e-17
1.2710000000000001e-09,1.2710000000000000e+03,0.0000000000000000e+00,0.0000000000000000e+00,2.3429774578504401e-17,2.3429774578504401e-17
1.2720000000000000e-09,1.2720000000000000e+03,0.0000000000000000e+00,0.0000000000000000e+00,-3.3618534651649572e-17,-3.3618534651649572e-17
1.2730000000000001e-09,1.2730000000000000e+03,0.0000000000000000e+00,0.0000000000000000e+00,-3.5096414553740583e-17,-3.5096414553740583e-17
1.2739999999999999e-09,1.2740000000000000e+03,0.0000000000000000e+00,0.0000000000000000e+00,-4.1334402983670614e-17,-4.1334402983670614e-17
1.2750000000000000e-09,1.2750000000000000e+03,0.0000000000000000e+00,0.0000000000000000e+00,-7.1353600505662437e-17,-7.1353600505662437e-17
1.2759999999999999e-09,1.2760000000000000e+03,0.0000000000000000e+00,0.0000000000000000e+00,-9.8308153232079734e-17,-9.8308153232079734e-17
1.2770000000000000e-09,1.2770000000000000e+03,0.0000000000000000e+00,0.0000000000000000e+00,-1.0610450905519958e-16,-1.0610450905519958e-16
1.2779999999999999e-09,1.2780000000000000e+03,0.0000000000000000e+00,0.0000000000000000e+00,-9.1412665621729892e-17,-9.1412665621729892e-17
1.2790000000000000e-09,1.2790000000000000e+03,0.0000000000000000e+00,0.0000000000000000e+00,-1.0655469299894756e-16,-1.0655469299894756e-16
1.2799999999999999e-09,1.2800000000000000e+03,0.0000000000000000e+00,0.0000000000000000e+00,-1.0159025421738801e-16,-1.0159025421738801e-16
1.2810000000000000e-09,1.2810000000000000e+03,0.0000000000000000e+00,0.0000000000000000e+00,-7.8313555011963998e-17,-7.8313555011963998e-17
1.2819999999999999e-09,1.2820000000000000e+03,0.0000000000000000e+00,0.0000000000000000e+00,-8.7654974354767970e-17,-8.7654974354767970e-17
1.2830000000000000e-09,1.2830000000000000e+03,0.0000000000000000e+00,0.0000000000000000e+00,-9.5497843183335813e-17,-9.5497843183335813e-17
1.2839999999999999e-09,1.2840000000000000e+03,0.0000000000000000e+00,0.0000000000000000e+00,-1.0374212131561015e-16,-1.0374212131561015e-16
1.2850000000000000e-09,1.2850000000000000e+03,0.0000000000000000e+00,0.0000000000000000e+00,-1.2162211107524969e-16,-1.2162211107524969e-16
1.2859999999999999e-09,1.2860000000000000e+03,0.0000000000000000e+00,0.0000000000000000e+00,-1.0023150476507055e-16,-1.0023150476507055e-16
1.2870000000000000e-09,1.2870000000000000e+03,0.0000000000000000e+00,0.0000000000000000e+00,-1.1534620704572230e-16,-1.1534620704572230e-16
1.2879999999999999e-09,1.2880000000000000e+03,0.0000000000000000e+00,0.0000000000000000e+00,-9.8688812945248156e-17,-9.8688812945248156e-17
1.2890000000000000e-09,1.2890000000000000e+03,0.0000000000000000e+00,0.0000000000000000e+00,-9.0279611293126045e-17,-9.0279611293126045e-17
1.2899999999999999e-09,1.2900000000000000e+03,0.0000000000000000e+00,0.0000000000000000e+00,-5.1919341570775973e-17,-5.1919341570775973e-17
1.2910000000000000e-09,1.2910000000000000e+03,0.0000000000000000e+00,0.0000000000000000e+00,-3.2338581227802473e-17,-3.2338581227802473e-17
1.2919999999999999e-09,1.2920000000000000e+03,0.0000000000000000e+00,0.0000000000000000e+00,-1.3815758303025938e-17,-1.3815758303025938e-17
1.2930000000000000e-09,1.2930000000000000e+03,0.0000000000000000e+00,0.0000000000000000e+00,7.0845045015247646e-19,7.0845045015247646e-19
1.2939999999999999e-09,1.2940000000000000e+03,0.0000000000000000e+00,0.0000000000000000e+00,5.5057630185476418e-17,5.5057630185476418e-17
1.2950000000000000e-09,1.2950000000000000e+03,0.0000000000000000e+00,0.0000000000000000e+00,6.3570958603070345e-17,6.3570958603070345e-17
1.2960000000000001e-09,1.2960000000000000e+03,0.0000000000000000e+00,0.0000000000000000e+00,6.5388050492911165e-17,6.5388050492911165e-17
1.2970000000000000e-09,1.2970000000000000e+03,0.0000000000000000e+00,0.0000000000000000e+00,5.5967625132939095e-17,5.5967625132939095e-17
1.2980000000000001e-09,1.2980000000000000e+03,0.0000000000000000e+00,0.0000000000000000e+00,6.6847042596715290e-17,6.6847042596715290e-17
1.2990000000000000e-09,1.2990000000000000e+03,0.0000000000000000e+00,0.0000000000000000e+00,7.5904685631422171e-17,7.5904685631422171e-17
1.3000000000000001e-09,1.3000000000000000e+03,0.0000000000000000e+00,0.0000000000000000e+00,6.3205758679745892e-17,6.3205758679745892e-17
1.3010000000000000e-09,1.3010000000000000e+03,0.0000000000000000e+00,0.0000000000000000e+00,2.5618683654442010e-17,2.5618683654442010e-17
1.3020000000000001e-09,1.3020000000000000e+03,0.0000000000000000e+00,0.0000000000000000e+00,3.9910863894125667e-17,3.9910863894125667e-17
1.3029999999999999e-09,1.3030000000000000e+03,0.0000000000000000e+00,0.0000000000000000e+00,4.9838866709525252e-17,4.9838866709525252e-17
1.3040000000000000e-09,1.3040000000000000e+03,0.0000000000000000e+00,0.0000000000000000e+00,5.9852180249401916e-17,5.9852180249401916e-17
1.3049999999999999e-09,1.3050000000000000e+03,0.0000000000000000e+00,0.0000000000000000e+00,5.9002238923475161e-17,5.9002238923475161e-17
1.3060000000000000e-09,1.3060000000000000e+03,0.0000000000000000e+00,0.0000000000000000e+00,5.2112038630479537e-17,5.2112038630479537e-17
1.3069999999999999e-09,1.3070000000000000e+03,0.0000000000000000e+00,0.0000000000000000e+00,5.3718795649653082e-17,5.3718795649653082e-17
1.3080000000000000e-09,1.3080000000000000e+03,0.0000000000000000e+00,0.0000000000000000e+00,2.7562473012575725e-17,2.7562473012575725e-17
1.3089999999999999e-09,1.3090000000000000e+03,0.0000000000000000e+00,0.0000000000000000e+00,2.2187831980981287e-18,2.2187831980981287e-18
1.3100000000000000e-09,1.3100000000000000e+03,0.0000000000000000e+00,0.0000000000000000e+00,1.2637458707723609e-17,1.2637458707723609e-17
1.3109999999999999e-09,1.3110000000000000e+03,0.0000000000000000e+00,0.0000000000000000e+00,1.1046013723154970e-17,1.1046013723154970e-17
1.3120000000000000e-09,1.3120000000000000e+03,0.0000000000000000e+00,0.0000000000000000e+00,3.5469709172488685e-18,3.5469709172488685e-18
1.3129999999999999e-09,1.3130000000000000e+03,0.0000000000000000e+00,0.0000000000000000e+00,-1.5361549617150463e-17,-1.5361549617150463e-17
1.3140000000000000e-09,1.3140000000000000e+03,0.0000000000000000e+00,0.0000000000000000e+00,-3.1516423185173073e-17,-3.1516423185173073e-17
1.3149999999999999e-09,1.3150000000000000e+03,0.0000000000000000e+00,0.0000000000000000e+00,-3.4208060388673817e-17,-3.4208060388673817e-17
1.3160000000000000e-09,1.3160000000000000e+03,0.0000000000000000e+00,0.0000000000000000e+00,-2.4811206907069748e-17,-2.4811206907069748e-17
1.3169999999999999e-09,1.3170000000000000e+03,0.0000000000000000e+00,0.0000000000000000e+00,-4.3193921431362156e-17,-4.3193921431362156e-17
1.3180000000000000e-09,1.3180000000000000e+03,0.0000000000000000e+00,0.0000000000000000e+00,-2.9223499102703491e-17,-2.9223499102703491e-17
1.3189999999999999e-09,1.3190000000000000e+03,0.0000000000000000e+00,0.0000000000000000e+00,-4.3843946871883536e-17,-4.3843946871883536e-17
1.3200000000000000e-09,1.3200000000000000e+03,0.0000000000000000e+00,0.0000000000000000e+00,-2.2341953606537598e-17,-2.2341953606537598e-17
1.3209999999999999e-09,1.3210000000000000e+03,0.0000000000000000e+00,0.0000000000000000e+00,-4.4279768556182798e-17,-4.4279768556182798e-17
1.3220000000000000e-09,1.3220000000000000e+03,0.0000000000000000e+00,0.0000000000000000e+00,-1.5610262412259690e-17,-1.5610262412259690e-17
1.3229999999999999e-09,1.3230000000000000e+03,0.0000000000000000e+00,0.0000000000000000e+00,-1.9804583398664643e-17,-1.9804583398664643e-17
1.3240000000000000e-09,1.3240000000000000e+03,0.0000000000000000e+00,0.0000000000000000e+00,-3.3649144993814026e-17,-3.3649144993814026e-17
1.3249999999999999e-09,1.3250000000000000e+03,0.0000000000000000e+00,0.0000000000000000e+00,-2.0865844636481882e-17,-2.0865844636481882e-17
1.3260000000000000e-09,1.3260000000000000e+03,0.0000000000000000e+00,0.0000000000000000e+00,8.6540650890233917e-18,8.6540650890233917e-18
1.3270000000000001e-09,1.3270000000000000e+03,0.0000000000000000e+00,0.0000000000000000e+00,-7.7084643308028172e-18,-7.7084643308028172e-18
1.3280000000000000e-09,1.3280000000000000e+03,0.0000000000000000e+00,0.0000000000000000e+00,1.5529888603523267e-17,1.5529888603523267e-17
1.3290000000000001e-09,1.3290000000000000e+03,0.0000000000000000e+00,0.0000000000000000e+00,2.1954233391230495e-17,2.1954233391230495e-17
1.3300000000000000e-09,1.3300000000000000e+03,0.0000000000000000e+00,0.0000000000000000e+00,1.1106701071819124e-17,1.1106701071819124e-17
1.3310000000000001e-09,1.3310000000000000e+03,0.0000000000000000e+00,0.0000000000000000e+00,1.8757628621560432e-18,1.8757628621560432e-18
1.3319999999999999e-09,1.3320000000000000e+03,0.0000000000000000e+00,0.0000000000000000e+00,4.3238391210231193e-17,4.3238391210231193e-17
1.3330000000000000e-09,1.3330000000000000e+03,0.0000000000000000e+00,0.0000000000000000e+00,1.8126777119772457e-17,1.8126777119772457e-17
1.3339999999999999e-09,1.3340000000000000e+03,0.0000000000000000e+00,0.0000000000000000e+00,2.3818801605398152e-17,2.3818801605398152e-17
1.3350000000000000e-09,1.3350000000000000e+03,0.0000000000000000e+00,0.0000000000000000e+00,3.2336318563139765e-17,3.2336318563139765e-17
1.3359999999999999e-09,1.3360000000000000e+03,0.0000000000000000e+00,0.0000000000000000e+00,2.5957229364179596e-17,2.5957229364179596e-17
1.3370000000000000e-09,1.3370000000000000e+03,0.0000000000000000e+00,0.0000000000000000e+00,1.1246002133131376e-17,1.1246002133131376e-17
1.3379999999999999e-09,1.3380000000000000e+03,0.0000000000000000e+00,0.0000000000000000e+00,3.1873621517083862e-17,3.1873621517083862e-17
1.3390000000000000e-09,1.3390000000000000e+03,0.0000000000000000e+00,0.0000000000000000e+00,1.4873443340906412e-17,1.4873443340906412e-17
1.3399999999999999e-09,1.3400000000000000e+03,0.0000000000000000e+00,0.0000000000000000e+00,1.0483711970331335e-17,1.0483711970331335e-17
1.3410000000000000e-09,1.3410000000000000e+03,0.0000000000000000e+00,0.0000000000000000e+00,4.8220925693133495e-18,4.8220925693133495e-18
1.3419999999999999e-09,1.3420000000000000e+03,0.0000000000000000e+00,0.0000000000000000e+00,2.5689767769224123e-18,2.5689767769224123e-18
1.3430000000000000e-09,1.3430000000000000e+03,0.0000000000000000e+00,0.0000000000000000e+00,4.3242999415983001e-18,4.3242999415983001e-18
1.3439999999999999e-09,1.3440000000000000e+03,0.0000000000000000e+00,0.0000000000000000e+00,-4.6928595458725371e-18,-4.6928595458725371e-18
1.3450000000000000e-09,1.3450000000000000e+03,0.0000000000000000e+00,0.0000000000000000e+00,-1.5432034618280237e-17,-1.5432034618280237e-17
1.3459999999999999e-09,1.3460000000000000e+03,0.0000000000000000e+00,0.0000000000000000e+00,-1.4597156858794165e-17,-1.4597156858794165e-17
1.3470000000000000e-09,1.3470000000000000e+03,0.0000000000000000e+00,0.0000000000000000e+00,-3.5318539302168039e-17,-3.5318539302168039e-17
1.3479999999999999e-09,1.3480000000000000e+03,0.0000000000000000e+00,0.0000000000000000e+00,-3.4179574016511712e-17,-3.4179574016511712e-17
1.3490000000000000e-09,1.3490000000000000e+03,0.0000000000000000e+00,0.0000000000000000e+00,-4.3613576519279141e-17,-4.3613576519279141e-17
1.3499999999999999e-09,1.3500000000000000e+03,0.0000000000000000e+00,0.0000000000000000e+00,-6.6760189477290474e-17,-6.6760189477290474e-17
1.3510000000000000e-09,1.3510000000000000e+03,0.0000000000000000e+00,0.0000000000000000e+00,-3.1395520051557966e-17,-3.1395520051557966e-17
1.3519999999999999e-09,1.3520000000000000e+03,0.0000000000000000e+00,0.0000000000000000e+00,-1.1544010441118943e-16,-1.1544010441118943e-16
1.3530000000000000e-09,1.3530000000000000e+03,0.0000000000000000e+00,0.0000000000000000e+00,-8.9922514821059802e-17,-8.9922514821059802e-17
1.3539999999999999e-09,1.3540000000000000e+03,0.0000000000000000e+00,0.0000000000000000e+00,-8.2893958322119556e-17,-8.2893958322119556e-17
1.3550000000000000e-09,1.3550000000000000e+03,0.0000000000000000e+00,0.0000000000000000e+00,-1.4317428354810455e-16,-1.4317428354810455e-16
1.3560000000000001e-09,1.3560000000000000e+03,0.0000000000000000e+00,0.0000000000000000e+00,-9.0023902070772160e-17,-9.0023902070772160e-17
1.3570000000000000e-09,1.3570000000000000e+03,0.0000000000000000e+00,0.0000000000000000e+00,-9.7895083781696489e-17,-9.7895083781696489e-17
1.3580000000000001e-09,1.3580000000000000e+03,0.0000000000000000e+00,0.0000000000000000e+00,-9.0511825111728633e-17,-9.0511825111728633e-17
1.3590000000000000e-09,1.3590000000000000e+03,0.0000000000000000e+00,0.0000000000000000e+00,-1.0118480493298996e-16,-1.0118480493298996e-16
1.3600000000000001e-09,1.3600000000000000e+03,0.0000000000000000e+00,0.0000000000000000e+00,-9.2959136814205294e-17,-9.2959136814205294e-17
1.3610000000000000e-09,1.3610000000000000e+03,0.0000000000000000e+00,0.0000000000000000e+00,-1.1231064729200487e-16,-1.1231064729200487e-16
1.3620000000000001e-09,1.3620000000000000e+03,0.0000000000000000e+00,0.0000000000000000e+00,-7.7643983721216105e-17,-7.7643983721216105e-17
1.3629999999999999e-09,1.3630000000000000e+03,0.0000000000000000e+00,0.0000000000000000e+00,-8.5922426656173183e-17,-8.5922426656173183e-17
1.3640000000000000e-09,1.3640000000000000e+03,0.0000000000000000e+00,0.0000000000000000e+00,-6.0821599630899209e-17,-6.0821599630899209e-17
1.3649999999999999e-09,1.3650000000000000e+03,0.0000000000000000e+00,0.0000000000000000e+00,-8.1651321150530065e-17,-8.1651321150530065e-17
1.3660000000000000e-09,1.3660000000000000e+03,0.0000000000000000e+00,0.0000000000000000e+00,-7.3109951528897425e-17,-7.3109951528897425e-17
1.3669999999999999e-09,1.3670000000000000e+03,0.0000000000000000e+00,0.0000000000000000e+00,-6.9953160727606231e-17,-6.9953160727606231e-17
1.3680000000000000e-09,1.3680000000000000e+03,0.0000000000000000e+00,0.0000000000000000e+00,-8.8047501952060878e-18,-8.8047501952060878e-18
1.3689999999999999e-09,1.3690000000000000e+03,0.0000000000000000e+00,0.0000000000000000e+00,-6.2125316502736012e-17,-6.2125316502736012e-17
1.3700000000000000e-09,1.3700000000000000e+03,0.0000000000000000e+00,0.0000000000000000e+00,1.2073045551105917e-17,1.2073045551105917e-17
1.3709999999999999e-09,1.3710000000000000e+03,0.0000000000000000e+00,0.0000000000000000e+00,-3.8766788568018810e-17,-3.8766788568018810e-17
1.3720000000000000e-09,1.3720000000000000e+03,0.0000000000000000e+00,0.0000000000000000e+00,2.3688522734059687e-17,2.3688522734059687e-17
1.3729999999999999e-09,1.3730000000000000e+03,0.0000000000000000e+00,0.0000000000000000e+00,-1.9455524266444072e-17,-1.9455524266444072e-17
1.3740000000000000e-09,1.3740000000000000e+03,0.0000000000000000e+00,0.0000000000000000e+00,-1.4668308106757292e-17,-1.4668308106757292e-17
1.3749999999999999e-09,1.3750000000000000e+03,0.0000000000000000e+00,0.0000000000000000e+00,1.5717508480696154e-17,1.5717508480696154e-17
1.3760000000000000e-09,1.3760000000000000e+03,0.0000000000000000e+00,0.0000000000000000e+00,1.7751736862672379e-17,1.7751736862672379e-17
1.3769999999999999e-09,1.3770000000000000e+03,0.0000000000000000e+00,0.0000000000000000e+00,3.9254462580140696e-18,3.9254462580140696e-18
1.3780000000000000e-09,1.3780000000000000e+03,0.0000000000000000e+00,0.0000000000000000e+00,-2.1335762799553146e-18,-2.1335762799553146e-18
1.3789999999999999e-09,1.3790000000000000e+03,0.0000000000000000e+00,0.0000000000000000e+00,4.6086135865406011e-18,4.6086135865406011e-18
1.3800000000000000e-09,1.3800000000000000e+03,0.0000000000000000e+00,0.0000000000000000e+00,2.2166341081935733e-17,2.2166341081935733e-17
1.3809999999999999e-09,1.3810000000000000e+03,0.0000000000000000e+00,0.0000000000000000e+00,1.3549077530739958e-17,1.3549077530739958e-17
1.3820000000000000e-09,1.3820000000000000e+03,0.0000000000000000e+00,0.0000000000000000e+00,2.6049576524331189e-17,2.6049576524331189e-17
1.3829999999999999e-09,1.3830000000000000e+03,0.0000000000000000e+00,0.0000000000000000e+00,-9.1385836448819993e-19,-9.1385836448819993e-19
1.3840000000000000e-09,1.3840000000000000e+03,0.0000000000000000e+00,0.0000000000000000e+00,3.1132257072611937e-17,3.1132257072611937e-17
1.3849999999999999e-09,1.3850000000000000e+03,0.0000000000000000e+00,0.0000000000000000e+00,1.9383428845915270e-17,1.9383428845915270e-17
1.3860000000000000e-09,1.3860000000000000e+03,0.0000000000000000e+00,0.0000000000000000e+00,3.1262656413226912e-17,3.1262656413226912e-17
1.3870000000000001e-09,1.3870000000000000e+03,0.0000000000000000e+00,0.0000000000000000e+00,4.4734680804823238e-17,4.4734680804823238e-17
1.3880000000000000e-09,1.3880000000000000e+03,0.0000000000000000e+00,0.0000000000000000e+00,2.9875339639884940e-17,2.9875339639884940e-17
1.3890000000000001e-09,1.3890000000000000e+03,0.0000000000000000e+00,0.0000000000000000e+00,3.2553891248278652e-17,3.2553891248278652e-17
1.3900000000000000e-09,1.3900000000000000e+03,0.0000000000000000e+00,0.0000000000000000e+00,3.3601144572360547e-17,3.3601144572360547e-17
1.3910000000000001e-09,1.3910000000000000e+03,0.0000000000000000e+00,0.0000000000000000e+00,1.8976972052632474e-17,1.8976972052632474e-17
1.3919999999999999e-09,1.3920000000000000e+03,0.0000000000000000e+00,0.0000000000000000e+00,4.1878255080905385e-17,4.1878255080905385e-17
1.3930000000000000e-09,1.3930000000000000e+03,0.0000000000000000e+00,0.0000000000000000e+00,4.1879169106417659e-17,4.1879169106417659e-17
1.3939999999999999e-09,1.3940000000000000e+03,0.0000000000000000e+00,0.0000000000000000e+00,3.9728942639068246e-17,3.9728942639068246e-17
1.3950000000000000e-09,1.3950000000000000e+03,0.0000000000000000e+00,0.0000000000000000e+00,2.2960733512270682e-17,2.2960733512270682e-17
1.3959999999999999e-09,1.3960000000000000e+03,0.0000000000000000e+00,0.0000000000000000e+00,2.9295072556819355e-17,2.9295072556819355e-17
1.3970000000000000e-09,1.3970000000000000e+03,0.0000000000000000e+00,0.0000000000000000e+00,1.3532302891074031e-17,1.3532302891074031e-17
1.3979999999999999e-09,1.3980000000000000e+03,0.0000000000000000e+00,0.0000000000000000e+00,1.2957588929244058e-17,1.2957588929244058e-17
1.3990000000000000e-09,1.3990000000000000e+03,0.0000000000000000e+00,0.0000000000000000e+00,-5.2722039280254064e-18,-5.2722039280254064e-18
1.3999999999999999e-09,1.4000000000000000e+03,0.0000000000000000e+00,0.0000000000000000e+00,-9.9394821999891460e-18,-9.9394821999891460e-18
1.4010000000000000e-09,1.4010000000000000e+03,0.0000000000000000e+00,0.0000000000000000e+00,-2.6470679902100743e-17,-2.6470679902100743e-17
1.4019999999999999e-09,1.4020000000000000e+03,0.0000000000000000e+00,0.0000000000000000e+00,-2.5095211315236784e-17,-2.5095211315236784e-17
1.4030000000000000e-09,1.4030000000000000e+03,0.0000000000000000e+00,0.0000000000000000e+00,-1.1879662145267864e-17,-1.1879662145267864e-17
1.4039999999999999e-09,1.4040000000000000e+03,0.0000000000000000e+00,0.0000000000000000e+00,-2.7498726979746049e-17,-2.7498726979746049e-17
1.4050000000000000e-09,1.4050000000000000e+03,0.0000000000000000e+00,0.0000000000000000e+00,-4.8875498191057914e-17,-4.8875498191057914e-17
1.4059999999999999e-09,1.4060000000000000e+03,0.0000000000000000e+00,0.0000000000000000e+00,-5.1782836670950805e-17,-5.1782836670950805e-17
1.4070000000000000e-09,1.4070000000000000e+03,0.0000000000000000e+00,0.0000000000000000e+00,-4.8851522591810712e-17,-4.8851522591810712e-17
1.4079999999999999e-09,1.4080000000000000e+03,0.0000000000000000e+00,0.0000000000000000e+00,-3.3708848798628826e-17,-3.3708848798628826e-17
1.4090000000000000e-09,1.4090000000000000e+03,0.0000000000000000e+00,0.0000000000000000e+00,-2.5291319448796502e-17,-2.5291319448796502e-17
1.4099999999999999e-09,1.4100000000000000e+03,0.0000000000000000e+00,0.0000000000000000e+00,-5.8795180126232407e-17,-5.8795180126232407e-17
1.4110000000000000e-09,1.4110000000000000e+03,0.0000000000000000e+00,0.0000000000000000e+00,-6.1852162522338953e-17,-6.1852162522338953e-17
1.4119999999999999e-09,1.4120000000000000e+03,0.0000000000000000e+00,0.0000000000000000e+00,-4.8809325792708916e-17,-4.8809325792708916e-17
1.4130000000000000e-09,1.4130000000000000e+03,0.0000000000000000e+00,0.0000000000000000e+00,-6.8208337038385290e-17,-6.8208337038385290e-17
1.4139999999999999e-09,1.4140000000000000e+03,0.0000000000000000e+00,0.0000000000000000e+00,-5.5293402270463255e-17,-5.5293402270463255e-17
1.4150000000000000e-09,1.4150000000000000e+03,0.0000000000000000e+00,0.0000000000000000e+00,-5.2787552503230805e-17,-5.2787552503230805e-17
1.4160000000000001e-09,1.4160000000000000e+03,0.0000000000000000e+00,0.0000000000000000e+00,-5.8499540138122270e-17,-5.8499540138122270e-17
1.4170000000000000e-09,1.4170000000000000e+03,0.0000000000000000e+00,0.0000000000000000e+00,-5.2955744726578330e-17,-5.2955744726578330e-17
1.4180000000000001e-09,1.4180000000000000e+03,0.0000000000000000e+00,0.0000000000000000e+00,-3.7940139600942489e-17,-3.7940139600942489e-17
1.4190000000000000e-09,1.4190000000000000e+03,0.0000000000000000e+00,0.0000000000000000e+00,-4.4529529957632849e-17,-4.4529529957632849e-17
1.4200000000000001e-09,1.4200000000000000e+03,0.0000000000000000e+00,0.0000000000000000e+00,-3.6038104054079210e-17,-3.6038104054079210e-17
1.4210000000000000e-09,1.4210000000000000e+03,0.0000000000000000e+00,0.0000000000000000e+00,-3.2158770778757016e-17,-3.2158770778757016e-17
1.4220000000000001e-09,1.4220000000000000e+03,0.0000000000000000e+00,0.0000000000000000e+00,-4.1134051400687193e-17,-4.1134051400687193e-17
1.4229999999999999e-09,1.4230000000000000e+03,0.0000000000000000e+00,0.0000000000000000e+00,-5.2441834493195138e-17,-5.2441834493195138e-17
1.4240000000000000e-09,1.4240000000000000e+03,0.0000000000000000e+00,0.0000000000000000e+00,-3.1680559288073299e-17,-3.1680559288073299e-17
1.4249999999999999e-09,1.4250000000000000e+03,0.0000000000000000e+00,0.0000000000000000e+00,-2.9871170112816962e-17,-2.9871170112816962e-17
1.4260000000000000e-09,1.4260000000000000e+03,0.0000000000000000e+00,0.0000000000000000e+00,-3.1495307392776252e-17,-3.1495307392776252e-17
1.4269999999999999e-09,1.4270000000000000e+03,0.0000000000000000e+00,0.0000000000000000e+00,-1.6692831967366548e-17,-1.6692831967366548e-17
1.4280000000000000e-09,1.4280000000000000e+03,0.0000000000000000e+00,0.0000000000000000e+00,-2.7633363658621474e-17,-2.7633363658621474e-17
1.4289999999999999e-09,1.4290000000000000e+03,0.0000000000000000e+00,0.0000000000000000e+00,-3.3498705654496176e-17,-3.3498705654496176e-17
1.4300000000000000e-09,1.4300000000000000e+03,0.0000000000000000e+00,0.0000000000000000e+00,-3.7379487626412393e-17,-3.7379487626412393e-17
1.4309999999999999e-09,1.4310000000000000e+03,0.0000000000000000e+00,0.0000000000000000e+00,-1.6257963016078707e-17,-1.6257963016078707e-17
1.4320000000000000e-09,1.4320000000000000e+03,0.0000000000000000e+00,0.0000000000000000e+00,-9.8713008007778795e-18,-9.8713008007778795e-18
1.4329999999999999e-09,1.4330000000000000e+03,0.0000000000000000e+00,0.0000000000000000e+00,-2.1810655723893858e-17,-2.1810655723893858e-17
1.4340000000000000e-09,1.4340000000000000e+03,0.0000000000000000e+00,0.0000000000000000e+00,-3.8297082529700677e-17,-3.8297082529700677e-17
1.4349999999999999e-09,1.4350000000000000e+03,0.0000000000000000e+00,0.0000000000000000e+00,-4.2382826910381127e-17,-4.2382826910381127e-17
1.4360000000000000e-09,1.4360000000000000e+03,0.0000000000000000e+00,0.0000000000000000e+00,-2.3853286811862163e-17,-2.3853286811862163e-17
1.4369999999999999e-09,1.4370000000000000e+03,0.0000000000000000e+00,0.0000000000000000e+00,-3.0592131350534726e-17,-3.0592131350534726e-17
1.4380000000000000e-09,1.4380000000000000e+03,0.0000000000000000e+00,0.0000000000000000e+00,-3.1292020745478861e-17,-3.1292020745478861e-17
1.4389999999999999e-09,1.4390000000000000e+03,0.0000000000000000e+00,0.0000000000000000e+00,-1.5459949711988528e-17,-1.5459949711988528e-17
1.4400000000000000e-09,1.4400000000000000e+03,0.0000000000000000e+00,0.0000000000000000e+00,5.2371278137945416e-18,5.2371278137945416e-18
1.4409999999999999e-09,1.4410000000000000e+03,0.0000000000000000e+00,0.0000000000000000e+00,9.7422135614836841e-18,9.7422135614836841e-18
1.4420000000000000e-09,1.4420000000000000e+03,0.0000000000000000e+00,0.0000000000000000e+00,9.0362253392144077e-18,9.0362253392144077e-18
1.4429999999999999e-09,1.4430000000000000e+03,0.0000000000000000e+00,0.0000000000000000e+00,1.5851038684098417e-17,1.5851038684098417e-17
1.4440000000000000e-09,1.4440000000000000e+03,0.0000000000000000e+00,0.0000000000000000e+00,1.6653256321740998e-17,1.6653256321740998e-17
1.4449999999999999e-09,1.4450000000000000e+03,0.0000000000000000e+00,0.0000000000000000e+00,5.1963432343715422e-18,5.1963432343715422e-18
1.4460000000000000e-09,1.4460000000000000e+03,0.0000000000000000e+00,0.0000000000000000e+00,-1.6772809313708144e-17,-1.6772809313708144e-17
1.4470000000000001e-09,1.4470000000000000e+03,0.0000000000000000e+00,0.0000000000000000e+00,-2.8602073092083677e-17,-2.8602073092083677e-17
1.4480000000000000e-09,1.4480000000000000e+03,0.0000000000000000e+00,0.0000000000000000e+00,-5.9476389205329304e-18,-5.9476389205329304e-18
1.4490000000000001e-09,1.4490000000000000e+03,0.0000000000000000e+00,0.0000000000000000e+00,-2.1542616017889852e-17,-2.1542616017889852e-17
1.4500000000000000e-09,1.4500000000000000e+03,0.0000000000000000e+00,0.0000000000000000e+00,3.0852682683335320e-17,3.0852682683335320e-17
1.4510000000000001e-09,1.4510000000000000e+03,0.0000000000000000e+00,0.0000000000000000e+00,-4.3014822875849268e-17,-4.3014822875849268e-17
1.4519999999999999e-09,1.4520000000000000e+03,0.0000000000000000e+00,0.0000000000000000e+00,-1.2097886390224365e-17,-1.2097886390224365e-17
1.4530000000000000e-09,1.4530000000000000e+03,0.0000000000000000e+00,0.0000000000000000e+00,-2.3007959531647691e-17,-2.3007959531647691e-17
1.4539999999999999e-09,1.4540000000000000e+03,0.0000000000000000e+00,0.0000000000000000e+00,-2.0170472190058816e-17,-2.0170472190058816e-17
1.4550000000000000e-09,1.4550000000000000e+03,0.0000000000000000e+00,0.0000000000000000e+00,-1.8780620159556687e-18,-1.8780620159556687e-18
1.4559999999999999e-09,1.4560000000000000e+03,0.0000000000000000e+00,0.0000000000000000e+00,-1.6600885389146017e-17,-1.6600885389146017e-17
1.4570000000000000e-09,1.4570000000000000e+03,0.0000000000000000e+00,0.0000000000000000e+00,-1.9214649468339819e-17,-1.9214649468339819e-17
1.4579999999999999e-09,1.4580000000000000e+03,0.0000000000000000e+00,0.0000000000000000e+00,-1.6738357339110150e-17,-1.6738357339110150e-17
1.4590000000000000e-09,1.4590000000000000e+03,0.0000000000000000e+00,0.0000000000000000e+00,-4.8738952457443970e-17,-4.8738952457443970e-17
1.4599999999999999e-09,1.4600000000000000e+03,0.0000000000000000e+00,0.0000000000000000e+00,-2.9407140267533052e-17,-2.9407140267533052e-17
1.4610000000000000e-09,1.4610000000000000e+03,0.0000000000000000e+00,0.0000000000000000e+00,-4.3067065713637589e-17,-4.3067065713637589e-17
1.4619999999999999e-09,1.4620000000000000e+03,0.0000000000000000e+00,0.0000000000000000e+00,-7.7554127874376900e-17,-7.7554127874376900e-17
1.4630000000000000e-09,1.4630000000000000e+03,0.0000000000000000e+00,0.0000000000000000e+00,-7.6114118250516242e-17,-7.6114118250516242e-17
1.4639999999999999e-09,1.4640000000000000e+03,0.0000000000000000e+00,0.0000000000000000e+00,-6.5845838970932943e-17,-6.5845838970932943e-17
1.4650000000000000e-09,1.4650000000000000e+03,0.0000000000000000e+00,0.0000000000000000e+00,-6.8012872065722601e-17,-6.8012872065722601e-17
1.4659999999999999e-09,1.4660000000000000e+03,0.0000000000000000e+00,0.0000000000000000e+00,-2.6880067783572383e-17,-2.6880067783572383e-17
1.4670000000000000e-09,1.4670000000000000e+03,0.0000000000000000e+00,0.0000000000000000e+00,-6.3341331733180994e-17,-6.3341331733180994e-17
1.4679999999999999e-09,1.4680000000000000e+03,0.0000000000000000e+00,0.0000000000000000e+00,-7.7235366867064547e-17,-7.7235366867064547e-17
1.4690000000000000e-09,1.4690000000000000e+03,0.0000000000000000e+00,0.0000000000000000e+00,-6.4944303344738157e-17,-6.4944303344738157e-17
1.4699999999999999e-09,1.4700000000000000e+03,0.0000000000000000e+00,0.0000000000000000e+00,-1.0661659921470999e-16,-1.0661659921470999e-16
1.4710000000000000e-09,1.4710000000000000e+03,0.0000000000000000e+00,0.0000000000000000e+00,-7.3197424003379812e-17,-7.3197424003379812e-17
1.4719999999999999e-09,1.4720000000000000e+03,0.0000000000000000e+00,0.0000000000000000e+00,-8.7819102080016140e-17,-8.7819102080016140e-17
1.4730000000000000e-09,1.4730000000000000e+03,0.0000000000000000e+00,0.0000000000000000e+00,-6.7681245276627223e-17,-6.7681245276627223e-17
1.4739999999999999e-09,1.4740000000000000e+03,0.0000000000000000e+00,0.0000000000000000e+00,-5.2259959120603771e-17,-5.2259959120603771e-17
1.4750000000000000e-09,1.4750000000000000e+03,0.0000000000000000e+00,0.0000000000000000e+00,-8.6701325728560172e-17,-8.6701325728560172e-17
1.4760000000000001e-09,1.4760000000000000e+03,0.0000000000000000e+00,0.0000000000000000e+00,-7.4766796389680559e-17,-7.4766796389680559e-17
1.4770000000000000e-09,1.4770000000000000e+03,0.0000000000000000e+00,0.0000000000000000e+00,-5.3374236206381175e-17,-5.3374236206381175e-17
1.4780000000000001e-09,1.4780000000000000e+03,0.0000000000000000e+00,0.0000000000000000e+00,-6.5710425897088440e-17,-6.5710425897088440e-17
1.4790000000000000e-09,1.4790000000000000e+03,0.0000000000000000e+00,0.0000000000000000e+00,-5.8437249750227479e-17,-5.8437249750227479e-17
1.4800000000000001e-09,1.4800000000000000e+03,0.0000000000000000e+00,0.0000000000000000e+00,-5.5629618493737547e-17,-5.5629618493737547e-17
1.4810000000000000e-09,1.4810000000000000e+03,0.0000000000000000e+00,0.0000000000000000e+00,-7.0284531146747010e-17,-7.0284531146747010e-17
1.4820000000000001e-09,1.4820000000000000e+03,0.0000000000000000e+00,0.0000000000000000e+00,-5.6155926689694222e-17,-5.6155926689694222e-17
1.4829999999999999e-09,1.4830000000000000e+03,0.0000000000000000e+00,0.0000000000000000e+00,-6.3484123522449419e-17,-6.3484123522449419e-17
1.4840000000000000e-09,1.4840000000000000e+03,0.0000000000000000e+00,0.0000000000000000e+00,-5.0947291079351614e-17,-5.0947291079351614e-17
1.4849999999999999e-09,1.4850000000000000e+03,0.0000000000000000e+00,0.0000000000000000e+00,-4.3544766559698798e-17,-4.3544766559698798e-17
1.4860000000000000e-09,1.4860000000000000e+03,0.0000000000000000e+00,0.0000000000000000e+00,-5.5490040035596789e-17,-5.5490040035596789e-17
1.4869999999999999e-09,1.4870000000000000e+03,0.0000000000000000e+00,0.0000000000000000e+00,-5.9234353762131296e-17,-5.9234353762131296e-17
1.4880000000000000e-09,1.4880000000000000e+03,0.0000000000000000e+00,0.0000000000000000e+00,-4.0931181445564045e-17,-4.0931181445564045e-17
1.4889999999999999e-09,1.4890000000000000e+03,0.0000000000000000e+00,0.0000000000000000e+00,-4.4082629278303761e-17,-4.4082629278303761e-17
1.4900000000000000e-09,1.4900000000000000e+03,0.0000000000000000e+00,0.0000000000000000e+00,-4.7605895953204647e-17,-4.7605895953204647e-17
1.4909999999999999e-09,1.4910000000000000e+03,0.0000000000000000e+00,0.0000000000000000e+00,-3.7915723973697553e-17,-3.7915723973697553e-17
1.4920000000000000e-09,1.4920000000000000e+03,0.0000000000000000e+00,0.0000000000000000e+00,-5.7693768245234377e-17,-5.7693768245234377e-17
1.4929999999999999e-09,1.4930000000000000e+03,0.0000000000000000e+00,0.0000000000000000e+00,-6.7303737092132778e-17,-6.7303737092132778e-17
1.4940000000000000e-09,1.4940000000000000e+03,0.0000000000000000e+00,0.0000000000000000e+00,-9.7757445399889495e-17,-9.7757445399889495e-17
1.4949999999999999e-09,1.4950000000000000e+03,0.0000000000000000e+00,0.0000000000000000e+00,-9.8379957101845868e-17,-9.8379957101845868e-17
1.4960000000000000e-09,1.4960000000000000e+03,0.0000000000000000e+00,0.0000000000000000e+00,-7.1655635708223087e-17,-7.1655635708223087e-17
1.4969999999999999e-09,1.4970000000000000e+03,0.0000000000000000e+00,0.0000000000000000e+00,-9.6588198307954038e-17,-9.6588198307954038e-17
1.4980000000000000e-09,1.4980000000000000e+03,0.0000000000000000e+00,0.0000000000000000e+00,-8.2843406732343167e-17,-8.2843406732343167e-17
1.4989999999999999e-09,1.4990000000000000e+03,0.0000000000000000e+00,0.0000000000000000e+00,-9.7242247318538245e-17,-9.7242247318538245e-17
1.5000000000000000e-09,1.5000000000000000e+03,0.0000000000000000e+00,0.0000000000000000e+00,-8.1573694910425781e-17,-8.1573694910425781e-17
1.5009999999999999e-09,1.5010000000000000e+03,0.0000000000000000e+00,0.0000000000000000e+00,-7.7358821155785298e-17,-7.7358821155785298e-17
1.5020000000000000e-09,1.5020000000000000e+03,0.0000000000000000e+00,0.0000000000000000e+00,-8.5288097856499788e-17,-8.5288097856499788e-17
1.5029999999999999e-09,1.5030000000000000e+03,0.0000000000000000e+00,0.0000000000000000e+00,-1.0337347964289470e-16,-1.0337347964289470e-16
1.5040000000000000e-09,1.5040000000000000e+03,0.0000000000000000e+00,0.0000000000000000e+00,-9.1012912483712689e-17,-9.1012912483712689e-17
1.5049999999999999e-09,1.5050000000000000e+03,0.0000000000000000e+00,0.0000000000000000e+00,-8.3133366966776957e-17,-8.3133366966776957e-17
1.5060000000000000e-09,1.5060000000000000e+03,0.0000000000000000e+00,0.0000000000000000e+00,-6.1196739244339054e-17,-6.1196739244339054e-17
1.5070000000000001e-09,1.5070000000000000e+03,0.0000000000000000e+00,0.0000000000000000e+00,-6.6224579757118807e-17,-6.6224579757118807e-17
1.5080000000000000e-09,1.5080000000000000e+03,0.0000000000000000e+00,0.0000000000000000e+00,-5.0470794893367356e-17,-5.0470794893367356e-17
1.5090000000000001e-09,1.5090000000000000e+03,0.0000000000000000e+00,0.0000000000000000e+00,-5.2556718294960301e-17,-5.2556718294960301e-17
1.5100000000000000e-09,1.5100000000000000e+03,0.0000000000000000e+00,0.0000000000000000e+00,-4.1631231359081996e-17,-4.1631231359081996e-17
1.5110000000000001e-09,1.5110000000000000e+03,0.0000000000000000e+00,0.0000000000000000e+00,-4.5665823942971116e-17,-4.5665823942971116e-17
1.5119999999999999e-09,1.5120000000000000e+03,0.0000000000000000e+00,0.0000000000000000e+00,-4.3667284717404002e-17,-4.3667284717404002e-17
1.5130000000000000e-09,1.5130000000000000e+03,0.0000000000000000e+00,0.0000000000000000e+00,-4.2584995006286612e-17,-4.2584995006286612e-17
1.5139999999999999e-09,1.5140000000000000e+03,0.0000000000000000e+00,0.0000000000000000e+00,-2.0407466515110409e-17,-2.0407466515110409e-17
1.5150000000000000e-09,1.5150000000000000e+03,0.0000000000000000e+00,0.0000000000000000e+00,-2.6751855202440329e-17,-2.6751855202440329e-17
1.5159999999999999e-09,1.5160000000000000e+03,0.0000000000000000e+00,0.0000000000000000e+00,7.7302784895630082e-18,7.7302784895630082e-18
1.5170000000000000e-09,1.5170000000000000e+03,0.0000000000000000e+00,0.0000000000000000e+00,1.4894031223753721e-18,1.4894031223753721e-18
1.5179999999999999e-09,1.5180000000000000e+03,0.0000000000000000e+00,0.0000000000000000e+00,-6.3700325103031639e-19,-6.3700325103031639e-19
1.5190000000000000e-09,1.5190000000000000e+03,0.0000000000000000e+00,0.0000000000000000e+00,1.1816910100371265e-17,1.1816910100371265e-17
1.5199999999999999e-09,1.5200000000000000e+03,0.0000000000000000e+00,0.0000000000000000e+00,2.4837021763549457e-17,2.4837021763549457e-17
1.5210000000000000e-09,1.5210000000000000e+03,0.0000000000000000e+00,0.0000000000000000e+00,2.3534110871593386e-17,2.3534110871593386e-17
1.5219999999999999e-09,1.5220000000000000e+03,0.0000000000000000e+00,0.0000000000000000e+00,3.3628285285990438e-17,3.3628285285990438e-17
1.5230000000000000e-09,1.5230000000000000e+03,0.0000000000000000e+00,0.0000000000000000e+00,3.8227687486992095e-17,3.8227687486992095e-17
1.5239999999999999e-09,1.5240000000000000e+03,0.0000000000000000e+00,0.0000000000000000e+00,3.6345471663002442e-17,3.6345471663002442e-17
1.5250000000000000e-09,1.5250000000000000e+03,0.0000000000000000e+00,0.0000000000000000e+00,1.0744498288413637e-17,1.0744498288413637e-17
1.5259999999999999e-09,1.5260000000000000e+03,0.0000000000000000e+00,0.0000000000000000e+00,5.8109110056010692e-18,5.8109110056010692e-18
1.5270000000000000e-09,1.5270000000000000e+03,0.0000000000000000e+00,0.0000000000000000e+00,-2.0324390549479419e-17,-2.0324390549479419e-17
1.5279999999999999e-09,1.5280000000000000e+03,0.0000000000000000e+00,0.0000000000000000e+00,-1.6888021145131402e-17,-1.6888021145131402e-17
1.5290000000000000e-09,1.5290000000000000e+03,0.0000000000000000e+00,0.0000000000000000e+00,-3.8855060124549791e-17,-3.8855060124549791e-17
1.5299999999999999e-09,1.5300000000000000e+03,0.0000000000000000e+00,0.0000000000000000e+00,-2.2201546586317419e-17,-2.2201546586317419e-17
1.5310000000000000e-09,1.5310000000000000e+03,0.0000000000000000e+00,0.0000000000000000e+00,-4.2883340539141041e-17,-4.2883340539141041e-17
1.5319999999999999e-09,1.5320000000000000e+03,0.0000000000000000e+00,0.0000000000000000e+00,-2.7914192962062115e-17,-2.7914192962062115e-17
1.5330000000000000e-09,1.5330000000000000e+03,0.0000000000000000e+00,0.0000000000000000e+00,-1.6331831684876197e-17,-1.6331831684876197e-17
1.5339999999999999e-09,1.5340000000000000e+03,0.0000000000000000e+00,0.0000000000000000e+00,3.3905254839211825e-18,3.3905254839211825e-18
1.5350000000000000e-09,1.5350000000000000e+03,0.0000000000000000e+00,0.0000000000000000e+00,1.4370919814331832e-18,1.4370919814331832e-18
1.5360000000000001e-09,1.5360000000000000e+03,0.0000000000000000e+00,0.0000000000000000e+00,-2.9634424692024985e-17,-2.9634424692024985e-17
1.5370000000000000e-09,1.5370000000000000e+03,0.0000000000000000e+00,0.0000000000000000e+00,-7.4679498936390875e-17,-7.4679498936390875e-17
1.5380000000000001e-09,1.5380000000000000e+03,0.0000000000000000e+00,0.0000000000000000e+00,-5.9140729433613021e-17,-5.9140729433613021e-17
1.5390000000000000e-09,1.5390000000000000e+03,0.0000000000000000e+00,0.0000000000000000e+00,-9.8667347797873920e-17,-9.8667347797873920e-17
1.5400000000000001e-09,1.5400000000000000e+03,0.0000000000000000e+00,0.0000000000000000e+00,-8.4549016318898316e-17,-8.4549016318898316e-17
1.5410000000000000e-09,1.5410000000000000e+03,0.0000000000000000e+00,0.0000000000000000e+00,-1.0022284494967994e-16,-1.0022284494967994e-16
1.5420000000000001e-09,1.5420000000000000e+03,0.0000000000000000e+00,0.0000000000000000e+00,-7.1390422809449078e-17,-7.1390422809449078e-17
1.5429999999999999e-09,1.5430000000000000e+03,0.0000000000000000e+00,0.0000000000000000e+00,-1.0388329435217877e-16,-1.0388329435217877e-16
1.5440000000000000e-09,1.5440000000000000e+03,0.0000000000000000e+00,0.0000000000000000e+00,-8.5913014826966712e-17,-8.5913014826966712e-17
1.5449999999999999e-09,1.5450000000000000e+03,0.0000000000000000e+00,0.0000000000000000e+00,-1.0424224319371275e-16,-1.0424224319371275e-16
1.5460000000000000e-09,1.5460000000000000e+03,0.0000000000000000e+00,0.0000000000000000e+00,-8.7423200281764687e-17,-8.7423200281764687e-17
1.5469999999999999e-09,1.5470000000000000e+03,0.0000000000000000e+00,0.0000000000000000e+00,-6.4861811776181418e-17,-6.4861811776181418e-17
1.5480000000000000e-09,1.5480000000000000e+03,0.0000000000000000e+00,0.0000000000000000e+00,-6.4384457764274600e-17,-6.4384457764274600e-17
1.5489999999999999e-09,1.5490000000000000e+03,0.0000000000000000e+00,0.0000000000000000e+00,-7.9238216846969487e-17,-7.9238216846969487e-17
1.5500000000000000e-09,1.5500000000000000e+03,0.0000000000000000e+00,0.0000000000000000e+00,-7.0430188646730301e-17,-7.0430188646730301e-17
1.5509999999999999e-09,1.5510000000000000e+03,0.0000000000000000e+00,0.0000000000000000e+00,-6.0623133112054253e-17,-6.0623133112054253e-17
1.5520000000000000e-09,1.5520000000000000e+03,0.0000000000000000e+00,0.0000000000000000e+00,-6.7100906309408726e-17,-6.7100906309408726e-17
1.5529999999999999e-09,1.5530000000000000e+03,0.0000000000000000e+00,0.0000000000000000e+00,-4.7531610743872253e-17,-4.7531610743872253e-17
1.5540000000000000e-09,1.5540000000000000e+03,0.0000000000000000e+00,0.0000000000000000e+00,-1.7362971871929727e-17,-1.7362971871929727e-17
1.5549999999999999e-09,1.5550000000000000e+03,0.0000000000000000e+00,0.0000000000000000e+00,-6.2941343450743876e-17,-6.2941343450743876e-17
1.5560000000000000e-09,1.5560000000000000e+03,0.0000000000000000e+00,0.0000000000000000e+00,-8.1483333712294333e-17,-8.1483333712294333e-17
1.5569999999999999e-09,1.5570000000000000e+03,0.0000000000000000e+00,0.0000000000000000e+00,-4.1406764055954224e-17,-4.1406764055954224e-17
1.5580000000000000e-09,1.5580000000000000e+03,0.0000000000000000e+00,0.0000000000000000e+00,-1.7553974322474941e-17,-1.7553974322474941e-17
1.5589999999999999e-09,1.5590000000000000e+03,0.0000000000000000e+00,0.0000000000000000e+00,-2.7672863810473039e-18,-2.7672863810473039e-18
1.5600000000000000e-09,1.5600000000000000e+03,0.0000000000000000e+00,0.0000000000000000e+00,-2.3627486981287384e-17,-2.3627486981287384e-17
1.5609999999999999e-09,1.5610000000000000e+03,0.0000000000000000e+00,0.0000000000000000e+00,-2.5064578962720567e-17,-2.5064578962720567e-17
1.5620000000000000e-09,1.5620000000000000e+03,0.0000000000000000e+00,0.0000000000000000e+00,-2.5878626178709767e-17,-2.5878626178709767e-17
1.5629999999999999e-09,1.5630000000000000e+03,0.0000000000000000e+00,0.0000000000000000e+00,4.1630520273711293e-19,4.1630520273711293e-19
1.5640000000000000e-09,1.5640000000000000e+03,0.0000000000000000e+00,0.0000000000000000e+00,1.7044345664139971e-17,1.7044345664139971e-17
1.5649999999999999e-09,1.5650000000000000e+03,0.0000000000000000e+00,0.0000000000000000e+00,1.6971252190775182e-17,1.6971252190775182e-17
1.5660000000000000e-09,1.5660000000000000e+03,0.0000000000000000e+00,0.0000000000000000e+00,1.5079061834886786e-17,1.5079061834886786e-17
1.5670000000000001e-09,1.5670000000000000e+03,0.0000000000000000e+00,0.0000000000000000e+00,3.0679796992303629e-17,3.0679796992303629e-17
1.5680000000000000e-09,1.5680000000000000e+03,0.0000000000000000e+00,0.0000000000000000e+00,2.1950884597526764e-17,2.1950884597526764e-17
1.5690000000000001e-09,1.5690000000000000e+03,0.0000000000000000e+00,0.0000000000000000e+00,1.8144248248298365e-17,1.8144248248298365e-17
1.5700000000000000e-09,1.5700000000000000e+03,0.0000000000000000e+00,0.0000000000000000e+00,1.5270064285432000e-17,1.5270064285432000e-17
1.5710000000000001e-09,1.5710000000000000e+03,0.0000000000000000e+00,0.0000000000000000e+00,3.7809693346756065e-17,3.7809693346756065e-17
1.5719999999999999e-09,1.5720000000000000e+03,0.0000000000000000e+00,0.0000000000000000e+00,3.6658456733492080e-17,3.6658456733492080e-17
1.5730000000000000e-09,1.5730000000000000e+03,0.0000000000000000e+00,0.0000000000000000e+00,2.3973261441519551e-18,2.3973261441519551e-18
1.5739999999999999e-09,1.5740000000000000e+03,0.0000000000000000e+00,0.0000000000000000e+00,6.2257219376395539e-18,6.2257219376395539e-18
1.5750000000000000e-09,1.5750000000000000e+03,0.0000000000000000e+00,0.0000000000000000e+00,4.1513661637773282e-17,4.1513661637773282e-17
1.5759999999999999e-09,1.5760000000000000e+03,0.0000000000000000e+00,0.0000000000000000e+00,8.4913987492529837e-17,8.4913987492529837e-17
1.5770000000000000e-09,1.5770000000000000e+03,0.0000000000000000e+00,0.0000000000000000e+00,5.4863257597767746e-17,5.4863257597767746e-17
1.5779999999999999e-09,1.5780000000000000e+03,0.0000000000000000e+00,0.0000000000000000e+00,1.8879179658825237e-17,1.8879179658825237e-17
1.5790000000000000e-09,1.5790000000000000e+03,0.0000000000000000e+00,0.0000000000000000e+00,-1.5381950930514886e-17,-1.5381950930514886e-17
1.5799999999999999e-09,1.5800000000000000e+03,0.0000000000000000e+00,0.0000000000000000e+00,5.9556036816320125e-18,5.9556036816320125e-18
1.5810000000000000e-09,1.5810000000000000e+03,0.0000000000000000e+00,0.0000000000000000e+00,6.4107020560872276e-18,6.4107020560872276e-18
1.5819999999999999e-09,1.5820000000000000e+03,0.0000000000000000e+00,0.0000000000000000e+00,2.4211738575013270e-17,2.4211738575013270e-17
1.5830000000000000e-09,1.5830000000000000e+03,0.0000000000000000e+00,0.0000000000000000e+00,2.1461485921424866e-17,2.1461485921424866e-17
1.5839999999999999e-09,1.5840000000000000e+03,0.0000000000000000e+00,0.0000000000000000e+00,-8.8111835725644513e-19,-8.8111835725644513e-19
1.5850000000000000e-09,1.5850000000000000e+03,0.0000000000000000e+00,0.0000000000000000e+00,-2.9281498182588541e-17,-2.9281498182588541e-17
1.5859999999999999e-09,1.5860000000000000e+03,0.0000000000000000e+00,0.0000000000000000e+00,-1.6951655732456441e-18,-1.6951655732456441e-18
1.5870000000000000e-09,1.5870000000000000e+03,0.0000000000000000e+00,0.0000000000000000e+00,-1.6481853514673283e-17,-1.6481853514673283e-17
1.5879999999999999e-09,1.5880000000000000e+03,0.0000000000000000e+00,0.0000000000000000e+00,4.9796324067515839e-18,4.9796324067515839e-18
1.5890000000000000e-09,1.5890000000000000e+03,0.0000000000000000e+00,0.0000000000000000e+00,1.7011879053431836e-18,1.7011879053431836e-18
1.5899999999999999e-09,1.5900000000000000e+03,0.0000000000000000e+00,0.0000000000000000e+00,4.7155364828415835e-18,4.7155364828415835e-18
1.5910000000000000e-09,1.5910000000000000e+03,0.0000000000000000e+00,0.0000000000000000e+00,-2.9758356001302955e-17,-2.9758356001302955e-17
1.5919999999999999e-09,1.5920000000000000e+03,0.0000000000000000e+00,0.0000000000000000e+00,-1.0806082869112926e-17,-1.0806082869112926e-17
1.5930000000000000e-09,1.5930000000000000e+03,0.0000000000000000e+00,0.0000000000000000e+00,-1.4904596918608068e-17,-1.4904596918608068e-17
1.5939999999999999e-09,1.5940000000000000e+03,0.0000000000000000e+00,0.0000000000000000e+00,4.1558973334781341e-17,4.1558973334781341e-17
1.5950000000000000e-09,1.5950000000000000e+03,0.0000000000000000e+00,0.0000000000000000e+00,2.5341215744018057e-17,2.5341215744018057e-17
1.5959999999999999e-09,1.5960000000000000e+03,0.0000000000000000e+00,0.0000000000000000e+00,1.9289462529464811e-17,1.9289462529464811e-17
1.5970000000000000e-09,1.5970000000000000e+03,0.0000000000000000e+00,0.0000000000000000e+00,4.1564995666878879e-17,4.1564995666878879e-17
1.5980000000000001e-09,1.5980000000000000e+03,0.0000000000000000e+00,0.0000000000000000e+00,4.5196366677723724e-17,4.5196366677723724e-17
1.5990000000000000e-09,1.5990000000000000e+03,0.0000000000000000e+00,0.0000000000000000e+00,8.1708636464486226e-17,8.1708636464486226e-17
1.6000000000000001e-09,1.6000000000000000e+03,0.0000000000000000e+00,0.0000000000000000e+00,7.5297934408399003e-17,7.5297934408399003e-17
1.6010000000000000e-09,1.6010000000000000e+03,0.0000000000000000e+00,0.0000000000000000e+00,6.9841444182933006e-17,6.9841444182933006e-17
1.6020000000000001e-09,1.6020000000000000e+03,0.0000000000000000e+00,0.0000000000000000e+00,8.1085591699042240e-17,8.1085591699042240e-17
1.6029999999999999e-09,1.6030000000000000e+03,0.0000000000000000e+00,0.0000000000000000e+00,7.3574987058796623e-17,7.3574987058796623e-17
1.6040000000000000e-09,1.6040000000000000e+03,0.0000000000000000e+00,0.0000000000000000e+00,7.3170726520254582e-17,7.3170726520254582e-17
1.6049999999999999e-09,1.6050000000000000e+03,0.0000000000000000e+00,0.0000000000000000e+00,8.3117946669562681e-17,8.3117946669562681e-17
1.6060000000000000e-09,1.6060000000000000e+03,0.0000000000000000e+00,0.0000000000000000e+00,8.4217849253721063e-17,8.4217849253721063e-17
1.6069999999999999e-09,1.6070000000000000e+03,0.0000000000000000e+00,0.0000000000000000e+00,7.5577767444470659e-17,7.5577767444470659e-17
1.6080000000000000e-09,1.6080000000000000e+03,0.0000000000000000e+00,0.0000000000000000e+00,8.8596196339287857e-17,8.8596196339287857e-17
1.6089999999999999e-09,1.6090000000000000e+03,0.0000000000000000e+00,0.0000000000000000e+00,5.7299873106830204e-17,5.7299873106830204e-17
1.6100000000000000e-09,1.6100000000000000e+03,0.0000000000000000e+00,0.0000000000000000e+00,7.7610122414991087e-17,7.7610122414991087e-17
1.6109999999999999e-09,1.6110000000000000e+03,0.0000000000000000e+00,0.0000000000000000e+00,5.3398383839977824e-17,5.3398383839977824e-17
1.6120000000000000e-09,1.6120000000000000e+03,0.0000000000000000e+00,0.0000000000000000e+00,5.3751310349414268e-17,5.3751310349414268e-17
1.6129999999999999e-09,1.6130000000000000e+03,0.0000000000000000e+00,0.0000000000000000e+00,4.4685208557362624e-17,4.4685208557362624e-17
1.6140000000000000e-09,1.6140000000000000e+03,0.0000000000000000e+00,0.0000000000000000e+00,5.6148636493566225e-17,5.6148636493566225e-17
1.6149999999999999e-09,1.6150000000000000e+03,0.0000000000000000e+00,0.0000000000000000e+00,7.1199420358903864e-17,7.1199420358903864e-17
1.6160000000000000e-09,1.6160000000000000e+03,0.0000000000000000e+00,0.0000000000000000e+00,1.1047122733466483e-17,1.1047122733466483e-17
1.6169999999999999e-09,1.6170000000000000e+03,0.0000000000000000e+00,0.0000000000000000e+00,6.6905350921588846e-18,6.6905350921588846e-18
1.6180000000000000e-09,1.6180000000000000e+03,0.0000000000000000e+00,0.0000000000000000e+00,6.0908988480223447e-17,6.0908988480223447e-17
1.6189999999999999e-09,1.6190000000000000e+03,0.0000000000000000e+00,0.0000000000000000e+00,6.6687756478996869e-18,6.6687756478996869e-18
1.6200000000000000e-09,1.6200000000000000e+03,0.0000000000000000e+00,0.0000000000000000e+00,-1.9289462529464811e-17,-1.9289462529464811e-17
1.6209999999999999e-09,1.6210000000000000e+03,0.0000000000000000e+00,0.0000000000000000e+00,-3.6591385592224836e-17,-3.6591385592224836e-17
1.6220000000000000e-09,1.6220000000000000e+03,0.0000000000000000e+00,0.0000000000000000e+00,-7.6410544748135387e-18,-7.6410544748135387e-18
1.6229999999999999e-09,1.6230000000000000e+03,0.0000000000000000e+00,0.0000000000000000e+00,-8.5281951641675241e-18,-8.5281951641675241e-18
1.6240000000000000e-09,1.6240000000000000e+03,0.0000000000000000e+00,0.0000000000000000e+00,-1.3765901162731567e-17,-1.3765901162731567e-17
1.6249999999999999e-09,1.6250000000000000e+03,0.0000000000000000e+00,0.0000000000000000e+00,4.2932089480069279e-18,4.2932089480069279e-18
1.6260000000000000e-09,1.6260000000000000e+03,0.0000000000000000e+00,0.0000000000000000e+00,2.6429073663981370e-17,2.6429073663981370e-17
1.6270000000000001e-09,1.6270000000000000e+03,0.0000000000000000e+00,0.0000000000000000e+00,-7.5739833335462917e-18,-7.5739833335462917e-18
1.6280000000000000e-09,1.6280000000000000e+03,0.0000000000000000e+00,0.0000000000000000e+00,1.2848827026060722e-18,1.2848827026060722e-18
1.6290000000000001e-09,1.6290000000000000e+03,0.0000000000000000e+00,0.0000000000000000e+00,1.0615080418567712e-17,1.0615080418567712e-17
1.6300000000000000e-09,1.6300000000000000e+03,0.0000000000000000e+00,0.0000000000000000e+00,3.3991012333332588e-17,3.3991012333332588e-17
1.6310000000000001e-09,1.6310000000000000e+03,0.0000000000000000e+00,0.0000000000000000e+00,3.2472061918208962e-17,3.2472061918208962e-17
1.6319999999999999e-09,1.6320000000000000e+03,0.0000000000000000e+00,0.0000000000000000e+00,2.8789853071450936e-17,2.8789853071450936e-17
1.6330000000000000e-09,1.6330000000000000e+03,0.0000000000000000e+00,0.0000000000000000e+00,1.8048057832928238e-18,1.8048057832928238e-18
1.6339999999999999e-09,1.6340000000000000e+03,0.0000000000000000e+00,0.0000000000000000e+00,-1.0694196224030040e-17,-1.0694196224030040e-17
1.6350000000000000e-09,1.6350000000000000e+03,0.0000000000000000e+00,0.0000000000000000e+00,-4.3810112532203720e-17,-4.3810112532203720e-17
1.6359999999999999e-09,1.6360000000000000e+03,0.0000000000000000e+00,0.0000000000000000e+00,-9.3440886041400115e-18,-9.3440886041400115e-18
1.6370000000000000e-09,1.6370000000000000e+03,0.0000000000000000e+00,0.0000000000000000e+00,1.8561634944005705e-17,1.8561634944005705e-17
1.6379999999999999e-09,1.6380000000000000e+03,0.0000000000000000e+00,0.0000000000000000e+00,-1.6260326659543217e-17,-1.6260326659543217e-17
1.6390000000000000e-09,1.6390000000000000e+03,0.0000000000000000e+00,0.0000000000000000e+00,2.4651116324441414e-17,2.4651116324441414e-17
1.6399999999999999e-09,1.6400000000000000e+03,0.0000000000000000e+00,0.0000000000000000e+00,1.3085500036084455e-17,1.3085500036084455e-17
1.6410000000000000e-09,1.6410000000000000e+03,0.0000000000000000e+00,0.0000000000000000e+00,3.7555303959342886e-17,3.7555303959342886e-17
1.6419999999999999e-09,1.6420000000000000e+03,0.0000000000000000e+00,0.0000000000000000e+00,1.9567490503428417e-17,1.9567490503428417e-17
1.6430000000000000e-09,1.6430000000000000e+03,0.0000000000000000e+00,0.0000000000000000e+00,-8.4573623391561764e-18,-8.4573623391561764e-18
1.6439999999999999e-09,1.6440000000000000e+03,0.0000000000000000e+00,0.0000000000000000e+00,1.1316071977691430e-17,1.1316071977691430e-17
1.6450000000000000e-09,1.6450000000000000e+03,0.0000000000000000e+00,0.0000000000000000e+00,-3.8826686040851737e-18,-3.8826686040851737e-18
1.6459999999999999e-09,1.6460000000000000e+03,0.0000000000000000e+00,0.0000000000000000e+00,1.2904769647857709e-17,1.2904769647857709e-17
1.6470000000000000e-09,1.6470000000000000e+03,0.0000000000000000e+00,0.0000000000000000e+00,6.2899914408367787e-18,6.2899914408367787e-18
1.6479999999999999e-09,1.6480000000000000e+03,0.0000000000000000e+00,0.0000000000000000e+00,1.1288220471835102e-17,1.1288220471835102e-17
1.6490000000000000e-09,1.6490000000000000e+03,0.0000000000000000e+00,0.0000000000000000e+00,9.1441554528929496e-18,9.1441554528929496e-18
1.6499999999999999e-09,1.6500000000000000e+03,0.0000000000000000e+00,0.0000000000000000e+00,5.5385016320917914e-18,5.5385016320917914e-18
1.6510000000000000e-09,1.6510000000000000e+03,0.0000000000000000e+00,0.0000000000000000e+00,-3.1655198425924644e-17,-3.1655198425924644e-17
1.6519999999999999e-09,1.6520000000000000e+03,0.0000000000000000e+00,0.0000000000000000e+00,2.2578253424600433e-18,2.2578253424600433e-18
1.6530000000000000e-09,1.6530000000000000e+03,0.0000000000000000e+00,0.0000000000000000e+00,-2.8364822385332967e-17,-2.8364822385332967e-17
1.6539999999999999e-09,1.6540000000000000e+03,0.0000000000000000e+00,0.0000000000000000e+00,-2.4734755582777524e-17,-2.4734755582777524e-17
1.6550000000000000e-09,1.6550000000000000e+03,0.0000000000000000e+00,0.0000000000000000e+00,-7.0144354474501007e-18,-7.0144354474501007e-18
1.6559999999999999e-09,1.6560000000000000e+03,0.0000000000000000e+00,0.0000000000000000e+00,1.2085988982111013e-17,1.2085988982111013e-17
1.6570000000000000e-09,1.6570000000000000e+03,0.0000000000000000e+00,0.0000000000000000e+00,-3.5957031314855917e-17,-3.5957031314855917e-17
1.6580000000000001e-09,1.6580000000000000e+03,0.0000000000000000e+00,0.0000000000000000e+00,-2.3390060578136508e-17,-2.3390060578136508e-17
1.6590000000000000e-09,1.6590000000000000e+03,0.0000000000000000e+00,0.0000000000000000e+00,-5.1094019900215794e-17,-5.1094019900215794e-17
1.6600000000000001e-09,1.6600000000000000e+03,0.0000000000000000e+00,0.0000000000000000e+00,-2.6926313114602498e-18,-2.6926313114602498e-18
1.6610000000000000e-09,1.6610000000000000e+03,0.0000000000000000e+00,0.0000000000000000e+00,-1.5818756642822843e-17,-1.5818756642822843e-17
1.6620000000000001e-09,1.6620000000000000e+03,0.0000000000000000e+00,0.0000000000000000e+00,-1.6061127325015656e-17,-1.6061127325015656e-17
1.6629999999999999e-09,1.6630000000000000e+03,0.0000000000000000e+00,0.0000000000000000e+00,-4.5452157073025686e-17,-4.5452157073025686e-17
1.6640000000000000e-09,1.6640000000000000e+03,0.0000000000000000e+00,0.0000000000000000e+00,-5.8056036154099745e-17,-5.8056036154099745e-17
1.6649999999999999e-09,1.6650000000000000e+03,0.0000000000000000e+00,0.0000000000000000e+00,-3.3925576094444979e-17,-3.3925576094444979e-17
1.6660000000000000e-09,1.6660000000000000e+03,0.0000000000000000e+00,0.0000000000000000e+00,-1.9881276396835294e-17,-1.9881276396835294e-17
1.6669999999999999e-09,1.6670000000000000e+03,0.0000000000000000e+00,0.0000000000000000e+00,-3.2492125979791386e-17,-3.2492125979791386e-17
1.6680000000000000e-09,1.6680000000000000e+03,0.0000000000000000e+00,0.0000000000000000e+00,-1.4895383007784377e-17,-1.4895383007784377e-17
1.6689999999999999e-09,1.6690000000000000e+03,0.0000000000000000e+00,0.0000000000000000e+00,-4.0675988422364283e-17,-4.0675988422364283e-17
1.6700000000000000e-09,1.6700000000000000e+03,0.0000000000000000e+00,0.0000000000000000e+00,-2.4144069877071451e-17,-2.4144069877071451e-17
1.6709999999999999e-09,1.6710000000000000e+03,0.0000000000000000e+00,0.0000000000000000e+00,-2.3972205898375141e-17,-2.3972205898375141e-17
1.6720000000000000e-09,1.6720000000000000e+03,0.0000000000000000e+00,0.0000000000000000e+00,-3.8098014976973599e-17,-3.8098014976973599e-17
1.6729999999999999e-09,1.6730000000000000e+03,0.0000000000000000e+00,0.0000000000000000e+00,-6.6988541567944988e-18,-6.6988541567944988e-18
1.6740000000000000e-09,1.6740000000000000e+03,0.0000000000000000e+00,0.0000000000000000e+00,8.3414667123736462e-18,8.3414667123736462e-18
1.6749999999999999e-09,1.6750000000000000e+03,0.0000000000000000e+00,0.0000000000000000e+00,-4.3641796198972448e-17,-4.3641796198972448e-17
1.6760000000000000e-09,1.6760000000000000e+03,0.0000000000000000e+00,0.0000000000000000e+00,-6.0182260594630136e-17,-6.0182260594630136e-17
1.6769999999999999e-09,1.6770000000000000e+03,0.0000000000000000e+00,0.0000000000000000e+00,-4.8333977749520131e-17,-4.8333977749520131e-17
1.6780000000000000e-09,1.6780000000000000e+03,0.0000000000000000e+00,0.0000000000000000e+00,-1.9231427321819299e-18,-1.9231427321819299e-18
1.6789999999999999e-09,1.6790000000000000e+03,0.0000000000000000e+00,0.0000000000000000e+00,-7.3981562217622553e-18,-7.3981562217622553e-18
1.6800000000000000e-09,1.6800000000000000e+03,0.0000000000000000e+00,0.0000000000000000e+00,-3.7502841867782138e-17,-3.7502841867782138e-17
1.6809999999999999e-09,1.6810000000000000e+03,0.0000000000000000e+00,0.0000000000000000e+00,-3.3745798410391428e-17,-3.3745798410391428e-17
1.6820000000000000e-09,1.6820000000000000e+03,0.0000000000000000e+00,0.0000000000000000e+00,-1.6994672639629856e-17,-1.6994672639629856e-17
1.6829999999999999e-09,1.6830000000000000e+03,0.0000000000000000e+00,0.0000000000000000e+00,-2.5458800612144358e-17,-2.5458800612144358e-17
1.6840000000000000e-09,1.6840000000000000e+03,0.0000000000000000e+00,0.0000000000000000e+00,2.0140884983781407e-18,2.0140884983781407e-18
1.6849999999999999e-09,1.6850000000000000e+03,0.0000000000000000e+00,0.0000000000000000e+00,-6.6044600561272824e-18,-6.6044600561272824e-18
1.6860000000000000e-09,1.6860000000000000e+03,0.0000000000000000e+00,0.0000000000000000e+00,-1.2495173837714969e-17,-1.2495173837714969e-17
1.6870000000000001e-09,1.6870000000000000e+03,0.0000000000000000e+00,0.0000000000000000e+00,-1.2686777538572735e-17,-1.2686777538572735e-17
1.6880000000000000e-09,1.6880000000000000e+03,0.0000000000000000e+00,0.0000000000000000e+00,-3.9125774491737877e-17,-3.9125774491737877e-17
1.6890000000000001e-09,1.6890000000000000e+03,0.0000000000000000e+00,0.0000000000000000e+00,-3.1374897510030630e-17,-3.1374897510030630e-17
1.6900000000000000e-09,1.6900000000000000e+03,0.0000000000000000e+00,0.0000000000000000e+00,-1.6359729159361176e-17,-1.6359729159361176e-17
1.6910000000000001e-09,1.6910000000000000e+03,0.0000000000000000e+00,0.0000000000000000e+00,-1.9185639504546654e-17,-1.9185639504546654e-17
1.6919999999999999e-09,1.6920000000000000e+03,0.0000000000000000e+00,0.0000000000000000e+00,-1.1113724942605072e-17,-1.1113724942605072e-17
1.6930000000000000e-09,1.6930000000000000e+03,0.0000000000000000e+00,0.0000000000000000e+00,1.1916994200243268e-18,1.1916994200243268e-18
1.6939999999999999e-09,1.6940000000000000e+03,0.0000000000000000e+00,0.0000000000000000e+00,-8.1623923332173715e-18,-8.1623923332173715e-18
1.6950000000000000e-09,1.6950000000000000e+03,0.0000000000000000e+00,0.0000000000000000e+00,-3.4810004202917356e-17,-3.4810004202917356e-17
1.6959999999999999e-09,1.6960000000000000e+03,0.0000000000000000e+00,0.0000000000000000e+00,-2.2577201891341818e-17,-2.2577201891341818e-17
1.6970000000000000e-09,1.6970000000000000e+03,0.0000000000000000e+00,0.0000000000000000e+00,-1.5526019573302491e-17,-1.5526019573302491e-17
1.6979999999999999e-09,1.6980000000000000e+03,0.0000000000000000e+00,0.0000000000000000e+00,-1.5658433871492915e-17,-1.5658433871492915e-17
1.6990000000000000e-09,1.6990000000000000e+03,0.0000000000000000e+00,0.0000000000000000e+00,-4.4820231335976658e-17,-4.4820231335976658e-17
1.6999999999999999e-09,1.7000000000000000e+03,0.0000000000000000e+00,0.0000000000000000e+00,-3.5733462979473599e-17,-3.5733462979473599e-17
1.7010000000000000e-09,1.7010000000000000e+03,0.0000000000000000e+00,0.0000000000000000e+00,-3.1416826060178778e-17,-3.1416826060178778e-17
1.7019999999999999e-09,1.7020000000000000e+03,0.0000000000000000e+00,0.0000000000000000e+00,-4.5850314102578301e-17,-4.5850314102578301e-17
1.7030000000000000e-09,1.7030000000000000e+03,0.0000000000000000e+00,0.0000000000000000e+00,-2.5315309154421938e-17,-2.5315309154421938e-17
1.7039999999999999e-09,1.7040000000000000e+03,0.0000000000000000e+00,0.0000000000000000e+00,-3.1712442882036683e-17,-3.1712442882036683e-17
1.7050000000000000e-09,1.7050000000000000e+03,0.0000000000000000e+00,0.0000000000000000e+00,-4.7553566495388296e-17,-4.7553566495388296e-17
1.7059999999999999e-09,1.7060000000000000e+03,0.0000000000000000e+00,0.0000000000000000e+00,-7.6901848479204034e-17,-7.6901848479204034e-17
1.7070000000000000e-09,1.7070000000000000e+03,0.0000000000000000e+00,0.0000000000000000e+00,-7.9827085115257794e-17,-7.9827085115257794e-17
1.7079999999999999e-09,1.7080000000000000e+03,0.0000000000000000e+00,0.0000000000000000e+00,-6.1470483055885951e-17,-6.1470483055885951e-17
1.7090000000000000e-09,1.7090000000000000e+03,0.0000000000000000e+00,0.0000000000000000e+00,-5.7739058828163358e-17,-5.7739058828163358e-17
1.7099999999999999e-09,1.7100000000000000e+03,0.0000000000000000e+00,0.0000000000000000e+00,-4.0446867634702387e-17,-4.0446867634702387e-17
1.7110000000000000e-09,1.7110000000000000e+03,0.0000000000000000e+00,0.0000000000000000e+00,-4.7897340556445760e-17,-4.7897340556445760e-17
1.7119999999999999e-09,1.7120000000000000e+03,0.0000000000000000e+00,0.0000000000000000e+00,-4.3491286448044814e-17,-4.3491286448044814e-17
1.7130000000000000e-09,1.7130000000000000e+03,0.0000000000000000e+00,0.0000000000000000e+00,-4.6866887816238958e-17,-4.6866887816238958e-17
1.7139999999999999e-09,1.7140000000000000e+03,0.0000000000000000e+00,0.0000000000000000e+00,-4.6372833568111155e-17,-4.6372833568111155e-17
1.7150000000000000e-09,1.7150000000000000e+03,0.0000000000000000e+00,0.0000000000000000e+00,-7.6811969250618120e-17,-7.6811969250618120e-17
1.7159999999999999e-09,1.7160000000000000e+03,0.0000000000000000e+00,0.0000000000000000e+00,-4.0178390767845226e-17,-4.0178390767845226e-17
1.7170000000000000e-09,1.7170000000000000e+03,0.0000000000000000e+00,0.0000000000000000e+00,-5.2730764501341196e-17,-5.2730764501341196e-17
1.7180000000000001e-09,1.7180000000000000e+03,0.0000000000000000e+00,0.0000000000000000e+00,-9.9172027763060248e-17,-9.9172027763060248e-17
1.7190000000000000e-09,1.7190000000000000e+03,0.0000000000000000e+00,0.0000000000000000e+00,-6.9746485059516465e-17,-6.9746485059516465e-17
1.7200000000000001e-09,1.7200000000000000e+03,0.0000000000000000e+00,0.0000000000000000e+00,-7.1188783492964503e-17,-7.1188783492964503e-17
1.7210000000000000e-09,1.7210000000000000e+03,0.0000000000000000e+00,0.0000000000000000e+00,-3.9130522110383533e-17,-3.9130522110383533e-17
1.7220000000000001e-09,1.7220000000000000e+03,0.0000000000000000e+00,0.0000000000000000e+00,-4.8285106000531987e-17,-4.8285106000531987e-17
1.7229999999999999e-09,1.7230000000000000e+03,0.0000000000000000e+00,0.0000000000000000e+00,-7.1463233552870948e-17,-7.1463233552870948e-17
1.7240000000000000e-09,1.7240000000000000e+03,0.0000000000000000e+00,0.0000000000000000e+00,-9.4919648525775050e-17,-9.4919648525775050e-17
1.7249999999999999e-09,1.7250000000000000e+03,0.0000000000000000e+00,0.0000000000000000e+00,-8.7268051744885718e-17,-8.7268051744885718e-17
1.7260000000000000e-09,1.7260000000000000e+03,0.0000000000000000e+00,0.0000000000000000e+00,-7.6965397839230896e-17,-7.6965397839230896e-17
1.7269999999999999e-09,1.7270000000000000e+03,0.0000000000000000e+00,0.0000000000000000e+00,-5.5381769044313941e-17,-5.5381769044313941e-17
1.7280000000000000e-09,1.7280000000000000e+03,0.0000000000000000e+00,0.0000000000000000e+00,-4.9758771934792975e-17,-4.9758771934792975e-17
1.7289999999999999e-09,1.7290000000000000e+03,0.0000000000000000e+00,0.0000000000000000e+00,-4.7594199514660966e-17,-4.7594199514660966e-17
1.7300000000000000e-09,1.7300000000000000e+03,0.0000000000000000e+00,0.0000000000000000e+00,-7.1990829044621834e-17,-7.1990829044621834e-17
1.7309999999999999e-09,1.7310000000000000e+03,0.0000000000000000e+00,0.0000000000000000e+00,-7.7268067157772343e-17,-7.7268067157772343e-17
1.7320000000000000e-09,1.7320000000000000e+03,0.0000000000000000e+00,0.0000000000000000e+00,-6.9422674664048436e-17,-6.9422674664048436e-17
1.7329999999999999e-09,1.7330000000000000e+03,0.0000000000000000e+00,0.0000000000000000e+00,-4.0465068411417037e-17,-4.0465068411417037e-17
1.7340000000000000e-09,1.7340000000000000e+03,0.0000000000000000e+00,0.0000000000000000e+00,-4.4099671961680716e-17,-4.4099671961680716e-17
1.7349999999999999e-09,1.7350000000000000e+03,0.0000000000000000e+00,0.0000000000000000e+00,-3.1929831111316664e-17,-3.1929831111316664e-17
1.7360000000000000e-09,1.7360000000000000e+03,0.0000000000000000e+00,0.0000000000000000e+00,-3.8156389490475244e-17,-3.8156389490475244e-17
1.7369999999999999e-09,1.7370000000000000e+03,0.0000000000000000e+00,0.0000000000000000e+00,-5.1470548870269969e-17,-5.1470548870269969e-17
1.7380000000000000e-09,1.7380000000000000e+03,0.0000000000000000e+00,0.0000000000000000e+00,-1.2805973619741118e-18,-1.2805973619741118e-18
1.7389999999999999e-09,1.7390000000000000e+03,0.0000000000000000e+00,0.0000000000000000e+00,-3.9744730850580993e-17,-3.9744730850580993e-17
1.7400000000000000e-09,1.7400000000000000e+03,0.0000000000000000e+00,0.0000000000000000e+00,-4.7611361839974029e-18,-4.7611361839974029e-18
1.7409999999999999e-09,1.7410000000000000e+03,0.0000000000000000e+00,0.0000000000000000e+00,-5.2049325679787475e-17,-5.2049325679787475e-17
1.7420000000000000e-09,1.7420000000000000e+03,0.0000000000000000e+00,0.0000000000000000e+00,-2.2547513419276951e-17,-2.2547513419276951e-17
1.7429999999999999e-09,1.7430000000000000e+03,0.0000000000000000e+00,0.0000000000000000e+00,-2.4313046383059709e-17,-2.4313046383059709e-17
1.7440000000000000e-09,1.7440000000000000e+03,0.0000000000000000e+00,0.0000000000000000e+00,-6.0258035160062109e-18,-6.0258035160062109e-18
1.7449999999999999e-09,1.7450000000000000e+03,0.0000000000000000e+00,0.0000000000000000e+00,2.3997092796773350e-17,2.3997092796773350e-17
1.7460000000000000e-09,1.7460000000000000e+03,0.0000000000000000e+00,0.0000000000000000e+00,-3.1394090005768359e-18,-3.1394090005768359e-18
1.7470000000000001e-09,1.7470000000000000e+03,0.0000000000000000e+00,0.0000000000000000e+00,-2.9362298667956509e-17,-2.9362298667956509e-17
1.7480000000000000e-09,1.7480000000000000e+03,0.0000000000000000e+00,0.0000000000000000e+00,-7.7106019365132249e-18,-7.7106019365132249e-18
1.7490000000000001e-09,1.7490000000000000e+03,0.0000000000000000e+00,0.0000000000000000e+00,-7.0228205496885605e-18,-7.0228205496885605e-18
1.7500000000000000e-09,1.7500000000000000e+03,0.0000000000000000e+00,0.0000000000000000e+00,1.6829721527668048e-17,1.6829721527668048e-17
1.7510000000000001e-09,1.7510000000000000e+03,0.0000000000000000e+00,0.0000000000000000e+00,6.3858982938209280e-19,6.3858982938209280e-19
1.7519999999999999e-09,1.7520000000000000e+03,0.0000000000000000e+00,0.0000000000000000e+00,-1.7041338230061403e-17,-1.7041338230061403e-17
1.7530000000000000e-09,1.7530000000000000e+03,0.0000000000000000e+00,0.0000000000000000e+00,-2.0497103697884099e-17,-2.0497103697884099e-17
1.7539999999999999e-09,1.7540000000000000e+03,0.0000000000000000e+00,0.0000000000000000e+00,-1.8680095396235583e-17,-1.8680095396235583e-17
1.7550000000000000e-09,1.7550000000000000e+03,0.0000000000000000e+00,0.0000000000000000e+00,-8.3961807652165227e-18,-8.3961807652165227e-18
1.7559999999999999e-09,1.7560000000000000e+03,0.0000000000000000e+00,0.0000000000000000e+00,-2.0960638954341591e-17,-2.0960638954341591e-17
1.7570000000000000e-09,1.7570000000000000e+03,0.0000000000000000e+00,0.0000000000000000e+00,2.1941103488452511e-17,2.1941103488452511e-17
1.7579999999999999e-09,1.7580000000000000e+03,0.0000000000000000e+00,0.0000000000000000e+00,2.9032877210903494e-18,2.9032877210903494e-18
1.7590000000000000e-09,1.7590000000000000e+03,0.0000000000000000e+00,0.0000000000000000e+00,9.1795082405479663e-18,9.1795082405479663e-18
1.7599999999999999e-09,1.7600000000000000e+03,0.0000000000000000e+00,0.0000000000000000e+00,-4.2028835292852005e-18,-4.2028835292852005e-18
1.7610000000000000e-09,1.7610000000000000e+03,0.0000000000000000e+00,0.0000000000000000e+00,2.4874377262754183e-17,2.4874377262754183e-17
1.7619999999999999e-09,1.7620000000000000e+03,0.0000000000000000e+00,0.0000000000000000e+00,2.4707580532532522e-17,2.4707580532532522e-17
1.7630000000000000e-09,1.7630000000000000e+03,0.0000000000000000e+00,0.0000000000000000e+00,4.0123127881817765e-17,4.0123127881817765e-17
1.7639999999999999e-09,1.7640000000000000e+03,0.0000000000000000e+00,0.0000000000000000e+00,4.4293435229066939e-17,4.4293435229066939e-17
1.7650000000000000e-09,1.7650000000000000e+03,0.0000000000000000e+00,0.0000000000000000e+00,2.8807084504850820e-17,2.8807084504850820e-17
1.7659999999999999e-09,1.7660000000000000e+03,0.0000000000000000e+00,0.0000000000000000e+00,4.3185038650789412e-17,4.3185038650789412e-17
1.7670000000000000e-09,1.7670000000000000e+03,0.0000000000000000e+00,0.0000000000000000e+00,5.4255547785305949e-17,5.4255547785305949e-17
1.7679999999999999e-09,1.7680000000000000e+03,0.0000000000000000e+00,0.0000000000000000e+00,4.8114756144344865e-17,4.8114756144344865e-17
1.7690000000000000e-09,1.7690000000000000e+03,0.0000000000000000e+00,0.0000000000000000e+00,5.8410325391951013e-17,5.8410325391951013e-17
1.7699999999999999e-09,1.7700000000000000e+03,0.0000000000000000e+00,0.0000000000000000e+00,3.4221358201777009e-17,3.4221358201777009e-17
1.7710000000000000e-09,1.7710000000000000e+03,0.0000000000000000e+00,0.0000000000000000e+00,4.3065191295416367e-17,4.3065191295416367e-17
1.7719999999999999e-09,1.7720000000000000e+03,0.0000000000000000e+00,0.0000000000000000e+00,5.2818870860151733e-17,5.2818870860151733e-17
1.7730000000000000e-09,1.7730000000000000e+03,0.0000000000000000e+00,0.0000000000000000e+00,5.6855663033641617e-17,5.6855663033641617e-17
1.7739999999999999e-09,1.7740000000000000e+03,0.0000000000000000e+00,0.0000000000000000e+00,6.1966073966424967e-17,6.1966073966424967e-17
1.7750000000000000e-09,1.7750000000000000e+03,0.0000000000000000e+00,0.0000000000000000e+00,5.4784038343829929e-17,5.4784038343829929e-17
1.7759999999999999e-09,1.7760000000000000e+03,0.0000000000000000e+00,0.0000000000000000e+00,6.5773391087485237e-17,6.5773391087485237e-17
1.7770000000000000e-09,1.7770000000000000e+03,0.0000000000000000e+00,0.0000000000000000e+00,5.9027660483951618e-17,5.9027660483951618e-17
1.7780000000000001e-09,1.7780000000000000e+03,0.0000000000000000e+00,0.0000000000000000e+00,5.7843835415792110e-17,5.7843835415792110e-17
1.7790000000000000e-09,1.7790000000000000e+03,0.0000000000000000e+00,0.0000000000000000e+00,6.2939465755976773e-17,6.2939465755976773e-17
1.7800000000000001e-09,1.7800000000000000e+03,0.0000000000000000e+00,0.0000000000000000e+00,6.4184197935931819e-17,6.4184197935931819e-17
1.7810000000000000e-09,1.7810000000000000e+03,0.0000000000000000e+00,0.0000000000000000e+00,6.9061958359515725e-17,6.9061958359515725e-17
1.7820000000000001e-09,1.7820000000000000e+03,0.0000000000000000e+00,0.0000000000000000e+00,3.8271622393523217e-17,3.8271622393523217e-17
1.7829999999999999e-09,1.7830000000000000e+03,0.0000000000000000e+00,0.0000000000000000e+00,4.0899895430857236e-17,4.0899895430857236e-17
1.7840000000000000e-09,1.7840000000000000e+03,0.0000000000000000e+00,0.0000000000000000e+00,2.9928732023237238e-17,2.9928732023237238e-17
1.7849999999999999e-09,1.7850000000000000e+03,0.0000000000000000e+00,0.0000000000000000e+00,3.9674037814503786e-17,3.9674037814503786e-17
1.7860000000000000e-09,1.7860000000000000e+03,0.0000000000000000e+00,0.0000000000000000e+00,3.1708257861703351e-17,3.1708257861703351e-17
1.7869999999999999e-09,1.7870000000000000e+03,0.0000000000000000e+00,0.0000000000000000e+00,2.5722503635680294e-17,2.5722503635680294e-17
1.7880000000000000e-09,1.7880000000000000e+03,0.0000000000000000e+00,0.0000000000000000e+00,2.8663393376164609e-17,2.8663393376164609e-17
1.7889999999999999e-09,1.7890000000000000e+03,0.0000000000000000e+00,0.0000000000000000e+00,4.7797134404436856e-17,4.7797134404436856e-17
1.7900000000000000e-09,1.7900000000000000e+03,0.0000000000000000e+00,0.0000000000000000e+00,3.2428026792381933e-17,3.2428026792381933e-17
1.7909999999999999e-09,1.7910000000000000e+03,0.0000000000000000e+00,0.0000000000000000e+00,3.8896370575311927e-17,3.8896370575311927e-17
1.7920000000000000e-09,1.7920000000000000e+03,0.0000000000000000e+00,0.0000000000000000e+00,1.6922846481955266e-17,1.6922846481955266e-17
1.7929999999999999e-09,1.7930000000000000e+03,0.0000000000000000e+00,0.0000000000000000e+00,1.9217286004430749e-17,1.9217286004430749e-17
1.7940000000000000e-09,1.7940000000000000e+03,0.0000000000000000e+00,0.0000000000000000e+00,-1.9057892182518111e-18,-1.9057892182518111e-18
1.7949999999999999e-09,1.7950000000000000e+03,0.0000000000000000e+00,0.0000000000000000e+00,-4.4015013259255331e-18,-4.4015013259255331e-18
1.7960000000000000e-09,1.7960000000000000e+03,0.0000000000000000e+00,0.0000000000000000e+00,1.0175454146849828e-17,1.0175454146849828e-17
1.7969999999999999e-09,1.7970000000000000e+03,0.0000000000000000e+00,0.0000000000000000e+00,4.5609537670310444e-18,4.5609537670310444e-18
1.7980000000000000e-09,1.7980000000000000e+03,0.0000000000000000e+00,0.0000000000000000e+00,-2.4770814885429589e-18,-2.4770814885429589e-18
1.7989999999999999e-09,1.7990000000000000e+03,0.0000000000000000e+00,0.0000000000000000e+00,-7.0774022251014604e-18,-7.0774022251014604e-18
1.8000000000000000e-09,1.8000000000000000e+03,0.0000000000000000e+00,0.0000000000000000e+00,-4.7969033073982226e-18,-4.7969033073982226e-18
1.8009999999999999e-09,1.8010000000000000e+03,0.0000000000000000e+00,0.0000000000000000e+00,1.3653556996816819e-17,1.3653556996816819e-17
1.8020000000000000e-09,1.8020000000000000e+03,0.0000000000000000e+00,0.0000000000000000e+00,1.3073826808263750e-17,1.3073826808263750e-17
1.8029999999999999e-09,1.8030000000000000e+03,0.0000000000000000e+00,0.0000000000000000e+00,1.0300941532103153e-17,1.0300941532103153e-17
1.8040000000000000e-09,1.8040000000000000e+03,0.0000000000000000e+00,0.0000000000000000e+00,-4.4958046175776831e-18,-4.4958046175776831e-18
1.8049999999999999e-09,1.8050000000000000e+03,0.0000000000000000e+00,0.0000000000000000e+00,-1.1857136244940891e-17,-1.1857136244940891e-17
1.8060000000000000e-09,1.8060000000000000e+03,0.0000000000000000e+00,0.0000000000000000e+00,-2.6797921528882345e-17,-2.6797921528882345e-17
1.8069999999999999e-09,1.8070000000000000e+03,0.0000000000000000e+00,0.0000000000000000e+00,-1.8377922351074411e-17,-1.8377922351074411e-17
1.8080000000000000e-09,1.8080000000000000e+03,0.0000000000000000e+00,0.0000000000000000e+00,-2.8955715599419793e-17,-2.8955715599419793e-17
1.8090000000000001e-09,1.8090000000000000e+03,0.0000000000000000e+00,0.0000000000000000e+00,-1.6173041908442245e-17,-1.6173041908442245e-17
1.8100000000000000e-09,1.8100000000000000e+03,0.0000000000000000e+00,0.0000000000000000e+00,-3.5981958051560408e-17,-3.5981958051560408e-17
1.8110000000000001e-09,1.8110000000000000e+03,0.0000000000000000e+00,0.0000000000000000e+00,-3.8247844879540902e-17,-3.8247844879540902e-17
1.8119999999999999e-09,1.8120000000000000e+03,0.0000000000000000e+00,0.0000000000000000e+00,-2.5630828760850666e-17,-2.5630828760850666e-17
1.8130000000000000e-09,1.8130000000000000e+03,0.0000000000000000e+00,0.0000000000000000e+00,-5.2102229083618186e-18,-5.2102229083618186e-18
1.8139999999999999e-09,1.8140000000000000e+03,0.0000000000000000e+00,0.0000000000000000e+00,-3.6858089761278076e-17,-3.6858089761278076e-17
1.8150000000000000e-09,1.8150000000000000e+03,0.0000000000000000e+00,0.0000000000000000e+00,-4.2929897656427206e-17,-4.2929897656427206e-17
1.8159999999999999e-09,1.8160000000000000e+03,0.0000000000000000e+00,0.0000000000000000e+00,-7.0932697283897455e-17,-7.0932697283897455e-17
1.8170000000000000e-09,1.8170000000000000e+03,0.0000000000000000e+00,0.0000000000000000e+00,-7.2199092275085043e-17,-7.2199092275085043e-17
1.8179999999999999e-09,1.8180000000000000e+03,0.0000000000000000e+00,0.0000000000000000e+00,-5.1405552647393489e-17,-5.1405552647393489e-17
1.8190000000000000e-09,1.8190000000000000e+03,0.0000000000000000e+00,0.0000000000000000e+00,-7.1191507315237539e-17,-7.1191507315237539e-17
1.8199999999999999e-09,1.8200000000000000e+03,0.0000000000000000e+00,0.0000000000000000e+00,-6.7869502279771529e-17,-6.7869502279771529e-17
1.8210000000000000e-09,1.8210000000000000e+03,0.0000000000000000e+00,0.0000000000000000e+00,-5.9859971972531489e-17,-5.9859971972531489e-17
1.8219999999999999e-09,1.8220000000000000e+03,0.0000000000000000e+00,0.0000000000000000e+00,-7.9411004157615877e-17,-7.9411004157615877e-17
1.8230000000000000e-09,1.8230000000000000e+03,0.0000000000000000e+00,0.0000000000000000e+00,-7.5562078272880824e-17,-7.5562078272880824e-17
1.8239999999999999e-09,1.8240000000000000e+03,0.0000000000000000e+00,0.0000000000000000e+00,-6.0177592245922460e-17,-6.0177592245922460e-17
1.8250000000000000e-09,1.8250000000000000e+03,0.0000000000000000e+00,0.0000000000000000e+00,-6.5501197385020082e-17,-6.5501197385020082e-17
1.8259999999999999e-09,1.8260000000000000e+03,0.0000000000000000e+00,0.0000000000000000e+00,-6.6426201774926136e-17,-6.6426201774926136e-17
1.8270000000000000e-09,1.8270000000000000e+03,0.0000000000000000e+00,0.0000000000000000e+00,-7.4838016273568094e-17,-7.4838016273568094e-17
1.8279999999999999e-09,1.8280000000000000e+03,0.0000000000000000e+00,0.0000000000000000e+00,-7.0249598385812557e-17,-7.0249598385812557e-17
1.8290000000000000e-09,1.8290000000000000e+03,0.0000000000000000e+00,0.0000000000000000e+00,-9.1975049540153278e-17,-9.1975049540153278e-17
1.8299999999999999e-09,1.8300000000000000e+03,0.0000000000000000e+00,0.0000000000000000e+00,-8.4502103096651071e-17,-8.4502103096651071e-17
1.8310000000000000e-09,1.8310000000000000e+03,0.0000000000000000e+00,0.0000000000000000e+00,-9.3884834826617643e-17,-9.3884834826617643e-17
1.8319999999999999e-09,1.8320000000000000e+03,0.0000000000000000e+00,0.0000000000000000e+00,-9.4084235525487138e-17,-9.4084235525487138e-17
1.8330000000000000e-09,1.8330000000000000e+03,0.0000000000000000e+00,0.0000000000000000e+00,-9.6505497813444968e-17,-9.6505497813444968e-17
1.8339999999999999e-09,1.8340000000000000e+03,0.0000000000000000e+00,0.0000000000000000e+00,-5.3323118547815223e-17,-5.3323118547815223e-17
1.8350000000000000e-09,1.8350000000000000e+03,0.0000000000000000e+00,0.0000000000000000e+00,-4.3069884889919063e-17,-4.3069884889919063e-17
1.8359999999999999e-09,1.8360000000000000e+03,0.0000000000000000e+00,0.0000000000000000e+00,-5.5084551733590612e-17,-5.5084551733590612e-17
1.8370000000000000e-09,1.8370000000000000e+03,0.0000000000000000e+00,0.0000000000000000e+00,-3.4967624783988610e-17,-3.4967624783988610e-17
1.8380000000000001e-09,1.8380000000000000e+03,0.0000000000000000e+00,0.0000000000000000e+00,-4.7233742856709673e-17,-4.7233742856709673e-17
1.8390000000000000e-09,1.8390000000000000e+03,0.0000000000000000e+00,0.0000000000000000e+00,-3.0442912050306193e-17,-3.0442912050306193e-17
1.8400000000000001e-09,1.8400000000000000e+03,0.0000000000000000e+00,0.0000000000000000e+00,-4.8192034523861070e-17,-4.8192034523861070e-17
1.8409999999999999e-09,1.8410000000000000e+03,0.0000000000000000e+00,0.0000000000000000e+00,-4.5480598558249846e-17,-4.5480598558249846e-17
1.8420000000000000e-09,1.8420000000000000e+03,0.0000000000000000e+00,0.0000000000000000e+00,-2.9927837310376440e-17,-2.9927837310376440e-17
1.8429999999999999e-09,1.8430000000000000e+03,0.0000000000000000e+00,0.0000000000000000e+00,-4.8387850172534515e-18,-4.8387850172534515e-18
1.8440000000000000e-09,1.8440000000000000e+03,0.0000000000000000e+00,0.0000000000000000e+00,-2.2415161065050123e-17,-2.2415161065050123e-17
1.8449999999999999e-09,1.8450000000000000e+03,0.0000000000000000e+00,0.0000000000000000e+00,-2.8392195245728974e-18,-2.8392195245728974e-18
1.8460000000000000e-09,1.8460000000000000e+03,0.0000000000000000e+00,0.0000000000000000e+00,2.3601825629669602e-17,2.3601825629669602e-17
1.8469999999999999e-09,1.8470000000000000e+03,0.0000000000000000e+00,0.0000000000000000e+00,2.7084317449476707e-17,2.7084317449476707e-17
1.8480000000000000e-09,1.8480000000000000e+03,0.0000000000000000e+00,0.0000000000000000e+00,2.5453336565525004e-17,2.5453336565525004e-17
1.8489999999999999e-09,1.8490000000000000e+03,0.0000000000000000e+00,0.0000000000000000e+00,1.9891757897988365e-17,1.9891757897988365e-17
1.8500000000000000e-09,1.8500000000000000e+03,0.0000000000000000e+00,0.0000000000000000e+00,2.4644091743783482e-17,2.4644091743783482e-17
1.8509999999999999e-09,1.8510000000000000e+03,0.0000000000000000e+00,0.0000000000000000e+00,4.6630298816049611e-17,4.6630298816049611e-17
1.8520000000000000e-09,1.8520000000000000e+03,0.0000000000000000e+00,0.0000000000000000e+00,4.8367780343036204e-17,4.8367780343036204e-17
1.8529999999999999e-09,1.8530000000000000e+03,0.0000000000000000e+00,0.0000000000000000e+00,4.8749084173444068e-17,4.8749084173444068e-17
1.8540000000000000e-09,1.8540000000000000e+03,0.0000000000000000e+00,0.0000000000000000e+00,1.9951012073559783e-17,1.9951012073559783e-17
1.8549999999999999e-09,1.8550000000000000e+03,0.0000000000000000e+00,0.0000000000000000e+00,4.0959854685447303e-17,4.0959854685447303e-17
1.8560000000000000e-09,1.8560000000000000e+03,0.0000000000000000e+00,0.0000000000000000e+00,5.4355002513939465e-17,5.4355002513939465e-17
1.8569999999999999e-09,1.8570000000000000e+03,0.0000000000000000e+00,0.0000000000000000e+00,6.8968103639133425e-17,6.8968103639133425e-17
1.8580000000000000e-09,1.8580000000000000e+03,0.0000000000000000e+00,0.0000000000000000e+00,5.9636294136658788e-17,5.9636294136658788e-17
1.8589999999999999e-09,1.8590000000000000e+03,0.0000000000000000e+00,0.0000000000000000e+00,3.1114760816001099e-17,3.1114760816001099e-17
1.8600000000000000e-09,1.8600000000000000e+03,0.0000000000000000e+00,0.0000000000000000e+00,3.8885679677486770e-17,3.8885679677486770e-17
1.8609999999999999e-09,1.8610000000000000e+03,0.0000000000000000e+00,0.0000000000000000e+00,2.2515462571658773e-17,2.2515462571658773e-17
1.8620000000000000e-09,1.8620000000000000e+03,0.0000000000000000e+00,0.0000000000000000e+00,1.9650989601519175e-17,1.9650989601519175e-17
1.8629999999999999e-09,1.8630000000000000e+03,0.0000000000000000e+00,0.0000000000000000e+00,-1.3832096629483556e-17,-1.3832096629483556e-17
1.8639999999999998e-09,1.8640000000000000e+03,0.0000000000000000e+00,0.0000000000000000e+00,1.5078738971670027e-18,1.5078738971670027e-18
1.8650000000000001e-09,1.8650000000000000e+03,0.0000000000000000e+00,0.0000000000000000e+00,-8.8205441732615961e-18,-8.8205441732615961e-18
1.8660000000000000e-09,1.8660000000000000e+03,0.0000000000000000e+00,0.0000000000000000e+00,-4.1928071939113345e-18,-4.1928071939113345e-18
1.8669999999999999e-09,1.8670000000000000e+03,0.0000000000000000e+00,0.0000000000000000e+00,-1.8977081816178264e-19,-1.8977081816178264e-19
1.8680000000000002e-09,1.8680000000000000e+03,0.0000000000000000e+00,0.0000000000000000e+00,9.6326613726374060e-18,9.6326613726374060e-18
1.8690000000000001e-09,1.8690000000000000e+03,0.0000000000000000e+00,0.0000000000000000e+00,2.0844115021799871e-17,2.0844115021799871e-17
1.8700000000000000e-09,1.8700000000000000e+03,0.0000000000000000e+00,0.0000000000000000e+00,3.0010045501851174e-17,3.0010045501851174e-17
1.8709999999999998e-09,1.8710000000000000e+03,0.0000000000000000e+00,0.0000000000000000e+00,1.4480777450583317e-17,1.4480777450583317e-17
1.8720000000000002e-09,1.8720000000000000e+03,0.0000000000000000e+00,0.0000000000000000e+00,-1.5645389286787999e-17,-1.5645389286787999e-17
1.8730000000000000e-09,1.8730000000000000e+03,0.0000000000000000e+00,0.0000000000000000e+00,-2.3485215845487161e-17,-2.3485215845487161e-17
1.8739999999999999e-09,1.8740000000000000e+03,0.0000000000000000e+00,0.0000000000000000e+00,-2.3133242351831749e-17,-2.3133242351831749e-17
1.8749999999999998e-09,1.8750000000000000e+03,0.0000000000000000e+00,0.0000000000000000e+00,-3.1847802427160778e-17,-3.1847802427160778e-17
1.8760000000000001e-09,1.8760000000000000e+03,0.0000000000000000e+00,0.0000000000000000e+00,-3.5676211353700264e-17,-3.5676211353700264e-17
1.8770000000000000e-09,1.8770000000000000e+03,0.0000000000000000e+00,0.0000000000000000e+00,-5.1364766220596124e-17,-5.1364766220596124e-17
1.8779999999999999e-09,1.8780000000000000e+03,0.0000000000000000e+00,0.0000000000000000e+00,-3.8202771514321827e-17,-3.8202771514321827e-17
1.8789999999999998e-09,1.8790000000000000e+03,0.0000000000000000e+00,0.0000000000000000e+00,-6.7186815315807195e-17,-6.7186815315807195e-17
1.8800000000000001e-09,1.8800000000000000e+03,0.0000000000000000e+00,0.0000000000000000e+00,-2.1391893382110833e-17,-2.1391893382110833e-17
1.8810000000000000e-09,1.8810000000000000e+03,0.0000000000000000e+00,0.0000000000000000e+00,-4.6955424358372206e-17,-4.6955424358372206e-17
1.8819999999999999e-09,1.8820000000000000e+03,0.0000000000000000e+00,0.0000000000000000e+00,-4.2159356026720559e-17,-4.2159356026720559e-17
1.8829999999999998e-09,1.8830000000000000e+03,0.0000000000000000e+00,0.0000000000000000e+00,-4.6164338023403476e-17,-4.6164338023403476e-17
1.8840000000000001e-09,1.8840000000000000e+03,0.0000000000000000e+00,0.0000000000000000e+00,-5.0578011740782794e-17,-5.0578011740782794e-17
1.8850000000000000e-09,1.8850000000000000e+03,0.0000000000000000e+00,0.0000000000000000e+00,-5.4863567952669999e-17,-5.4863567952669999e-17
1.8859999999999999e-09,1.8860000000000000e+03,0.0000000000000000e+00,0.0000000000000000e+00,-5.6692468964570526e-17,-5.6692468964570526e-17
1.8869999999999998e-09,1.8870000000000000e+03,0.0000000000000000e+00,0.0000000000000000e+00,-6.6130192279471189e-17,-6.6130192279471189e-17
1.8880000000000001e-09,1.8880000000000000e+03,0.0000000000000000e+00,0.0000000000000000e+00,-7.9235000448305851e-17,-7.9235000448305851e-17
1.8890000000000000e-09,1.8890000000000000e+03,0.0000000000000000e+00,0.0000000000000000e+00,-9.0129827201449049e-17,-9.0129827201449049e-17
1.8899999999999999e-09,1.8900000000000000e+03,0.0000000000000000e+00,0.0000000000000000e+00,-1.0452926172079774e-16,-1.0452926172079774e-16
1.8909999999999998e-09,1.8910000000000000e+03,0.0000000000000000e+00,0.0000000000000000e+00,-1.1720780538717563e-16,-1.1720780538717563e-16
1.8920000000000001e-09,1.8920000000000000e+03,0.0000000000000000e+00,0.0000000000000000e+00,-8.0700433654425390e-17,-8.0700433654425390e-17
1.8930000000000000e-09,1.8930000000000000e+03,0.0000000000000000e+00,0.0000000000000000e+00,-9.5068042841175049e-17,-9.5068042841175049e-17
1.8939999999999999e-09,1.8940000000000000e+03,0.0000000000000000e+00,0.0000000000000000e+00,-5.8395047457165988e-17,-5.8395047457165988e-17
1.8949999999999998e-09,1.8950000000000000e+03,0.0000000000000000e+00,0.0000000000000000e+00,-7.4548955909862864e-17,-7.4548955909862864e-17
1.8960000000000001e-09,1.8960000000000000e+03,0.0000000000000000e+00,0.0000000000000000e+00,-8.4150930829820168e-17,-8.4150930829820168e-17
1.8970000000000000e-09,1.8970000000000000e+03,0.0000000000000000e+00,0.0000000000000000e+00,-7.4643549828526703e-17,-7.4643549828526703e-17
1.8979999999999999e-09,1.8980000000000000e+03,0.0000000000000000e+00,0.0000000000000000e+00,-7.5575327343607552e-17,-7.5575327343607552e-17
1.8990000000000002e-09,1.8990000000000000e+03,0.0000000000000000e+00,0.0000000000000000e+00,-5.0741171127570468e-17,-5.0741171127570468e-17
1.9000000000000001e-09,1.9000000000000000e+03,0.0000000000000000e+00,0.0000000000000000e+00,-5.6887261382570144e-17,-5.6887261382570144e-17
1.9009999999999999e-09,1.9010000000000000e+03,0.0000000000000000e+00,0.0000000000000000e+00,-3.8635657760914934e-17,-3.8635657760914934e-17
1.9019999999999998e-09,1.9020000000000000e+03,0.0000000000000000e+00,0.0000000000000000e+00,-4.0961537822483575e-17,-4.0961537822483575e-17
1.9030000000000001e-09,1.9030000000000000e+03,0.0000000000000000e+00,0.0000000000000000e+00,-2.2014130644880147e-17,-2.2014130644880147e-17
1.9040000000000000e-09,1.9040000000000000e+03,0.0000000000000000e+00,0.0000000000000000e+00,-8.7038952858662990e-18,-8.7038952858662990e-18
1.9049999999999999e-09,1.9050000000000000e+03,0.0000000000000000e+00,0.0000000000000000e+00,-2.2880449129752439e-18,-2.2880449129752439e-18
1.9059999999999998e-09,1.9060000000000000e+03,0.0000000000000000e+00,0.0000000000000000e+00,1.8069974063787019e-17,1.8069974063787019e-17
1.9070000000000001e-09,1.9070000000000000e+03,0.0000000000000000e+00,0.0000000000000000e+00,1.5883868229719971e-17,1.5883868229719971e-17
1.9080000000000000e-09,1.9080000000000000e+03,0.0000000000000000e+00,0.0000000000000000e+00,3.5226410339361639e-17,3.5226410339361639e-17
1.9089999999999999e-09,1.9090000000000000e+03,0.0000000000000000e+00,0.0000000000000000e+00,2.3760265714495414e-17,2.3760265714495414e-17
1.9099999999999998e-09,1.9100000000000000e+03,0.0000000000000000e+00,0.0000000000000000e+00,5.1813783357656208e-17,5.1813783357656208e-17
1.9110000000000001e-09,1.9110000000000000e+03,0.0000000000000000e+00,0.0000000000000000e+00,5.9200007000945691e-17,5.9200007000945691e-17
1.9120000000000000e-09,1.9120000000000000e+03,0.0000000000000000e+00,0.0000000000000000e+00,6.6390859301851515e-17,6.6390859301851515e-17
1.9129999999999999e-09,1.9130000000000000e+03,0.0000000000000000e+00,0.0000000000000000e+00,7.7385302126255336e-17,7.7385302126255336e-17
1.9139999999999998e-09,1.9140000000000000e+03,0.0000000000000000e+00,0.0000000000000000e+00,7.5318290356682370e-17,7.5318290356682370e-17
1.9150000000000001e-09,1.9150000000000000e+03,0.0000000000000000e+00,0.0000000000000000e+00,8.3414980824266905e-17,8.3414980824266905e-17
1.9160000000000000e-09,1.9160000000000000e+03,0.0000000000000000e+00,0.0000000000000000e+00,1.1424292971850591e-16,1.1424292971850591e-16
1.9169999999999999e-09,1.9170000000000000e+03,0.0000000000000000e+00,0.0000000000000000e+00,1.1565016810432372e-16,1.1565016810432372e-16
1.9179999999999998e-09,1.9180000000000000e+03,0.0000000000000000e+00,0.0000000000000000e+00,1.0587821364729673e-16,1.0587821364729673e-16
1.9190000000000001e-09,1.9190000000000000e+03,0.0000000000000000e+00,0.0000000000000000e+00,9.3193158661568769e-17,9.3193158661568769e-17
1.9200000000000000e-09,1.9200000000000000e+03,0.0000000000000000e+00,0.0000000000000000e+00,1.0233309724169657e-16,1.0233309724169657e-16
1.9209999999999999e-09,1.9210000000000000e+03,0.0000000000000000e+00,0.0000000000000000e+00,1.1123422762313987e-16,1.1123422762313987e-16
1.9219999999999998e-09,1.9220000000000000e+03,0.0000000000000000e+00,0.0000000000000000e+00,1.3016472893542202e-16,1.3016472893542202e-16
1.9230000000000001e-09,1.9230000000000000e+03,0.0000000000000000e+00,0.0000000000000000e+00,1.1949833965435130e-16,1.1949833965435130e-16
1.9240000000000000e-09,1.9240000000000000e+03,0.0000000000000000e+00,0.0000000000000000e+00,1.1749330615131462e-16,1.1749330615131462e-16
1.9249999999999999e-09,1.9250000000000000e+03,0.0000000000000000e+00,0.0000000000000000e+00,1.1302645254405182e-16,1.1302645254405182e-16
1.9259999999999998e-09,1.9260000000000000e+03,0.0000000000000000e+00,0.0000000000000000e+00,1.0869349225594532e-16,1.0869349225594532e-16
1.9270000000000001e-09,1.9270000000000000e+03,0.0000000000000000e+00,0.0000000000000000e+00,9.5879650639532290e-17,9.5879650639532290e-17
1.9280000000000000e-09,1.9280000000000000e+03,0.0000000000000000e+00,0.0000000000000000e+00,9.3570018469866932e-17,9.3570018469866932e-17
1.9289999999999999e-09,1.9290000000000000e+03,0.0000000000000000e+00,0.0000000000000000e+00,1.0582381618453210e-16,1.0582381618453210e-16
1.9300000000000002e-09,1.9300000000000000e+03,0.0000000000000000e+00,0.0000000000000000e+00,9.9255245871041873e-17,9.9255245871041873e-17
1.9310000000000001e-09,1.9310000000000000e+03,0.0000000000000000e+00,0.0000000000000000e+00,1.0912870886585074e-16,1.0912870886585074e-16
1.9319999999999999e-09,1.9320000000000000e+03,0.0000000000000000e+00,0.0000000000000000e+00,9.6327092550057179e-17,9.6327092550057179e-17
1.9329999999999998e-09,1.9330000000000000e+03,0.0000000000000000e+00,0.0000000000000000e+00,1.0014145189967298e-16,1.0014145189967298e-16
1.9340000000000001e-09,1.9340000000000000e+03,0.0000000000000000e+00,0.0000000000000000e+00,7.1848588260382984e-17,7.1848588260382984e-17
1.9350000000000000e-09,1.9350000000000000e+03,0.0000000000000000e+00,0.0000000000000000e+00,6.6862160291299581e-17,6.6862160291299581e-17
1.9359999999999999e-09,1.9360000000000000e+03,0.0000000000000000e+00,0.0000000000000000e+00,4.9664816762252879e-17,4.9664816762252879e-17
1.9369999999999998e-09,1.9370000000000000e+03,0.0000000000000000e+00,0.0000000000000000e+00,6.1920347245789194e-17,6.1920347245789194e-17
1.9380000000000001e-09,1.9380000000000000e+03,0.0000000000000000e+00,0.0000000000000000e+00,7.4936108358715933e-17,7.4936108358715933e-17
1.9390000000000000e-09,1.9390000000000000e+03,0.0000000000000000e+00,0.0000000000000000e+00,5.7748457192584266e-17,5.7748457192584266e-17
1.9399999999999999e-09,1.9400000000000000e+03,0.0000000000000000e+00,0.0000000000000000e+00,4.9334765199929842e-17,4.9334765199929842e-17
1.9409999999999998e-09,1.9410000000000000e+03,0.0000000000000000e+00,0.0000000000000000e+00,4.4239027657468298e-17,4.4239027657468298e-17
1.9420000000000001e-09,1.9420000000000000e+03,0.0000000000000000e+00,0.0000000000000000e+00,3.3898130601526233e-17,3.3898130601526233e-17
1.9430000000000000e-09,1.9430000000000000e+03,0.0000000000000000e+00,0.0000000000000000e+00,2.4321653505488967e-18,2.4321653505488967e-18
1.9439999999999999e-09,1.9440000000000000e+03,0.0000000000000000e+00,0.0000000000000000e+00,3.8588785952524915e-19,3.8588785952524915e-19
1.9449999999999998e-09,1.9450000000000000e+03,0.0000000000000000e+00,0.0000000000000000e+00,-1.0018377567129590e-17,-1.0018377567129590e-17
1.9460000000000001e-09,1.9460000000000000e+03,0.0000000000000000e+00,0.0000000000000000e+00,-4.2671588174580705e-17,-4.2671588174580705e-17
1.9470000000000000e-09,1.9470000000000000e+03,0.0000000000000000e+00,0.0000000000000000e+00,-1.5437122797227892e-17,-1.5437122797227892e-17
1.9479999999999999e-09,1.9480000000000000e+03,0.0000000000000000e+00,0.0000000000000000e+00,-2.4431460311413100e-17,-2.4431460311413100e-17
1.9489999999999998e-09,1.9490000000000000e+03,0.0000000000000000e+00,0.0000000000000000e+00,-1.9114945615558276e-17,-1.9114945615558276e-17
1.9500000000000001e-09,1.9500000000000000e+03,0.0000000000000000e+00,0.0000000000000000e+00,-3.0015268870514953e-17,-3.0015268870514953e-17
1.9510000000000000e-09,1.9510000000000000e+03,0.0000000000000000e+00,0.0000000000000000e+00,-4.1547076924342807e-17,-4.1547076924342807e-17
1.9519999999999999e-09,1.9520000000000000e+03,0.0000000000000000e+00,0.0000000000000000e+00,-3.9815788929313463e-17,-3.9815788929313463e-17
1.9529999999999998e-09,1.9530000000000000e+03,0.0000000000000000e+00,0.0000000000000000e+00,-3.1579089795919684e-17,-3.1579089795919684e-17
1.9540000000000001e-09,1.9540000000000000e+03,0.0000000000000000e+00,0.0000000000000000e+00,-2.1421609866782318e-17,-2.1421609866782318e-17
1.9550000000000000e-09,1.9550000000000000e+03,0.0000000000000000e+00,0.0000000000000000e+00,-3.4095887652783477e-17,-3.4095887652783477e-17
1.9559999999999999e-09,1.9560000000000000e+03,0.0000000000000000e+00,0.0000000000000000e+00,-3.8103913041303969e-17,-3.8103913041303969e-17
1.9569999999999998e-09,1.9570000000000000e+03,0.0000000000000000e+00,0.0000000000000000e+00,-5.2220498553957240e-17,-5.2220498553957240e-17
1.9580000000000001e-09,1.9580000000000000e+03,0.0000000000000000e+00,0.0000000000000000e+00,-5.5177054616728186e-17,-5.5177054616728186e-17
1.9590000000000000e-09,1.9590000000000000e+03,0.0000000000000000e+00,0.0000000000000000e+00,-4.3631442535633838e-17,-4.3631442535633838e-17
1.9599999999999998e-09,1.9600000000000000e+03,0.0000000000000000e+00,0.0000000000000000e+00,-5.8127291374947323e-17,-5.8127291374947323e-17
1.9610000000000002e-09,1.9610000000000000e+03,0.0000000000000000e+00,0.0000000000000000e+00,-4.5893240606791809e-17,-4.5893240606791809e-17
1.9620000000000000e-09,1.9620000000000000e+03,0.0000000000000000e+00,0.0000000000000000e+00,-5.3488551963422633e-17,-5.3488551963422633e-17
1.9629999999999999e-09,1.9630000000000000e+03,0.0000000000000000e+00,0.0000000000000000e+00,-2.5026399259730043e-17,-2.5026399259730043e-17
1.9639999999999998e-09,1.9640000000000000e+03,0.0000000000000000e+00,0.0000000000000000e+00,-4.6396627652717182e-17,-4.6396627652717182e-17
1.9650000000000001e-09,1.9650000000000000e+03,0.0000000000000000e+00,0.0000000000000000e+00,-5.3492304075846034e-17,-5.3492304075846034e-17
1.9660000000000000e-09,1.9660000000000000e+03,0.0000000000000000e+00,0.0000000000000000e+00,-4.5436907080107158e-17,-4.5436907080107158e-17
1.9669999999999999e-09,1.9670000000000000e+03,0.0000000000000000e+00,0.0000000000000000e+00,-6.6474161786347566e-17,-6.6474161786347566e-17
1.9679999999999998e-09,1.9680000000000000e+03,0.0000000000000000e+00,0.0000000000000000e+00,-6.9816186463666208e-17,-6.9816186463666208e-17
1.9690000000000001e-09,1.9690000000000000e+03,0.0000000000000000e+00,0.0000000000000000e+00,-7.0322863087183097e-17,-7.0322863087183097e-17
1.9700000000000000e-09,1.9700000000000000e+03,0.0000000000000000e+00,0.0000000000000000e+00,-8.0533798735993632e-17,-8.0533798735993632e-17
1.9709999999999999e-09,1.9710000000000000e+03,0.0000000000000000e+00,0.0000000000000000e+00,-6.7889524098022349e-17,-6.7889524098022349e-17
1.9719999999999998e-09,1.9720000000000000e+03,0.0000000000000000e+00,0.0000000000000000e+00,-6.4762023939323261e-17,-6.4762023939323261e-17
1.9730000000000001e-09,1.9730000000000000e+03,0.0000000000000000e+00,0.0000000000000000e+00,-5.9648697980313018e-17,-5.9648697980313018e-17
1.9740000000000000e-09,1.9740000000000000e+03,0.0000000000000000e+00,0.0000000000000000e+00,-5.4449032678825625e-17,-5.4449032678825625e-17
1.9749999999999999e-09,1.9750000000000000e+03,0.0000000000000000e+00,0.0000000000000000e+00,-5.5476634388216742e-17,-5.5476634388216742e-17
1.9759999999999998e-09,1.9760000000000000e+03,0.0000000000000000e+00,0.0000000000000000e+00,-6.3292863800431820e-17,-6.3292863800431820e-17
1.9770000000000001e-09,1.9770000000000000e+03,0.0000000000000000e+00,0.0000000000000000e+00,-5.0239259170635113e-17,-5.0239259170635113e-17
1.9780000000000000e-09,1.9780000000000000e+03,0.0000000000000000e+00,0.0000000000000000e+00,-4.3368567858658127e-17,-4.3368567858658127e-17
1.9789999999999999e-09,1.9790000000000000e+03,0.0000000000000000e+00,0.0000000000000000e+00,-3.9053522223023832e-17,-3.9053522223023832e-17
1.9799999999999998e-09,1.9800000000000000e+03,0.0000000000000000e+00,0.0000000000000000e+00,-4.9723942986224128e-17,-4.9723942986224128e-17
1.9810000000000001e-09,1.9810000000000000e+03,0.0000000000000000e+00,0.0000000000000000e+00,-1.5710863998871692e-17,-1.5710863998871692e-17
1.9820000000000000e-09,1.9820000000000000e+03,0.0000000000000000e+00,0.0000000000000000e+00,-2.1711068914864476e-17,-2.1711068914864476e-17
1.9829999999999999e-09,1.9830000000000000e+03,0.0000000000000000e+00,0.0000000000000000e+00,-1.7874830264869725e-17,-1.7874830264869725e-17
1.9839999999999998e-09,1.9840000000000000e+03,0.0000000000000000e+00,0.0000000000000000e+00,2.6184314396734795e-17,2.6184314396734795e-17
1.9850000000000001e-09,1.9850000000000000e+03,0.0000000000000000e+00,0.0000000000000000e+00,3.8440307089594457e-17,3.8440307089594457e-17
1.9860000000000000e-09,1.9860000000000000e+03,0.0000000000000000e+00,0.0000000000000000e+00,4.1568069280295732e-17,4.1568069280295732e-17
1.9869999999999999e-09,1.9870000000000000e+03,0.0000000000000000e+00,0.0000000000000000e+00,5.1890313160714454e-17,5.1890313160714454e-17
1.9880000000000002e-09,1.9880000000000000e+03,0.0000000000000000e+00,0.0000000000000000e+00,6.2031490812832832e-17,6.2031490812832832e-17
1.9890000000000001e-09,1.9890000000000000e+03,0.0000000000000000e+00,0.0000000000000000e+00,7.3759200762067970e-17,7.3759200762067970e-17
1.9900000000000000e-09,1.9900000000000000e+03,0.0000000000000000e+00,0.0000000000000000e+00,9.2982137432643574e-17,9.2982137432643574e-17
1.9909999999999998e-09,1.9910000000000000e+03,0.0000000000000000e+00,0.0000000000000000e+00,8.3563333313237706e-17,8.3563333313237706e-17
1.9920000000000002e-09,1.9920000000000000e+03,0.0000000000000000e+00,0.0000000000000000e+00,9.5260498388381135e-17,9.5260498388381135e-17
1.9930000000000000e-09,1.9930000000000000e+03,0.0000000000000000e+00,0.0000000000000000e+00,9.7431094268539548e-17,9.7431094268539548e-17
1.9939999999999999e-09,1.9940000000000000e+03,0.0000000000000000e+00,0.0000000000000000e+00,8.9798679482438532e-17,8.9798679482438532e-17
1.9949999999999998e-09,1.9950000000000000e+03,0.0000000000000000e+00,0.0000000000000000e+00,1.0734420123722458e-16,1.0734420123722458e-16
1.9960000000000001e-09,1.9960000000000000e+03,0.0000000000000000e+00,0.0000000000000000e+00,1.2815400567095636e-16,1.2815400567095636e-16
1.9970000000000000e-09,1.9970000000000000e+03,0.0000000000000000e+00,0.0000000000000000e+00,1.2498234450043540e-16,1.2498234450043540e-16
1.9979999999999999e-09,1.9980000000000000e+03,0.0000000000000000e+00,0.0000000000000000e+00,1.3049872796541569e-16,1.3049872796541569e-16
1.9989999999999998e-09,1.9990000000000000e+03,0.0000000000000000e+00,0.0000000000000000e+00,1.0720552779906032e-16,1.0720552779906032e-16
2.0000000000000001e-09,2.0000000000000000e+03,0.0000000000000000e+00,0.0000000000000000e+00,1.2122905644024157e-16,1.2122905644024157e-16
2.0010000000000000e-09,2.0010000000000000e+03,0.0000000000000000e+00,0.0000000000000000e+00,8.1403295903519360e-17,8.1403295903519360e-17
2.0019999999999999e-09,2.0020000000000000e+03,0.0000000000000000e+00,0.0000000000000000e+00,1.1949970891899518e-16,1.1949970891899518e-16
2.0029999999999998e-09,2.0030000000000000e+03,0.0000000000000000e+00,0.0000000000000000e+00,9.2646848858758810e-17,9.2646848858758810e-17
2.0040000000000001e-09,2.0040000000000000e+03,0.0000000000000000e+00,0.0000000000000000e+00,7.3538836902897815e-17,7.3538836902897815e-17
2.0050000000000000e-09,2.0050000000000000e+03,0.0000000000000000e+00,0.0000000000000000e+00,8.5409318905574677e-17,8.5409318905574677e-17
2.0059999999999999e-09,2.0060000000000000e+03,0.0000000000000000e+00,0.0000000000000000e+00,8.2014103350944161e-17,8.2014103350944161e-17
2.0069999999999998e-09,2.0070000000000000e+03,0.0000000000000000e+00,0.0000000000000000e+00,6.4051132466479987e-17,6.4051132466479987e-17
2.0080000000000001e-09,2.0080000000000000e+03,0.0000000000000000e+00,0.0000000000000000e+00,5.4129342043007453e-17,5.4129342043007453e-17
2.0090000000000000e-09,2.0090000000000000e+03,0.0000000000000000e+00,0.0000000000000000e+00,3.4334458164595517e-17,3.4334458164595517e-17
2.0099999999999999e-09,2.0100000000000000e+03,0.0000000000000000e+00,0.0000000000000000e+00,1.6775099744823169e-17,1.6775099744823169e-17
2.0109999999999998e-09,2.0110000000000000e+03,0.0000000000000000e+00,0.0000000000000000e+00,1.0300561522120219e-17,1.0300561522120219e-17
2.0120000000000001e-09,2.0120000000000000e+03,0.0000000000000000e+00,0.0000000000000000e+00,-5.7688857810062154e-18,-5.7688857810062154e-18
2.0130000000000000e-09,2.0130000000000000e+03,0.0000000000000000e+00,0.0000000000000000e+00,-7.8698736040309840e-18,-7.8698736040309840e-18
2.0139999999999999e-09,2.0140000000000000e+03,0.0000000000000000e+00,0.0000000000000000e+00,-8.3796454062531658e-18,-8.3796454062531658e-18
2.0149999999999998e-09,2.0150000000000000e+03,0.0000000000000000e+00,0.0000000000000000e+00,3.2882353217807742e-18,3.2882353217807742e-18
2.0160000000000001e-09,2.0160000000000000e+03,0.0000000000000000e+00,0.0000000000000000e+00,-3.0665782375171669e-17,-3.0665782375171669e-17
2.0170000000000000e-09,2.0170000000000000e+03,0.0000000000000000e+00,0.0000000000000000e+00,-8.4628729379812509e-18,-8.4628729379812509e-18
2.0179999999999999e-09,2.0180000000000000e+03,0.0000000000000000e+00,0.0000000000000000e+00,2.9313566070599120e-18,2.9313566070599120e-18
2.0190000000000002e-09,2.0190000000000000e+03,0.0000000000000000e+00,0.0000000000000000e+00,-1.7808286624854035e-17,-1.7808286624854035e-17
2.0200000000000001e-09,2.0200000000000000e+03,0.0000000000000000e+00,0.0000000000000000e+00,2.2397684577027502e-17,2.2397684577027502e-17
2.0209999999999999e-09,2.0210000000000000e+03,0.0000000000000000e+00,0.0000000000000000e+00,-2.7098106434134157e-17,-2.7098106434134157e-17
2.0219999999999998e-09,2.0220000000000000e+03,0.0000000000000000e+00,0.0000000000000000e+00,-3.4104967555741671e-17,-3.4104967555741671e-17
2.0230000000000001e-09,2.0230000000000000e+03,0.0000000000000000e+00,0.0000000000000000e+00,-2.8056082761300385e-17,-2.8056082761300385e-17
2.0240000000000000e-09,2.0240000000000000e+03,0.0000000000000000e+00,0.0000000000000000e+00,-3.0266309711940786e-17,-3.0266309711940786e-17
2.0249999999999999e-09,2.0250000000000000e+03,0.0000000000000000e+00,0.0000000000000000e+00,-4.2055001656081299e-17,-4.2055001656081299e-17
2.0259999999999998e-09,2.0260000000000000e+03,0.0000000000000000e+00,0.0000000000000000e+00,-3.5708102025741028e-17,-3.5708102025741028e-17
2.0270000000000001e-09,2.0270000000000000e+03,0.0000000000000000e+00,0.0000000000000000e+00,-2.9809892078713263e-17,-2.9809892078713263e-17
2.0280000000000000e-09,2.0280000000000000e+03,0.0000000000000000e+00,0.0000000000000000e+00,-1.4665744063257499e-17,-1.4665744063257499e-17
2.0289999999999999e-09,2.0290000000000000e+03,0.0000000000000000e+00,0.0000000000000000e+00,5.2588195511925382e-18,5.2588195511925382e-18
2.0299999999999998e-09,2.0300000000000000e+03,0.0000000000000000e+00,0.0000000000000000e+00,2.0557979699446704e-18,2.0557979699446704e-18
2.0310000000000001e-09,2.0310000000000000e+03,0.0000000000000000e+00,0.0000000000000000e+00,-1.1576867573874108e-17,-1.1576867573874108e-17
2.0320000000000000e-09,2.0320000000000000e+03,0.0000000000000000e+00,0.0000000000000000e+00,7.2104598759224654e-19,7.2104598759224654e-19
2.0329999999999999e-09,2.0330000000000000e+03,0.0000000000000000e+00,0.0000000000000000e+00,-1.7816127645632709e-17,-1.7816127645632709e-17
2.0339999999999998e-09,2.0340000000000000e+03,0.0000000000000000e+00,0.0000000000000000e+00,-1.1979206704871053e-17,-1.1979206704871053e-17
2.0350000000000001e-09,2.0350000000000000e+03,0.0000000000000000e+00,0.0000000000000000e+00,-2.3128343911069510e-17,-2.3128343911069510e-17
2.0360000000000000e-09,2.0360000000000000e+03,0.0000000000000000e+00,0.0000000000000000e+00,4.3847972087928162e-18,4.3847972087928162e-18
2.0369999999999999e-09,2.0370000000000000e+03,0.0000000000000000e+00,0.0000000000000000e+00,-3.2441516409629555e-17,-3.2441516409629555e-17
2.0379999999999998e-09,2.0380000000000000e+03,0.0000000000000000e+00,0.0000000000000000e+00,-3.4520086801989174e-17,-3.4520086801989174e-17
2.0390000000000001e-09,2.0390000000000000e+03,0.0000000000000000e+00,0.0000000000000000e+00,-1.8777907946456521e-17,-1.8777907946456521e-17
2.0400000000000000e-09,2.0400000000000000e+03,0.0000000000000000e+00,0.0000000000000000e+00,-4.8608432057501394e-17,-4.8608432057501394e-17
2.0409999999999999e-09,2.0410000000000000e+03,0.0000000000000000e+00,0.0000000000000000e+00,5.5979963789908186e-18,5.5979963789908186e-18
2.0419999999999998e-09,2.0420000000000000e+03,0.0000000000000000e+00,0.0000000000000000e+00,-8.7161908245733874e-18,-8.7161908245733874e-18
2.0430000000000001e-09,2.0430000000000000e+03,0.0000000000000000e+00,0.0000000000000000e+00,-7.9987278624014104e-18,-7.9987278624014104e-18
2.0440000000000000e-09,2.0440000000000000e+03,0.0000000000000000e+00,0.0000000000000000e+00,1.4977012470231576e-17,1.4977012470231576e-17
2.0449999999999999e-09,2.0450000000000000e+03,0.0000000000000000e+00,0.0000000000000000e+00,-5.1834257339045719e-18,-5.1834257339045719e-18
2.0459999999999998e-09,2.0460000000000000e+03,0.0000000000000000e+00,0.0000000000000000e+00,1.5705198144326022e-17,1.5705198144326022e-17
2.0470000000000001e-09,2.0470000000000000e+03,0.0000000000000000e+00,0.0000000000000000e+00,1.0022653164743671e-17,1.0022653164743671e-17
2.0480000000000000e-09,2.0480000000000000e+03,0.0000000000000000e+00,0.0000000000000000e+00,1.8214596497756474e-17,1.8214596497756474e-17
2.0489999999999999e-09,2.0490000000000000e+03,0.0000000000000000e+00,0.0000000000000000e+00,-1.7238814542519521e-17,-1.7238814542519521e-17
2.0500000000000002e-09,2.0500000000000000e+03,0.0000000000000000e+00,0.0000000000000000e+00,7.5894152073985310e-18,7.5894152073985310e-18
2.0510000000000001e-09,2.0510000000000000e+03,0.0000000000000000e+00,0.0000000000000000e+00,2.4936649967166602e-18,2.4936649967166602e-18
2.0519999999999999e-09,2.0520000000000000e+03,0.0000000000000000e+00,0.0000000000000000e+00,2.0816681711721685e-17,2.0816681711721685e-17
2.0529999999999998e-09,2.0530000000000000e+03,0.0000000000000000e+00,0.0000000000000000e+00,2.1900883884207190e-17,2.1900883884207190e-17
2.0540000000000001e-09,2.0540000000000000e+03,0.0000000000000000e+00,0.0000000000000000e+00,1.0191500421363742e-17,1.0191500421363742e-17
2.0550000000000000e-09,2.0550000000000000e+03,0.0000000000000000e+00,0.0000000000000000e+00,6.2883726004159257e-18,6.2883726004159257e-18
2.0559999999999999e-09,2.0560000000000000e+03,0.0000000000000000e+00,0.0000000000000000e+00,-2.9273458657108620e-18,-2.9273458657108620e-18
2.0569999999999998e-09,2.0570000000000000e+03,0.0000000000000000e+00,0.0000000000000000e+00,-2.4936649967166602e-17,-2.4936649967166602e-17
2.0580000000000001e-09,2.0580000000000000e+03,0.0000000000000000e+00,0.0000000000000000e+00,-1.3335686721571705e-17,-1.3335686721571705e-17
2.0590000000000000e-09,2.0590000000000000e+03,0.0000000000000000e+00,0.0000000000000000e+00,-3.9139698426726710e-17,-3.9139698426726710e-17
2.0599999999999999e-09,2.0600000000000000e+03,0.0000000000000000e+00,0.0000000000000000e+00,-1.0842021724855044e-17,-1.0842021724855044e-17
2.0609999999999998e-09,2.0610000000000000e+03,0.0000000000000000e+00,0.0000000000000000e+00,-3.0032400177848473e-17,-3.0032400177848473e-17
2.0620000000000001e-09,2.0620000000000000e+03,0.0000000000000000e+00,0.0000000000000000e+00,-2.4936649967166602e-17,-2.4936649967166602e-17
2.0630000000000000e-09,2.0630000000000000e+03,0.0000000000000000e+00,0.0000000000000000e+00,-4.8030156241107846e-17,-4.8030156241107846e-17
2.0639999999999999e-09,2.0640000000000000e+03,0.0000000000000000e+00,0.0000000000000000e+00,-2.6562953225894859e-17,-2.6562953225894859e-17
2.0649999999999998e-09,2.0650000000000000e+03,0.0000000000000000e+00,0.0000000000000000e+00,-2.6020852139652106e-17,-2.6020852139652106e-17
2.0660000000000001e-09,2.0660000000000000e+03,0.0000000000000000e+00,0.0000000000000000e+00,-4.2500725161431774e-17,-4.2500725161431774e-17
2.0670000000000000e-09,2.0670000000000000e+03,0.0000000000000000e+00,0.0000000000000000e+00,-5.3776427755281020e-17,-5.3776427755281020e-17
2.0679999999999999e-09,2.0680000000000000e+03,0.0000000000000000e+00,0.0000000000000000e+00,-4.1850203857940471e-17,-4.1850203857940471e-17
2.0689999999999998e-09,2.0690000000000000e+03,0.0000000000000000e+00,0.0000000000000000e+00,-7.0039460342563586e-17,-7.0039460342563586e-17
2.0700000000000001e-09,2.0700000000000000e+03,0.0000000000000000e+00,0.0000000000000000e+00,-5.1608023410310011e-17,-5.1608023410310011e-17
2.0710000000000000e-09,2.0710000000000000e+03,0.0000000000000000e+00,0.0000000000000000e+00,-5.2909066017292616e-17,-5.2909066017292616e-17
2.0719999999999999e-09,2.0720000000000000e+03,0.0000000000000000e+00,0.0000000000000000e+00,-4.6620693416876691e-17,-4.6620693416876691e-17
2.0729999999999998e-09,2.0730000000000000e+03,0.0000000000000000e+00,0.0000000000000000e+00,-3.4694469519536142e-17,-3.4694469519536142e-17
2.0740000000000001e-09,2.0740000000000000e+03,0.0000000000000000e+00,0.0000000000000000e+00,-3.9356538861223811e-17,-3.9356538861223811e-17
2.0750000000000000e-09,2.0750000000000000e+03,0.0000000000000000e+00,0.0000000000000000e+00,-2.2442984970449942e-17,-2.2442984970449942e-17
2.0759999999999999e-09,2.0760000000000000e+03,0.0000000000000000e+00,0.0000000000000000e+00,9.7578195523695399e-19,9.7578195523695399e-19
2.0769999999999998e-09,2.0770000000000000e+03,0.0000000000000000e+00,0.0000000000000000e+00,1.0408340855860843e-17,1.0408340855860843e-17
2.0780000000000001e-09,2.0780000000000000e+03,0.0000000000000000e+00,0.0000000000000000e+00,3.3718687564299188e-17,3.3718687564299188e-17
2.0790000000000000e-09,2.0790000000000000e+03,0.0000000000000000e+00,0.0000000000000000e+00,4.2500725161431774e-17,4.2500725161431774e-17
2.0799999999999998e-09,2.0800000000000000e+03,0.0000000000000000e+00,0.0000000000000000e+00,4.8030156241107846e-17,4.8030156241107846e-17
2.0810000000000002e-09,2.0810000000000000e+03,0.0000000000000000e+00,0.0000000000000000e+00,4.5644911461639737e-17,4.5644911461639737e-17
2.0820000000000000e-09,2.0820000000000000e+03,0.0000000000000000e+00,0.0000000000000000e+00,5.9305858834957093e-17,5.9305858834957093e-17
2.0829999999999999e-09,2.0830000000000000e+03,0.0000000000000000e+00,0.0000000000000000e+00,8.3158306629638190e-17,8.3158306629638190e-17
2.0839999999999998e-09,2.0840000000000000e+03,0.0000000000000000e+00,0.0000000000000000e+00,7.4159428598008503e-17,7.4159428598008503e-17
2.0850000000000001e-09,2.0850000000000000e+03,0.0000000000000000e+00,0.0000000000000000e+00,7.3183646642771549e-17,7.3183646642771549e-17
2.0860000000000000e-09,2.0860000000000000e+03,0.0000000000000000e+00,0.0000000000000000e+00,9.1615083575025125e-17,9.1615083575025125e-17
2.0869999999999999e-09,2.0870000000000000e+03,0.0000000000000000e+00,0.0000000000000000e+00,8.8579317492065712e-17,8.8579317492065712e-17
2.0879999999999998e-09,2.0880000000000000e+03,0.0000000000000000e+00,0.0000000000000000e+00,1.0050554138940626e-16,1.0050554138940626e-16
2.0890000000000001e-09,2.0890000000000000e+03,0.0000000000000000e+00,0.0000000000000000e+00,1.1015494072452725e-16,1.1015494072452725e-16
2.0900000000000000e-09,2.0900000000000000e+03,0.0000000000000000e+00,0.0000000000000000e+00,7.8713077722447622e-17,7.8713077722447622e-17
2.0909999999999999e-09,2.0910000000000000e+03,0.0000000000000000e+00,0.0000000000000000e+00,8.8145636623071510e-17,8.8145636623071510e-17
2.0919999999999998e-09,2.0920000000000000e+03,0.0000000000000000e+00,0.0000000000000000e+00,7.2316284904783146e-17,7.2316284904783146e-17
2.0930000000000001e-09,2.0930000000000000e+03,0.0000000000000000e+00,0.0000000000000000e+00,4.2934406030425976e-17,4.2934406030425976e-17
2.0940000000000000e-09,2.0940000000000000e+03,0.0000000000000000e+00,0.0000000000000000e+00,5.5077470362263625e-17,5.5077470362263625e-17
2.0949999999999999e-09,2.0950000000000000e+03,0.0000000000000000e+00,0.0000000000000000e+00,2.7538735181131813e-17,2.7538735181131813e-17
2.0959999999999998e-09,2.0960000000000000e+03,0.0000000000000000e+00,0.0000000000000000e+00,5.9631119486702744e-18,5.9631119486702744e-18
2.0970000000000001e-09,2.0970000000000000e+03,0.0000000000000000e+00,0.0000000000000000e+00,-2.2226144535952841e-17,-2.2226144535952841e-17
2.0980000000000000e-09,2.0980000000000000e+03,0.0000000000000000e+00,0.0000000000000000e+00,-2.8948198005362968e-17,-2.8948198005362968e-17
2.0989999999999999e-09,2.0990000000000000e+03,0.0000000000000000e+00,0.0000000000000000e+00,-2.2226144535952841e-17,-2.2226144535952841e-17
2.0999999999999998e-09,2.1000000000000000e+03,0.0000000000000000e+00,0.0000000000000000e+00,-4.2934406030425976e-17,-4.2934406030425976e-17
2.1010000000000001e-09,2.1010000000000000e+03,0.0000000000000000e+00,0.0000000000000000e+00,-5.9631119486702744e-17,-5.9631119486702744e-17
2.1020000000000000e-09,2.1020000000000000e+03,0.0000000000000000e+00,0.0000000000000000e+00,-9.2699285747510629e-17,-9.2699285747510629e-17
2.1029999999999999e-09,2.1030000000000000e+03,0.0000000000000000e+00,0.0000000000000000e+00,-8.6519333364343254e-17,-8.6519333364343254e-17
2.1039999999999998e-09,2.1040000000000000e+03,0.0000000000000000e+00,0.0000000000000000e+00,-9.2807705964759180e-17,-9.2807705964759180e-17
2.1050000000000001e-09,2.1050000000000000e+03,0.0000000000000000e+00,0.0000000000000000e+00,-1.1037178115902435e-16,-1.1037178115902435e-16
2.1060000000000000e-09,2.1060000000000000e+03,0.0000000000000000e+00,0.0000000000000000e+00,-1.2880321809127793e-16,-1.2880321809127793e-16
2.1069999999999999e-09,2.1070000000000000e+03,0.0000000000000000e+00,0.0000000000000000e+00,-1.1199808441775261e-16,-1.1199808441775261e-16
2.1079999999999998e-09,2.1080000000000000e+03,0.0000000000000000e+00,0.0000000000000000e+00,-1.1633489310769463e-16,-1.1633489310769463e-16
2.1090000000000001e-09,2.1090000000000000e+03,0.0000000000000000e+00,0.0000000000000000e+00,-1.0310762660337147e-16,-1.0310762660337147e-16
2.1100000000000000e-09,2.1100000000000000e+03,0.0000000000000000e+00,0.0000000000000000e+00,-8.9663519664551217e-17,-8.9663519664551217e-17
2.1109999999999998e-09,2.1110000000000000e+03,0.0000000000000000e+00,0.0000000000000000e+00,-9.0856142054285272e-17,-9.0856142054285272e-17
2.1120000000000002e-09,2.1120000000000000e+03,0.0000000000000000e+00,0.0000000000000000e+00,-1.0083080204115191e-16,-1.0083080204115191e-16
2.1130000000000000e-09,2.1130000000000000e+03,0.0000000000000000e+00,0.0000000000000000e+00,-8.9121418578308464e-17,-8.9121418578308464e-17
2.1139999999999999e-09,2.1140000000000000e+03,0.0000000000000000e+00,0.0000000000000000e+00,-1.0993810029003015e-16,-1.0993810029003015e-16
2.1149999999999998e-09,2.1150000000000000e+03,0.0000000000000000e+00,0.0000000000000000e+00,-8.8037216405822960e-17,-8.8037216405822960e-17
2.1160000000000001e-09,2.1160000000000000e+03,0.0000000000000000e+00,0.0000000000000000e+00,-8.9988780316296868e-17,-8.9988780316296868e-17
2.1170000000000000e-09,2.1170000000000000e+03,0.0000000000000000e+00,0.0000000000000000e+00,-9.9746599868666408e-17,-9.9746599868666408e-17
2.1179999999999999e-09,2.1180000000000000e+03,0.0000000000000000e+00,0.0000000000000000e+00,-9.6277152916712794e-17,-9.6277152916712794e-17
2.1189999999999998e-09,2.1190000000000000e+03,0.0000000000000000e+00,0.0000000000000000e+00,-6.4618449480136064e-17,-6.4618449480136064e-17
2.1200000000000001e-09,2.1200000000000000e+03,0.0000000000000000e+00,0.0000000000000000e+00,-8.9988780316296868e-17,-8.9988780316296868e-17
2.1210000000000000e-09,2.1210000000000000e+03,0.0000000000000000e+00,0.0000000000000000e+00,-4.3151246464923076e-17,-4.3151246464923076e-17
2.1219999999999999e-09,2.1220000000000000e+03,0.0000000000000000e+00,0.0000000000000000e+00,-4.9873299934333204e-17,-4.9873299934333204e-17
2.1229999999999998e-09,2.1230000000000000e+03,0.0000000000000000e+00,0.0000000000000000e+00,-5.2258544713801314e-17,-5.2258544713801314e-17
2.1240000000000001e-09,2.1240000000000000e+03,0.0000000000000000e+00,0.0000000000000000e+00,-3.5995512126518747e-17,-3.5995512126518747e-17
2.1250000000000000e-09,2.1250000000000000e+03,0.0000000000000000e+00,0.0000000000000000e+00,-4.4235448637408581e-17,-4.4235448637408581e-17
2.1259999999999999e-09,2.1260000000000000e+03,0.0000000000000000e+00,0.0000000000000000e+00,-3.7513395167998453e-17,-3.7513395167998453e-17
2.1269999999999998e-09,2.1270000000000000e+03,0.0000000000000000e+00,0.0000000000000000e+00,-1.7780915628762273e-17,-1.7780915628762273e-17
2.1280000000000001e-09,2.1280000000000000e+03,0.0000000000000000e+00,0.0000000000000000e+00,-2.3418766925686896e-17,-2.3418766925686896e-17
2.1290000000000000e-09,2.1290000000000000e+03,0.0000000000000000e+00,0.0000000000000000e+00,-3.1441863002079629e-17,-3.1441863002079629e-17
2.1299999999999999e-09,2.1300000000000000e+03,0.0000000000000000e+00,0.0000000000000000e+00,-1.4311468676808659e-17,-1.4311468676808659e-17
2.1309999999999998e-09,2.1310000000000000e+03,0.0000000000000000e+00,0.0000000000000000e+00,1.9515639104739080e-18,1.9515639104739080e-18
2.1320000000000001e-09,2.1320000000000000e+03,0.0000000000000000e+00,0.0000000000000000e+00,1.2359904766334751e-17,1.2359904766334751e-17
2.1330000000000000e-09,2.1330000000000000e+03,0.0000000000000000e+00,0.0000000000000000e+00,3.2309224740068032e-17,3.2309224740068032e-17
2.1339999999999999e-09,2.1340000000000000e+03,0.0000000000000000e+00,0.0000000000000000e+00,2.1033522146218786e-17,2.1033522146218786e-17
2.1349999999999998e-09,2.1350000000000000e+03,0.0000000000000000e+00,0.0000000000000000e+00,3.4477629085039041e-17,3.4477629085039041e-17
2.1360000000000001e-09,2.1360000000000000e+03,0.0000000000000000e+00,0.0000000000000000e+00,1.3660947373317356e-17,1.3660947373317356e-17
2.1370000000000000e-09,2.1370000000000000e+03,0.0000000000000000e+00,0.0000000000000000e+00,5.8763757748714340e-17,5.8763757748714340e-17
2.1379999999999999e-09,2.1380000000000000e+03,0.0000000000000000e+00,0.0000000000000000e+00,1.8431436932253575e-17,1.8431436932253575e-17
2.1390000000000002e-09,2.1390000000000000e+03,0.0000000000000000e+00,0.0000000000000000e+00,2.7105054312137611e-17,2.7105054312137611e-17
2.1400000000000001e-09,2.1400000000000000e+03,0.0000000000000000e+00,0.0000000000000000e+00,5.2041704279304213e-17,5.2041704279304213e-17
2.1409999999999999e-09,2.1410000000000000e+03,0.0000000000000000e+00,0.0000000000000000e+00,-1.1275702593849246e-17,-1.1275702593849246e-17
2.1419999999999998e-09,2.1420000000000000e+03,0.0000000000000000e+00,0.0000000000000000e+00,1.2143064331837650e-17,1.2143064331837650e-17
2.1430000000000001e-09,2.1430000000000000e+03,0.0000000000000000e+00,0.0000000000000000e+00,2.4069288229178198e-17,2.4069288229178198e-17
2.1440000000000000e-09,2.1440000000000000e+03,0.0000000000000000e+00,0.0000000000000000e+00,-2.4394548880923850e-18,-2.4394548880923850e-18
2.1449999999999999e-09,2.1450000000000000e+03,0.0000000000000000e+00,0.0000000000000000e+00,1.1275702593849246e-17,1.1275702593849246e-17
2.1459999999999998e-09,2.1460000000000000e+03,0.0000000000000000e+00,0.0000000000000000e+00,-2.8514517136368767e-17,-2.8514517136368767e-17
2.1470000000000001e-09,2.1470000000000000e+03,0.0000000000000000e+00,0.0000000000000000e+00,-3.7730235602495554e-17,-3.7730235602495554e-17
2.1480000000000000e-09,2.1480000000000000e+03,0.0000000000000000e+00,0.0000000000000000e+00,-4.4398078963281407e-17,-4.4398078963281407e-17
2.1489999999999999e-09,2.1490000000000000e+03,0.0000000000000000e+00,0.0000000000000000e+00,-4.5536491244391186e-17,-4.5536491244391186e-17
2.1499999999999998e-09,2.1500000000000000e+03,0.0000000000000000e+00,0.0000000000000000e+00,-6.2395835026540780e-17,-6.2395835026540780e-17
2.1510000000000001e-09,2.1510000000000000e+03,0.0000000000000000e+00,0.0000000000000000e+00,-6.1718208668737340e-17,-6.1718208668737340e-17
2.1520000000000000e-09,2.1520000000000000e+03,0.0000000000000000e+00,0.0000000000000000e+00,-7.0391826048621375e-17,-7.0391826048621375e-17
2.1529999999999999e-09,2.1530000000000000e+03,0.0000000000000000e+00,0.0000000000000000e+00,-7.0649324064586683e-17,-7.0649324064586683e-17
2.1539999999999998e-09,2.1540000000000000e+03,0.0000000000000000e+00,0.0000000000000000e+00,-5.1404735502968979e-17,-5.1404735502968979e-17
2.1550000000000001e-09,2.1550000000000000e+03,0.0000000000000000e+00,0.0000000000000000e+00,-4.7088255603761064e-17,-4.7088255603761064e-17
2.1560000000000000e-09,2.1560000000000000e+03,0.0000000000000000e+00,0.0000000000000000e+00,-4.7331678439356778e-17,-4.7331678439356778e-17
2.1569999999999999e-09,2.1570000000000000e+03,0.0000000000000000e+00,0.0000000000000000e+00,-3.9599400460354944e-17,-3.9599400460354944e-17
2.1579999999999998e-09,2.1580000000000000e+03,0.0000000000000000e+00,0.0000000000000000e+00,-1.5056984099132838e-17,-1.5056984099132838e-17
2.1590000000000001e-09,2.1590000000000000e+03,0.0000000000000000e+00,0.0000000000000000e+00,-2.1671140622623286e-17,-2.1671140622623286e-17
2.1600000000000000e-09,2.1600000000000000e+03,0.0000000000000000e+00,0.0000000000000000e+00,-4.0285956273077557e-17,-4.0285956273077557e-17
2.1609999999999999e-09,2.1610000000000000e+03,0.0000000000000000e+00,0.0000000000000000e+00,-9.3349629290442214e-18,-9.3349629290442214e-18
2.1619999999999998e-09,2.1620000000000000e+03,0.0000000000000000e+00,0.0000000000000000e+00,-2.3919833323309261e-17,-2.3919833323309261e-17
2.1630000000000001e-09,2.1630000000000000e+03,0.0000000000000000e+00,0.0000000000000000e+00,-6.7146333634772799e-18,-6.7146333634772799e-18
2.1640000000000000e-09,2.1640000000000000e+03,0.0000000000000000e+00,0.0000000000000000e+00,-7.9782980004637728e-18,-7.9782980004637728e-18
2.1649999999999999e-09,2.1650000000000000e+03,0.0000000000000000e+00,0.0000000000000000e+00,1.3288252876525464e-17,1.3288252876525464e-17
2.1659999999999998e-09,2.1660000000000000e+03,0.0000000000000000e+00,0.0000000000000000e+00,1.3823577699190182e-17,1.3823577699190182e-17
2.1670000000000001e-09,2.1670000000000000e+03,0.0000000000000000e+00,0.0000000000000000e+00,3.5209465551466756e-17,3.5209465551466756e-17
2.1680000000000000e-09,2.1680000000000000e+03,0.0000000000000000e+00,0.0000000000000000e+00,2.9788454689039234e-17,2.9788454689039234e-17
2.1689999999999999e-09,2.1690000000000000e+03,0.0000000000000000e+00,0.0000000000000000e+00,3.6158142452391573e-17,3.6158142452391573e-17
2.1700000000000002e-09,2.1700000000000000e+03,0.0000000000000000e+00,0.0000000000000000e+00,3.4911309954033243e-17,3.4911309954033243e-17
2.1710000000000001e-09,2.1710000000000000e+03,0.0000000000000000e+00,0.0000000000000000e+00,2.5641381379282180e-17,2.5641381379282180e-17
2.1719999999999999e-09,2.1720000000000000e+03,0.0000000000000000e+00,0.0000000000000000e+00,3.4477629085039041e-17,3.4477629085039041e-17
2.1729999999999998e-09,2.1730000000000000e+03,0.0000000000000000e+00,0.0000000000000000e+00,6.0715321659188248e-18,6.0715321659188248e-18
2.1740000000000001e-09,2.1740000000000000e+03,0.0000000000000000e+00,0.0000000000000000e+00,1.6425662913155392e-17,1.6425662913155392e-17
2.1750000000000000e-09,2.1750000000000000e+03,0.0000000000000000e+00,0.0000000000000000e+00,1.1926223897340549e-17,1.1926223897340549e-17
2.1759999999999999e-09,2.1760000000000000e+03,0.0000000000000000e+00,0.0000000000000000e+00,3.3564585070706913e-17,3.3564585070706913e-17
2.1769999999999998e-09,2.1770000000000000e+03,0.0000000000000000e+00,0.0000000000000000e+00,2.9356242952564315e-17,2.9356242952564315e-17
2.1780000000000001e-09,2.1780000000000000e+03,0.0000000000000000e+00,0.0000000000000000e+00,2.0763711779295991e-17,2.0763711779295991e-17
2.1790000000000000e-09,2.1790000000000000e+03,0.0000000000000000e+00,0.0000000000000000e+00,-2.2552642911998875e-17,-2.2552642911998875e-17
2.1799999999999999e-09,2.1800000000000000e+03,0.0000000000000000e+00,0.0000000000000000e+00,1.9112431445045277e-17,1.9112431445045277e-17
2.1809999999999998e-09,2.1810000000000000e+03,0.0000000000000000e+00,0.0000000000000000e+00,1.7534253921771833e-17,1.7534253921771833e-17
2.1820000000000001e-09,2.1820000000000000e+03,0.0000000000000000e+00,0.0000000000000000e+00,3.6984720716410392e-18,3.6984720716410392e-18
2.1830000000000000e-09,2.1830000000000000e+03,0.0000000000000000e+00,0.0000000000000000e+00,-8.1139194464026375e-17,-8.1139194464026375e-17
2.1839999999999999e-09,2.1840000000000000e+03,0.0000000000000000e+00,0.0000000000000000e+00,-7.7248246026183477e-17,-7.7248246026183477e-17
2.1849999999999998e-09,2.1850000000000000e+03,0.0000000000000000e+00,0.0000000000000000e+00,-5.8625881715731219e-17,-5.8625881715731219e-17
2.1860000000000001e-09,2.1860000000000000e+03,0.0000000000000000e+00,0.0000000000000000e+00,-8.2006675117578653e-17,-8.2006675117578653e-17
2.1870000000000000e-09,2.1870000000000000e+03,0.0000000000000000e+00,0.0000000000000000e+00,-1.0154857586745046e-16,-1.0154857586745046e-16
2.1879999999999999e-09,2.1880000000000000e+03,0.0000000000000000e+00,0.0000000000000000e+00,-1.1623303306758307e-16,-1.1623303306758307e-16
2.1889999999999998e-09,2.1890000000000000e+03,0.0000000000000000e+00,0.0000000000000000e+00,-1.3376392343991891e-16,-1.3376392343991891e-16
2.1900000000000001e-09,2.1900000000000000e+03,0.0000000000000000e+00,0.0000000000000000e+00,-1.2158975023813148e-16,-1.2158975023813148e-16
2.1910000000000000e-09,2.1910000000000000e+03,0.0000000000000000e+00,0.0000000000000000e+00,-1.1969462103138538e-16,-1.1969462103138538e-16
2.1919999999999999e-09,2.1920000000000000e+03,0.0000000000000000e+00,0.0000000000000000e+00,-1.3508131116395414e-16,-1.3508131116395414e-16
2.1929999999999998e-09,2.1930000000000000e+03,0.0000000000000000e+00,0.0000000000000000e+00,-1.1264984571998669e-16,-1.1264984571998669e-16
2.1940000000000001e-09,2.1940000000000000e+03,0.0000000000000000e+00,0.0000000000000000e+00,-1.2893628477718366e-16,-1.2893628477718366e-16
2.1950000000000000e-09,2.1950000000000000e+03,0.0000000000000000e+00,0.0000000000000000e+00,-1.3770776502723592e-16,-1.3770776502723592e-16
2.1959999999999999e-09,2.1960000000000000e+03,0.0000000000000000e+00,0.0000000000000000e+00,-1.4773616179110579e-16,-1.4773616179110579e-16
2.1969999999999998e-09,2.1970000000000000e+03,0.0000000000000000e+00,0.0000000000000000e+00,-1.2789181339729027e-16,-1.2789181339729027e-16
2.1980000000000001e-09,2.1980000000000000e+03,0.0000000000000000e+00,0.0000000000000000e+00,-1.2807693664464784e-16,-1.2807693664464784e-16
2.1990000000000000e-09,2.1990000000000000e+03,0.0000000000000000e+00,0.0000000000000000e+00,-8.6256725546824346e-17,-8.6256725546824346e-17
2.1999999999999998e-09,2.2000000000000000e+03,0.0000000000000000e+00,0.0000000000000000e+00,-1.2236451189567876e-16,-1.2236451189567876e-16
2.2010000000000002e-09,2.2010000000000000e+03,0.0000000000000000e+00,0.0000000000000000e+00,-1.0848931993950613e-16,-1.0848931993950613e-16
2.2020000000000000e-09,2.2020000000000000e+03,0.0000000000000000e+00,0.0000000000000000e+00,-7.9418048115142700e-17,-7.9418048115142700e-17
2.2029999999999999e-09,2.2030000000000000e+03,0.0000000000000000e+00,0.0000000000000000e+00,-3.3550958237808562e-17,-3.3550958237808562e-17
2.2039999999999998e-09,2.2040000000000000e+03,0.0000000000000000e+00,0.0000000000000000e+00,-3.1560755150825442e-17,-3.1560755150825442e-17
2.2050000000000001e-09,2.2050000000000000e+03,0.0000000000000000e+00,0.0000000000000000e+00,-5.3651733714837236e-17,-5.3651733714837236e-17
2.2060000000000000e-09,2.2060000000000000e+03,0.0000000000000000e+00,0.0000000000000000e+00,-2.2491192097406677e-17,-2.2491192097406677e-17
2.2069999999999999e-09,2.2070000000000000e+03,0.0000000000000000e+00,0.0000000000000000e+00,-9.7567581353550060e-18,-9.7567581353550060e-18
2.2079999999999998e-09,2.2080000000000000e+03,0.0000000000000000e+00,0.0000000000000000e+00,-7.6832278279714518e-18,-7.6832278279714518e-18
2.2090000000000001e-09,2.2090000000000000e+03,0.0000000000000000e+00,0.0000000000000000e+00,-1.3588841508141445e-17,-1.3588841508141445e-17
2.2100000000000000e-09,2.2100000000000000e+03,0.0000000000000000e+00,0.0000000000000000e+00,-1.4711208754599319e-17,-1.4711208754599319e-17
2.2109999999999999e-09,2.2110000000000000e+03,0.0000000000000000e+00,0.0000000000000000e+00,-4.3407415843049557e-17,-4.3407415843049557e-17
2.2119999999999998e-09,2.2120000000000000e+03,0.0000000000000000e+00,0.0000000000000000e+00,-2.5783209315882214e-17,-2.5783209315882214e-17
2.2130000000000001e-09,2.2130000000000000e+03,0.0000000000000000e+00,0.0000000000000000e+00,-1.5460388872678804e-17,-1.5460388872678804e-17
2.2140000000000000e-09,2.2140000000000000e+03,0.0000000000000000e+00,0.0000000000000000e+00,-4.1357314939228547e-18,-4.1357314939228547e-18
2.2149999999999999e-09,2.2150000000000000e+03,0.0000000000000000e+00,0.0000000000000000e+00,-2.0547991751130602e-17,-2.0547991751130602e-17
2.2159999999999998e-09,2.2160000000000000e+03,0.0000000000000000e+00,0.0000000000000000e+00,-4.1603650854188187e-18,-4.1603650854188187e-18
2.2170000000000001e-09,2.2170000000000000e+03,0.0000000000000000e+00,0.0000000000000000e+00,-2.4941592803814596e-17,-2.4941592803814596e-17
2.2180000000000000e-09,2.2180000000000000e+03,0.0000000000000000e+00,0.0000000000000000e+00,-9.0240645930546078e-18,-9.0240645930546078e-18
2.2189999999999999e-09,2.2190000000000000e+03,0.0000000000000000e+00,0.0000000000000000e+00,-4.4314084206759536e-18,-4.4314084206759536e-18
2.2199999999999998e-09,2.2200000000000000e+03,0.0000000000000000e+00,0.0000000000000000e+00,1.2781171452742396e-18,1.2781171452742396e-18
2.2210000000000001e-09,2.2210000000000000e+03,0.0000000000000000e+00,0.0000000000000000e+00,-6.6925346740805426e-18,-6.6925346740805426e-18
2.2220000000000000e-09,2.2220000000000000e+03,0.0000000000000000e+00,0.0000000000000000e+00,-1.8490579238190506e-17,-1.8490579238190506e-17
2.2229999999999999e-09,2.2230000000000000e+03,0.0000000000000000e+00,0.0000000000000000e+00,-2.9423676992903332e-17,-2.9423676992903332e-17
2.2239999999999998e-09,2.2240000000000000e+03,0.0000000000000000e+00,0.0000000000000000e+00,-1.0145778079953335e-17,-1.0145778079953335e-17
2.2250000000000001e-09,2.2250000000000000e+03,0.0000000000000000e+00,0.0000000000000000e+00,-1.4808419279697870e-17,-1.4808419279697870e-17
2.2260000000000000e-09,2.2260000000000000e+03,0.0000000000000000e+00,0.0000000000000000e+00,-3.7761952098433534e-18,-3.7761952098433534e-18
2.2269999999999999e-09,2.2270000000000000e+03,0.0000000000000000e+00,0.0000000000000000e+00,-3.0321142155843218e-17,-3.0321142155843218e-17
2.2279999999999998e-09,2.2280000000000000e+03,0.0000000000000000e+00,0.0000000000000000e+00,-2.0903270782202923e-17,-2.0903270782202923e-17
2.2290000000000001e-09,2.2290000000000000e+03,0.0000000000000000e+00,0.0000000000000000e+00,-3.1500980266181233e-17,-3.1500980266181233e-17
2.2300000000000000e-09,2.2300000000000000e+03,0.0000000000000000e+00,0.0000000000000000e+00,-3.0440655163354938e-17,-3.0440655163354938e-17
2.2309999999999998e-09,2.2310000000000000e+03,0.0000000000000000e+00,0.0000000000000000e+00,-3.5648597305887897e-17,-3.5648597305887897e-17
2.2320000000000002e-09,2.2320000000000000e+03,0.0000000000000000e+00,0.0000000000000000e+00,-5.7094848305083962e-17,-5.7094848305083962e-17
2.2330000000000000e-09,2.2330000000000000e+03,0.0000000000000000e+00,0.0000000000000000e+00,-8.9922184446945005e-17,-8.9922184446945005e-17
2.2339999999999999e-09,2.2340000000000000e+03,0.0000000000000000e+00,0.0000000000000000e+00,-7.6820373383796424e-17,-7.6820373383796424e-17
2.2349999999999998e-09,2.2350000000000000e+03,0.0000000000000000e+00,0.0000000000000000e+00,-9.5812878535686001e-17,-9.5812878535686001e-17
2.2360000000000001e-09,2.2360000000000000e+03,0.0000000000000000e+00,0.0000000000000000e+00,-8.9308742737411777e-17,-8.9308742737411777e-17
2.2370000000000000e-09,2.2370000000000000e+03,0.0000000000000000e+00,0.0000000000000000e+00,-8.5878006841687012e-17,-8.5878006841687012e-17
2.2379999999999999e-09,2.2380000000000000e+03,0.0000000000000000e+00,0.0000000000000000e+00,-8.6515474137928784e-17,-8.6515474137928784e-17
2.2389999999999998e-09,2.2390000000000000e+03,0.0000000000000000e+00,0.0000000000000000e+00,-1.1592047609276637e-16,-1.1592047609276637e-16
2.2400000000000001e-09,2.2400000000000000e+03,0.0000000000000000e+00,0.0000000000000000e+00,-9.7464855071715430e-17,-9.7464855071715430e-17
2.2410000000000000e-09,2.2410000000000000e+03,0.0000000000000000e+00,0.0000000000000000e+00,-1.1197251603995552e-16,-1.1197251603995552e-16
2.2419999999999999e-09,2.2420000000000000e+03,0.0000000000000000e+00,0.0000000000000000e+00,-8.3913870903048161e-17,-8.3913870903048161e-17
2.2429999999999998e-09,2.2430000000000000e+03,0.0000000000000000e+00,0.0000000000000000e+00,-1.0440103128889154e-16,-1.0440103128889154e-16
2.2440000000000001e-09,2.2440000000000000e+03,0.0000000000000000e+00,0.0000000000000000e+00,-9.9435010211303067e-17,-9.9435010211303067e-17
2.2450000000000000e-09,2.2450000000000000e+03,0.0000000000000000e+00,0.0000000000000000e+00,-8.4288349516208948e-17,-8.4288349516208948e-17
2.2459999999999999e-09,2.2460000000000000e+03,0.0000000000000000e+00,0.0000000000000000e+00,-8.2880703002155510e-17,-8.2880703002155510e-17
2.2469999999999998e-09,2.2470000000000000e+03,0.0000000000000000e+00,0.0000000000000000e+00,-9.1866573577192749e-17,-9.1866573577192749e-17
2.2480000000000001e-09,2.2480000000000000e+03,0.0000000000000000e+00,0.0000000000000000e+00,-8.1107465981997019e-17,-8.1107465981997019e-17
2.2490000000000000e-09,2.2490000000000000e+03,0.0000000000000000e+00,0.0000000000000000e+00,-6.6755105220409603e-17,-6.6755105220409603e-17
2.2499999999999999e-09,2.2500000000000000e+03,0.0000000000000000e+00,0.0000000000000000e+00,-4.6679761798692031e-17,-4.6679761798692031e-17
2.2509999999999998e-09,2.2510000000000000e+03,0.0000000000000000e+00,0.0000000000000000e+00,-4.7888255276407900e-17,-4.7888255276407900e-17
2.2520000000000001e-09,2.2520000000000000e+03,0.0000000000000000e+00,0.0000000000000000e+00,-1.2349992872710132e-17,-1.2349992872710132e-17
2.2530000000000000e-09,2.2530000000000000e+03,0.0000000000000000e+00,0.0000000000000000e+00,1.7651107271160614e-17,1.7651107271160614e-17
2.2539999999999999e-09,2.2540000000000000e+03,0.0000000000000000e+00,0.0000000000000000e+00,6.7862319601016379e-18,6.7862319601016379e-18
2.2549999999999998e-09,2.2550000000000000e+03,0.0000000000000000e+00,0.0000000000000000e+00,2.0918252901600819e-17,2.0918252901600819e-17
2.2560000000000001e-09,2.2560000000000000e+03,0.0000000000000000e+00,0.0000000000000000e+00,1.2542777545520871e-17,1.2542777545520871e-17
2.2570000000000000e-09,2.2570000000000000e+03,0.0000000000000000e+00,0.0000000000000000e+00,7.3923209001944115e-18,7.3923209001944115e-18
2.2579999999999999e-09,2.2580000000000000e+03,0.0000000000000000e+00,0.0000000000000000e+00,6.0518212153521163e-18,6.0518212153521163e-18
2.2590000000000002e-09,2.2590000000000000e+03,0.0000000000000000e+00,0.0000000000000000e+00,7.6267976280706841e-18,7.6267976280706841e-18
2.2600000000000001e-09,2.2600000000000000e+03,0.0000000000000000e+00,0.0000000000000000e+00,1.2026001063816772e-17,1.2026001063816772e-17
2.2609999999999999e-09,2.2610000000000000e+03,0.0000000000000000e+00,0.0000000000000000e+00,1.4542974686370429e-19,1.4542974686370429e-19
2.2619999999999998e-09,2.2620000000000000e+03,0.0000000000000000e+00,0.0000000000000000e+00,7.4384253986336905e-18,7.4384253986336905e-18
2.2630000000000001e-09,2.2630000000000000e+03,0.0000000000000000e+00,0.0000000000000000e+00,1.9070508181511692e-17,1.9070508181511692e-17
2.2640000000000000e-09,2.2640000000000000e+03,0.0000000000000000e+00,0.0000000000000000e+00,4.6049087798445982e-17,4.6049087798445982e-17
2.2649999999999999e-09,2.2650000000000000e+03,0.0000000000000000e+00,0.0000000000000000e+00,1.9370178201330165e-17,1.9370178201330165e-17
2.2659999999999998e-09,2.2660000000000000e+03,0.0000000000000000e+00,0.0000000000000000e+00,3.1099032103547787e-17,3.1099032103547787e-17
2.2670000000000001e-09,2.2670000000000000e+03,0.0000000000000000e+00,0.0000000000000000e+00,1.7074770786894476e-17,1.7074770786894476e-17
2.2680000000000000e-09,2.2680000000000000e+03,0.0000000000000000e+00,0.0000000000000000e+00,5.1439223898672635e-17,5.1439223898672635e-17
2.2689999999999999e-09,2.2690000000000000e+03,0.0000000000000000e+00,0.0000000000000000e+00,3.4672822939305583e-17,3.4672822939305583e-17
2.2699999999999998e-09,2.2700000000000000e+03,0.0000000000000000e+00,0.0000000000000000e+00,3.2991899729169948e-17,3.2991899729169948e-17
2.2710000000000001e-09,2.2710000000000000e+03,0.0000000000000000e+00,0.0000000000000000e+00,3.1432575634543890e-17,3.1432575634543890e-17
2.2720000000000000e-09,2.2720000000000000e+03,0.0000000000000000e+00,0.0000000000000000e+00,3.1388958563940000e-17,3.1388958563940000e-17
2.2729999999999999e-09,2.2730000000000000e+03,0.0000000000000000e+00,0.0000000000000000e+00,2.1470333849058569e-17,2.1470333849058569e-17
2.2739999999999998e-09,2.2740000000000000e+03,0.0000000000000000e+00,0.0000000000000000e+00,1.2077483637056980e-17,1.2077483637056980e-17
2.2750000000000001e-09,2.2750000000000000e+03,0.0000000000000000e+00,0.0000000000000000e+00,-8.8938229242874298e-18,-8.8938229242874298e-18
2.2760000000000000e-09,2.2760000000000000e+03,0.0000000000000000e+00,0.0000000000000000e+00,-2.8979019909642974e-17,-2.8979019909642974e-17
2.2769999999999999e-09,2.2770000000000000e+03,0.0000000000000000e+00,0.0000000000000000e+00,-4.5101813468002406e-17,-4.5101813468002406e-17
2.2779999999999998e-09,2.2780000000000000e+03,0.0000000000000000e+00,0.0000000000000000e+00,-4.8073581535066881e-17,-4.8073581535066881e-17
2.2790000000000001e-09,2.2790000000000000e+03,0.0000000000000000e+00,0.0000000000000000e+00,-2.1496864287297133e-17,-2.1496864287297133e-17
2.2800000000000000e-09,2.2800000000000000e+03,0.0000000000000000e+00,0.0000000000000000e+00,-4.5266193173073555e-17,-4.5266193173073555e-17
2.2809999999999999e-09,2.2810000000000000e+03,0.0000000000000000e+00,0.0000000000000000e+00,-7.9908923481537048e-17,-7.9908923481537048e-17
2.2819999999999998e-09,2.2820000000000000e+03,0.0000000000000000e+00,0.0000000000000000e+00,-7.4157580029557236e-17,-7.4157580029557236e-17
2.2830000000000001e-09,2.2830000000000000e+03,0.0000000000000000e+00,0.0000000000000000e+00,-2.9538248727512869e-17,-2.9538248727512869e-17
2.2840000000000000e-09,2.2840000000000000e+03,0.0000000000000000e+00,0.0000000000000000e+00,-3.2164729119923072e-17,-3.2164729119923072e-17
2.2849999999999999e-09,2.2850000000000000e+03,0.0000000000000000e+00,0.0000000000000000e+00,-6.9124423134130714e-17,-6.9124423134130714e-17
2.2859999999999998e-09,2.2860000000000000e+03,0.0000000000000000e+00,0.0000000000000000e+00,-3.3442130073704118e-17,-3.3442130073704118e-17
2.2870000000000001e-09,2.2870000000000000e+03,0.0000000000000000e+00,0.0000000000000000e+00,-3.2114183316802344e-17,-3.2114183316802344e-17
2.2880000000000000e-09,2.2880000000000000e+03,0.0000000000000000e+00,0.0000000000000000e+00,-2.3961257790708655e-17,-2.3961257790708655e-17
2.2889999999999999e-09,2.2890000000000000e+03,0.0000000000000000e+00,0.0000000000000000e+00,-1.1022314891332371e-18,-1.1022314891332371e-18
2.2900000000000002e-09,2.2900000000000000e+03,0.0000000000000000e+00,0.0000000000000000e+00,-9.1505668355074671e-19,-9.1505668355074671e-19
2.2910000000000001e-09,2.2910000000000000e+03,0.0000000000000000e+00,0.0000000000000000e+00,-2.0298048472119363e-17,-2.0298048472119363e-17
2.2919999999999999e-09,2.2920000000000000e+03,0.0000000000000000e+00,0.0000000000000000e+00,1.1535041811176260e-17,1.1535041811176260e-17
2.2929999999999998e-09,2.2930000000000000e+03,0.0000000000000000e+00,0.0000000000000000e+00,-1.3555849985572918e-17,-1.3555849985572918e-17
2.2940000000000001e-09,2.2940000000000000e+03,0.0000000000000000e+00,0.0000000000000000e+00,2.8197273550677787e-17,2.8197273550677787e-17
2.2950000000000000e-09,2.2950000000000000e+03,0.0000000000000000e+00,0.0000000000000000e+00,3.0703442699262402e-17,3.0703442699262402e-17
2.2959999999999999e-09,2.2960000000000000e+03,0.0000000000000000e+00,0.0000000000000000e+00,4.6243371059987589e-17,4.6243371059987589e-17
2.2969999999999998e-09,2.2970000000000000e+03,0.0000000000000000e+00,0.0000000000000000e+00,3.9517267321325875e-17,3.9517267321325875e-17
2.2980000000000001e-09,2.2980000000000000e+03,0.0000000000000000e+00,0.0000000000000000e+00,3.8464753801256571e-17,3.8464753801256571e-17
2.2990000000000000e-09,2.2990000000000000e+03,0.0000000000000000e+00,0.0000000000000000e+00,4.4668757348620909e-18,4.4668757348620909e-18
2.2999999999999999e-09,2.3000000000000000e+03,0.0000000000000000e+00,0.0000000000000000e+00,8.2747451119249021e-17,8.2747451119249021e-17
2.3009999999999998e-09,2.3010000000000000e+03,0.0000000000000000e+00,0.0000000000000000e+00,5.5399338093020534e-17,5.5399338093020534e-17
2.3020000000000001e-09,2.3020000000000000e+03,0.0000000000000000e+00,0.0000000000000000e+00,6.0368853155613884e-17,6.0368853155613884e-17
2.3030000000000000e-09,2.3030000000000000e+03,0.0000000000000000e+00,0.0000000000000000e+00,-2.1263452674107725e-18,-2.1263452674107725e-18
2.3039999999999999e-09,2.3040000000000000e+03,0.0000000000000000e+00,0.0000000000000000e+00,3.8078403483508986e-17,3.8078403483508986e-17
2.3049999999999998e-09,2.3050000000000000e+03,0.0000000000000000e+00,0.0000000000000000e+00,6.4449157466370671e-17,6.4449157466370671e-17
2.3060000000000001e-09,2.3060000000000000e+03,0.0000000000000000e+00,0.0000000000000000e+00,2.3254640780739655e-17,2.3254640780739655e-17
2.3070000000000000e-09,2.3070000000000000e+03,0.0000000000000000e+00,0.0000000000000000e+00,1.2412419154718887e-17,1.2412419154718887e-17
2.3079999999999999e-09,2.3080000000000000e+03,0.0000000000000000e+00,0.0000000000000000e+00,1.7760974426219624e-17,1.7760974426219624e-17
2.3089999999999998e-09,2.3090000000000000e+03,0.0000000000000000e+00,0.0000000000000000e+00,-1.3036788102353721e-17,-1.3036788102353721e-17
2.3100000000000001e-09,2.3100000000000000e+03,0.0000000000000000e+00,0.0000000000000000e+00,9.6897339395010158e-18,9.6897339395010158e-18
2.3110000000000000e-09,2.3110000000000000e+03,0.0000000000000000e+00,0.0000000000000000e+00,4.0702894562416486e-17,4.0702894562416486e-17
2.3119999999999999e-09,2.3120000000000000e+03,0.0000000000000000e+00,0.0000000000000000e+00,2.9285750974588152e-17,2.9285750974588152e-17
2.3129999999999998e-09,2.3130000000000000e+03,0.0000000000000000e+00,0.0000000000000000e+00,2.3352988287563483e-17,2.3352988287563483e-17
2.3140000000000001e-09,2.3140000000000000e+03,0.0000000000000000e+00,0.0000000000000000e+00,2.0552369304622379e-18,2.0552369304622379e-18
2.3150000000000000e-09,2.3150000000000000e+03,0.0000000000000000e+00,0.0000000000000000e+00,1.7461182579821884e-17,1.7461182579821884e-17
2.3159999999999999e-09,2.3160000000000000e+03,0.0000000000000000e+00,0.0000000000000000e+00,5.2052191296810448e-17,5.2052191296810448e-17
2.3169999999999998e-09,2.3170000000000000e+03,0.0000000000000000e+00,0.0000000000000000e+00,6.9260299755541433e-17,6.9260299755541433e-17
2.3180000000000001e-09,2.3180000000000000e+03,0.0000000000000000e+00,0.0000000000000000e+00,5.1379681228806504e-17,5.1379681228806504e-17
2.3190000000000000e-09,2.3190000000000000e+03,0.0000000000000000e+00,0.0000000000000000e+00,1.8146507251096416e-17,1.8146507251096416e-17
2.3199999999999998e-09,2.3200000000000000e+03,0.0000000000000000e+00,0.0000000000000000e+00,-4.4275365458359436e-18,-4.4275365458359436e-18
2.3210000000000002e-09,2.3210000000000000e+03,0.0000000000000000e+00,0.0000000000000000e+00,2.5399900183329065e-17,2.5399900183329065e-17
2.3220000000000000e-09,2.3220000000000000e+03,0.0000000000000000e+00,0.0000000000000000e+00,3.1710977316247928e-17,3.1710977316247928e-17
2.3229999999999999e-09,2.3230000000000000e+03,0.0000000000000000e+00,0.0000000000000000e+00,3.8582217464773993e-17,3.8582217464773993e-17
2.3239999999999998e-09,2.3240000000000000e+03,0.0000000000000000e+00,0.0000000000000000e+00,4.0001981153247046e-17,4.0001981153247046e-17
2.3250000000000001e-09,2.3250000000000000e+03,0.0000000000000000e+00,0.0000000000000000e+00,1.8566041374169686e-17,1.8566041374169686e-17
2.3260000000000000e-09,2.3260000000000000e+03,0.0000000000000000e+00,0.0000000000000000e+00,2.9739183085355194e-17,2.9739183085355194e-17
2.3269999999999999e-09,2.3270000000000000e+03,0.0000000000000000e+00,0.0000000000000000e+00,4.6119566220657359e-17,4.6119566220657359e-17
2.3279999999999998e-09,2.3280000000000000e+03,0.0000000000000000e+00,0.0000000000000000e+00,4.8375306179274531e-17,4.8375306179274531e-17
2.3290000000000001e-09,2.3290000000000000e+03,0.0000000000000000e+00,0.0000000000000000e+00,5.3923290852660649e-17,5.3923290852660649e-17
2.3300000000000000e-09,2.3300000000000000e+03,0.0000000000000000e+00,0.0000000000000000e+00,3.7135156511631976e-17,3.7135156511631976e-17
2.3309999999999999e-09,2.3310000000000000e+03,0.0000000000000000e+00,0.0000000000000000e+00,1.4347513580822815e-17,1.4347513580822815e-17
2.3319999999999998e-09,2.3320000000000000e+03,0.0000000000000000e+00,0.0000000000000000e+00,3.5240816279354070e-17,3.5240816279354070e-17
2.3330000000000001e-09,2.3330000000000000e+03,0.0000000000000000e+00,0.0000000000000000e+00,4.8042361640883266e-17,4.8042361640883266e-17
2.3340000000000000e-09,2.3340000000000000e+03,0.0000000000000000e+00,0.0000000000000000e+00,3.3357754836468443e-17,3.3357754836468443e-17
2.3349999999999999e-09,2.3350000000000000e+03,0.0000000000000000e+00,0.0000000000000000e+00,4.5569504567870486e-17,4.5569504567870486e-17
2.3359999999999998e-09,2.3360000000000000e+03,0.0000000000000000e+00,0.0000000000000000e+00,3.7493114590467613e-17,3.7493114590467613e-17
2.3370000000000001e-09,2.3370000000000000e+03,0.0000000000000000e+00,0.0000000000000000e+00,2.4073581570897003e-17,2.4073581570897003e-17
2.3380000000000000e-09,2.3380000000000000e+03,0.0000000000000000e+00,0.0000000000000000e+00,4.0116244207839077e-17,4.0116244207839077e-17
2.3389999999999999e-09,2.3390000000000000e+03,0.0000000000000000e+00,0.0000000000000000e+00,6.6908590680519162e-17,6.6908590680519162e-17
2.3399999999999998e-09,2.3400000000000000e+03,0.0000000000000000e+00,0.0000000000000000e+00,5.8364908917017734e-17,5.8364908917017734e-17
2.3410000000000001e-09,2.3410000000000000e+03,0.0000000000000000e+00,0.0000000000000000e+00,5.4664524773984025e-17,5.4664524773984025e-17
2.3420000000000000e-09,2.3420000000000000e+03,0.0000000000000000e+00,0.0000000000000000e+00,4.0834061649989763e-17,4.0834061649989763e-17
2.3429999999999999e-09,2.3430000000000000e+03,0.0000000000000000e+00,0.0000000000000000e+00,2.8957308017636466e-17,2.8957308017636466e-17
2.3439999999999998e-09,2.3440000000000000e+03,0.0000000000000000e+00,0.0000000000000000e+00,3.9138459029990574e-17,3.9138459029990574e-17
2.3450000000000001e-09,2.3450000000000000e+03,0.0000000000000000e+00,0.0000000000000000e+00,2.5759937460686791e-17,2.5759937460686791e-17
2.3460000000000000e-09,2.3460000000000000e+03,0.0000000000000000e+00,0.0000000000000000e+00,4.5710230900904178e-17,4.5710230900904178e-17
2.3469999999999999e-09,2.3470000000000000e+03,0.0000000000000000e+00,0.0000000000000000e+00,3.1722246955493213e-17,3.1722246955493213e-17
2.3479999999999998e-09,2.3480000000000000e+03,0.0000000000000000e+00,0.0000000000000000e+00,6.6858068115037617e-17,6.6858068115037617e-17
2.3490000000000001e-09,2.3490000000000000e+03,0.0000000000000000e+00,0.0000000000000000e+00,5.1540741056953340e-17,5.1540741056953340e-17
2.3499999999999999e-09,2.3500000000000000e+03,0.0000000000000000e+00,0.0000000000000000e+00,6.2918887313614525e-17,6.2918887313614525e-17
2.3509999999999998e-09,2.3510000000000000e+03,0.0000000000000000e+00,0.0000000000000000e+00,7.6070476581902882e-17,7.6070476581902882e-17
2.3520000000000001e-09,2.3520000000000000e+03,0.0000000000000000e+00,0.0000000000000000e+00,6.2839378528978618e-17,6.2839378528978618e-17
2.3530000000000000e-09,2.3530000000000000e+03,0.0000000000000000e+00,0.0000000000000000e+00,5.2209986561530587e-17,5.2209986561530587e-17
2.3539999999999999e-09,2.3540000000000000e+03,0.0000000000000000e+00,0.0000000000000000e+00,3.5606952987349856e-17,3.5606952987349856e-17
2.3549999999999998e-09,2.3550000000000000e+03,0.0000000000000000e+00,0.0000000000000000e+00,1.2079278875813243e-17,1.2079278875813243e-17
2.3560000000000001e-09,2.3560000000000000e+03,0.0000000000000000e+00,0.0000000000000000e+00,4.8424315067029233e-17,4.8424315067029233e-17
2.3570000000000000e-09,2.3570000000000000e+03,0.0000000000000000e+00,0.0000000000000000e+00,3.5354650634377952e-17,3.5354650634377952e-17
2.3579999999999999e-09,2.3580000000000000e+03,0.0000000000000000e+00,0.0000000000000000e+00,1.9509792483564960e-17,1.9509792483564960e-17
2.3589999999999998e-09,2.3590000000000000e+03,0.0000000000000000e+00,0.0000000000000000e+00,1.8342948764851331e-17,1.8342948764851331e-17
2.3600000000000001e-09,2.3600000000000000e+03,0.0000000000000000e+00,0.0000000000000000e+00,2.0458054083007169e-17,2.0458054083007169e-17
2.3610000000000000e-09,2.3610000000000000e+03,0.0000000000000000e+00,0.0000000000000000e+00,6.2994950665065214e-18,6.2994950665065214e-18
2.3619999999999999e-09,2.3620000000000000e+03,0.0000000000000000e+00,0.0000000000000000e+00,2.8845288546361203e-17,2.8845288546361203e-17
2.3629999999999998e-09,2.3630000000000000e+03,0.0000000000000000e+00,0.0000000000000000e+00,1.2901527309652486e-17,1.2901527309652486e-17
2.3640000000000001e-09,2.3640000000000000e+03,0.0000000000000000e+00,0.0000000000000000e+00,8.0475403146154601e-18,8.0475403146154601e-18
2.3650000000000000e-09,2.3650000000000000e+03,0.0000000000000000e+00,0.0000000000000000e+00,-2.0034331488609203e-17,-2.0034331488609203e-17
2.3659999999999999e-09,2.3660000000000000e+03,0.0000000000000000e+00,0.0000000000000000e+00,-2.8431632163993390e-17,-2.8431632163993390e-17
2.3669999999999998e-09,2.3670000000000000e+03,0.0000000000000000e+00,0.0000000000000000e+00,-1.7753312485182789e-17,-1.7753312485182789e-17
2.3680000000000001e-09,2.3680000000000000e+03,0.0000000000000000e+00,0.0000000000000000e+00,-2.9232671893779619e-17,-2.9232671893779619e-17
2.3690000000000000e-09,2.3690000000000000e+03,0.0000000000000000e+00,0.0000000000000000e+00,-1.2876401706629582e-17,-1.2876401706629582e-17
2.3699999999999999e-09,2.3700000000000000e+03,0.0000000000000000e+00,0.0000000000000000e+00,-1.6328729231434630e-17,-1.6328729231434630e-17
2.3709999999999998e-09,2.3710000000000000e+03,0.0000000000000000e+00,0.0000000000000000e+00,-2.5847145732712559e-17,-2.5847145732712559e-17
2.3720000000000001e-09,2.3720000000000000e+03,0.0000000000000000e+00,0.0000000000000000e+00,-1.4103005168397440e-17,-1.4103005168397440e-17
2.3730000000000000e-09,2.3730000000000000e+03,0.0000000000000000e+00,0.0000000000000000e+00,-6.5273930949220118e-18,-6.5273930949220118e-18
2.3739999999999999e-09,2.3740000000000000e+03,0.0000000000000000e+00,0.0000000000000000e+00,-7.5682214316634332e-18,-7.5682214316634332e-18
2.3749999999999998e-09,2.3750000000000000e+03,0.0000000000000000e+00,0.0000000000000000e+00,1.3917977935971625e-17,1.3917977935971625e-17
2.3760000000000001e-09,2.3760000000000000e+03,0.0000000000000000e+00,0.0000000000000000e+00,3.1805234124338826e-17,3.1805234124338826e-17
2.3770000000000000e-09,2.3770000000000000e+03,0.0000000000000000e+00,0.0000000000000000e+00,1.2602045718369203e-17,1.2602045718369203e-17
2.3779999999999999e-09,2.3780000000000000e+03,0.0000000000000000e+00,0.0000000000000000e+00,6.5695151234397950e-18,6.5695151234397950e-18
2.3789999999999997e-09,2.3790000000000000e+03,0.0000000000000000e+00,0.0000000000000000e+00,7.0987161235592271e-18,7.0987161235592271e-18
2.3800000000000001e-09,2.3800000000000000e+03,0.0000000000000000e+00,0.0000000000000000e+00,2.7253872689657278e-17,2.7253872689657278e-17
2.3809999999999999e-09,2.3810000000000000e+03,0.0000000000000000e+00,0.0000000000000000e+00,2.9414087336638922e-17,2.9414087336638922e-17
2.3819999999999998e-09,2.3820000000000000e+03,0.0000000000000000e+00,0.0000000000000000e+00,1.9465206249216629e-18,1.9465206249216629e-18
2.3830000000000001e-09,2.3830000000000000e+03,0.0000000000000000e+00,0.0000000000000000e+00,4.9809816713871365e-18,4.9809816713871365e-18
2.3840000000000000e-09,2.3840000000000000e+03,0.0000000000000000e+00,0.0000000000000000e+00,3.3019318564524353e-17,3.3019318564524353e-17
2.3849999999999999e-09,2.3850000000000000e+03,0.0000000000000000e+00,0.0000000000000000e+00,5.3608881470093525e-17,5.3608881470093525e-17
2.3859999999999998e-09,2.3860000000000000e+03,0.0000000000000000e+00,0.0000000000000000e+00,3.2154493171196675e-17,3.2154493171196675e-17
2.3870000000000001e-09,2.3870000000000000e+03,0.0000000000000000e+00,0.0000000000000000e+00,2.8698866847405064e-17,2.8698866847405064e-17
2.3880000000000000e-09,2.3880000000000000e+03,0.0000000000000000e+00,0.0000000000000000e+00,4.7083285863954824e-17,4.7083285863954824e-17
2.3889999999999999e-09,2.3890000000000000e+03,0.0000000000000000e+00,0.0000000000000000e+00,9.3640163549541846e-18,9.3640163549541846e-18
2.3899999999999998e-09,2.3900000000000000e+03,0.0000000000000000e+00,0.0000000000000000e+00,-2.1485208391419996e-18,-2.1485208391419996e-18
2.3910000000000001e-09,2.3910000000000000e+03,0.0000000000000000e+00,0.0000000000000000e+00,7.8359224122931679e-18,7.8359224122931679e-18
2.3920000000000000e-09,2.3920000000000000e+03,0.0000000000000000e+00,0.0000000000000000e+00,2.1341791199327689e-17,2.1341791199327689e-17
2.3929999999999999e-09,2.3930000000000000e+03,0.0000000000000000e+00,0.0000000000000000e+00,2.2318362010456148e-17,2.2318362010456148e-17
2.3939999999999998e-09,2.3940000000000000e+03,0.0000000000000000e+00,0.0000000000000000e+00,1.1891691270848276e-17,1.1891691270848276e-17
2.3950000000000001e-09,2.3950000000000000e+03,0.0000000000000000e+00,0.0000000000000000e+00,2.1520431030327437e-17,2.1520431030327437e-17
2.3960000000000000e-09,2.3960000000000000e+03,0.0000000000000000e+00,0.0000000000000000e+00,3.6318951969021270e-17,3.6318951969021270e-17
2.3969999999999999e-09,2.3970000000000000e+03,0.0000000000000000e+00,0.0000000000000000e+00,5.7759670094605104e-17,5.7759670094605104e-17
2.3979999999999998e-09,2.3980000000000000e+03,0.0000000000000000e+00,0.0000000000000000e+00,5.6411151363638843e-17,5.6411151363638843e-17
2.3990000000000001e-09,2.3990000000000000e+03,0.0000000000000000e+00,0.0000000000000000e+00,5.4781490325792142e-17,5.4781490325792142e-17
2.4000000000000000e-09,2.4000000000000000e+03,0.0000000000000000e+00,0.0000000000000000e+00,6.1157495089222497e-17,6.1157495089222497e-17
2.4009999999999999e-09,2.4010000000000000e+03,0.0000000000000000e+00,0.0000000000000000e+00,6.4259591044721119e-17,6.4259591044721119e-17
2.4019999999999998e-09,2.4020000000000000e+03,0.0000000000000000e+00,0.0000000000000000e+00,3.1962156474237675e-17,3.1962156474237675e-17
2.4030000000000001e-09,2.4030000000000000e+03,0.0000000000000000e+00,0.0000000000000000e+00,4.7644221549198252e-17,4.7644221549198252e-17
2.4040000000000000e-09,2.4040000000000000e+03,0.0000000000000000e+00,0.0000000000000000e+00,3.7202925665788302e-17,3.7202925665788302e-17
2.4049999999999999e-09,2.4050000000000000e+03,0.0000000000000000e+00,0.0000000000000000e+00,2.6033648112600598e-17,2.6033648112600598e-17
2.4059999999999998e-09,2.4060000000000000e+03,0.0000000000000000e+00,0.0000000000000000e+00,1.6404679669550207e-17,1.6404679669550207e-17
2.4070000000000001e-09,2.4070000000000000e+03,0.0000000000000000e+00,0.0000000000000000e+00,4.2434495841312434e-18,4.2434495841312434e-18
2.4080000000000000e-09,2.4080000000000000e+03,0.0000000000000000e+00,0.0000000000000000e+00,1.8628160303670960e-17,1.8628160303670960e-17
2.4089999999999998e-09,2.4090000000000000e+03,0.0000000000000000e+00,0.0000000000000000e+00,2.3015711784709493e-17,2.3015711784709493e-17
2.4100000000000002e-09,2.4100000000000000e+03,0.0000000000000000e+00,0.0000000000000000e+00,5.0233167136154647e-18,5.0233167136154647e-18
2.4110000000000000e-09,2.4110000000000000e+03,0.0000000000000000e+00,0.0000000000000000e+00,-2.1739831669043704e-17,-2.1739831669043704e-17
2.4119999999999999e-09,2.4120000000000000e+03,0.0000000000000000e+00,0.0000000000000000e+00,-4.0666521494660431e-18,-4.0666521494660431e-18
2.4129999999999998e-09,2.4130000000000000e+03,0.0000000000000000e+00,0.0000000000000000e+00,-1.8711887288005796e-17,-1.8711887288005796e-17
2.4140000000000001e-09,2.4140000000000000e+03,0.0000000000000000e+00,0.0000000000000000e+00,-3.1477864737347305e-17,-3.1477864737347305e-17
2.4150000000000000e-09,2.4150000000000000e+03,0.0000000000000000e+00,0.0000000000000000e+00,-3.8722619413435966e-17,-3.8722619413435966e-17
2.4159999999999999e-09,2.4160000000000000e+03,0.0000000000000000e+00,0.0000000000000000e+00,-6.2549643533221840e-17,-6.2549643533221840e-17
2.4169999999999998e-09,2.4170000000000000e+03,0.0000000000000000e+00,0.0000000000000000e+00,-6.7086025873754958e-17,-6.7086025873754958e-17
2.4180000000000001e-09,2.4180000000000000e+03,0.0000000000000000e+00,0.0000000000000000e+00,-6.3131386305427462e-17,-6.3131386305427462e-17
2.4190000000000000e-09,2.4190000000000000e+03,0.0000000000000000e+00,0.0000000000000000e+00,-6.1149658055855558e-17,-6.1149658055855558e-17
2.4199999999999999e-09,2.4200000000000000e+03,0.0000000000000000e+00,0.0000000000000000e+00,-5.0113986860424574e-17,-5.0113986860424574e-17
2.4209999999999998e-09,2.4210000000000000e+03,0.0000000000000000e+00,0.0000000000000000e+00,-6.6449676112183679e-17,-6.6449676112183679e-17
2.4220000000000001e-09,2.4220000000000000e+03,0.0000000000000000e+00,0.0000000000000000e+00,-5.6464695310529144e-17,-5.6464695310529144e-17
2.4230000000000000e-09,2.4230000000000000e+03,0.0000000000000000e+00,0.0000000000000000e+00,-7.3722206357499495e-17,-7.3722206357499495e-17
2.4239999999999999e-09,2.4240000000000000e+03,0.0000000000000000e+00,0.0000000000000000e+00,-5.4211671715558766e-17,-5.4211671715558766e-17
2.4249999999999998e-09,2.4250000000000000e+03,0.0000000000000000e+00,0.0000000000000000e+00,-4.7275188171941173e-17,-4.7275188171941173e-17
2.4260000000000001e-09,2.4260000000000000e+03,0.0000000000000000e+00,0.0000000000000000e+00,-4.4619155811881367e-17,-4.4619155811881367e-17
2.4270000000000000e-09,2.4270000000000000e+03,0.0000000000000000e+00,0.0000000000000000e+00,-3.4909952122032365e-17,-3.4909952122032365e-17
2.4279999999999999e-09,2.4280000000000000e+03,0.0000000000000000e+00,0.0000000000000000e+00,-3.8675927298623742e-17,-3.8675927298623742e-17
2.4289999999999998e-09,2.4290000000000000e+03,0.0000000000000000e+00,0.0000000000000000e+00,-4.9091987430887538e-17,-4.9091987430887538e-17
2.4300000000000001e-09,2.4300000000000000e+03,0.0000000000000000e+00,0.0000000000000000e+00,-2.1933943044394422e-17,-2.1933943044394422e-17
2.4310000000000000e-09,2.4310000000000000e+03,0.0000000000000000e+00,0.0000000000000000e+00,-9.0119920149900770e-18,-9.0119920149900770e-18
2.4319999999999999e-09,2.4320000000000000e+03,0.0000000000000000e+00,0.0000000000000000e+00,1.3913749199508860e-17,1.3913749199508860e-17
2.4329999999999998e-09,2.4330000000000000e+03,0.0000000000000000e+00,0.0000000000000000e+00,1.6425543650897732e-17,1.6425543650897732e-17
2.4340000000000001e-09,2.4340000000000000e+03,0.0000000000000000e+00,0.0000000000000000e+00,2.9823936114748470e-17,2.9823936114748470e-17
2.4350000000000000e-09,2.4350000000000000e+03,0.0000000000000000e+00,0.0000000000000000e+00,1.3059656827603765e-17,1.3059656827603765e-17
2.4359999999999999e-09,2.4360000000000000e+03,0.0000000000000000e+00,0.0000000000000000e+00,4.7698819710247624e-17,4.7698819710247624e-17
2.4369999999999998e-09,2.4370000000000000e+03,0.0000000000000000e+00,0.0000000000000000e+00,5.7658894826827662e-17,5.7658894826827662e-17
2.4380000000000001e-09,2.4380000000000000e+03,0.0000000000000000e+00,0.0000000000000000e+00,3.3818702759847435e-17,3.3818702759847435e-17
2.4390000000000000e-09,2.4390000000000000e+03,0.0000000000000000e+00,0.0000000000000000e+00,3.1878226482845964e-17,3.1878226482845964e-17
2.4399999999999998e-09,2.4400000000000000e+03,0.0000000000000000e+00,0.0000000000000000e+00,5.4317141467135601e-17,5.4317141467135601e-17
2.4410000000000002e-09,2.4410000000000000e+03,0.0000000000000000e+00,0.0000000000000000e+00,3.4839107964697359e-17,3.4839107964697359e-17
2.4420000000000000e-09,2.4420000000000000e+03,0.0000000000000000e+00,0.0000000000000000e+00,3.4385590003469048e-17,3.4385590003469048e-17
2.4429999999999999e-09,2.4430000000000000e+03,0.0000000000000000e+00,0.0000000000000000e+00,4.1461905583436289e-17,4.1461905583436289e-17
2.4439999999999998e-09,2.4440000000000000e+03,0.0000000000000000e+00,0.0000000000000000e+00,6.0724449682647806e-17,6.0724449682647806e-17
2.4450000000000001e-09,2.4450000000000000e+03,0.0000000000000000e+00,0.0000000000000000e+00,5.5281585268663745e-17,5.5281585268663745e-17
2.4460000000000000e-09,2.4460000000000000e+03,0.0000000000000000e+00,0.0000000000000000e+00,3.8462775930976527e-17,3.8462775930976527e-17
2.4469999999999999e-09,2.4470000000000000e+03,0.0000000000000000e+00,0.0000000000000000e+00,2.7586349869392423e-17,2.7586349869392423e-17
2.4479999999999998e-09,2.4480000000000000e+03,0.0000000000000000e+00,0.0000000000000000e+00,3.1517599737096837e-17,3.1517599737096837e-17
2.4490000000000001e-09,2.4490000000000000e+03,0.0000000000000000e+00,0.0000000000000000e+00,4.4282146874427352e-17,4.4282146874427352e-17
2.4500000000000000e-09,2.4500000000000000e+03,0.0000000000000000e+00,0.0000000000000000e+00,1.5757558818488458e-17,1.5757558818488458e-17
2.4509999999999999e-09,2.4510000000000000e+03,0.0000000000000000e+00,0.0000000000000000e+00,-1.0519761857298743e-17,-1.0519761857298743e-17
2.4519999999999998e-09,2.4520000000000000e+03,0.0000000000000000e+00,0.0000000000000000e+00,-4.4695231440793553e-17,-4.4695231440793553e-17
2.4530000000000001e-09,2.4530000000000000e+03,0.0000000000000000e+00,0.0000000000000000e+00,-6.2792821194718122e-17,-6.2792821194718122e-17
2.4540000000000000e-09,2.4540000000000000e+03,0.0000000000000000e+00,0.0000000000000000e+00,-5.5721410265731495e-17,-5.5721410265731495e-17
2.4549999999999999e-09,2.4550000000000000e+03,0.0000000000000000e+00,0.0000000000000000e+00,-4.9235228047278073e-17,-4.9235228047278073e-17
2.4559999999999998e-09,2.4560000000000000e+03,0.0000000000000000e+00,0.0000000000000000e+00,-5.3894306259937152e-17,-5.3894306259937152e-17
2.4570000000000001e-09,2.4570000000000000e+03,0.0000000000000000e+00,0.0000000000000000e+00,-5.1136991207999951e-17,-5.1136991207999951e-17
2.4580000000000000e-09,2.4580000000000000e+03,0.0000000000000000e+00,0.0000000000000000e+00,-2.4018854093712856e-17,-2.4018854093712856e-17
2.4589999999999999e-09,2.4590000000000000e+03,0.0000000000000000e+00,0.0000000000000000e+00,-7.8521449124960181e-18,-7.8521449124960181e-18
2.4599999999999998e-09,2.4600000000000000e+03,0.0000000000000000e+00,0.0000000000000000e+00,5.8267435447815747e-18,5.8267435447815747e-18
2.4610000000000001e-09,2.4610000000000000e+03,0.0000000000000000e+00,0.0000000000000000e+00,3.6158903317801419e-17,3.6158903317801419e-17
2.4620000000000000e-09,2.4620000000000000e+03,0.0000000000000000e+00,0.0000000000000000e+00,4.7925577704148702e-17,4.7925577704148702e-17
2.4629999999999999e-09,2.4630000000000000e+03,0.0000000000000000e+00,0.0000000000000000e+00,2.1526469667495211e-17,2.1526469667495211e-17
2.4639999999999998e-09,2.4640000000000000e+03,0.0000000000000000e+00,0.0000000000000000e+00,2.1575919023838410e-17,2.1575919023838410e-17
2.4650000000000001e-09,2.4650000000000000e+03,0.0000000000000000e+00,0.0000000000000000e+00,2.6594505795492603e-17,2.6594505795492603e-17
2.4660000000000000e-09,2.4660000000000000e+03,0.0000000000000000e+00,0.0000000000000000e+00,5.6085693366324459e-17,5.6085693366324459e-17
2.4669999999999999e-09,2.4670000000000000e+03,0.0000000000000000e+00,0.0000000000000000e+00,4.4502455316069507e-17,4.4502455316069507e-17
2.4679999999999997e-09,2.4680000000000000e+03,0.0000000000000000e+00,0.0000000000000000e+00,3.8852082057610385e-17,3.8852082057610385e-17
2.4690000000000001e-09,2.4690000000000000e+03,0.0000000000000000e+00,0.0000000000000000e+00,2.6480764303299960e-17,2.6480764303299960e-17
2.4699999999999999e-09,2.4700000000000000e+03,0.0000000000000000e+00,0.0000000000000000e+00,3.7751197935704571e-17,3.7751197935704571e-17
2.4709999999999998e-09,2.4710000000000000e+03,0.0000000000000000e+00,0.0000000000000000e+00,4.2788160951604364e-17,4.2788160951604364e-17
2.4720000000000001e-09,2.4720000000000000e+03,0.0000000000000000e+00,0.0000000000000000e+00,7.4284052484116341e-17,7.4284052484116341e-17
2.4730000000000000e-09,2.4730000000000000e+03,0.0000000000000000e+00,0.0000000000000000e+00,9.3830656740729384e-17,9.3830656740729384e-17
2.4739999999999999e-09,2.4740000000000000e+03,0.0000000000000000e+00,0.0000000000000000e+00,8.0472333421023534e-17,8.0472333421023534e-17
2.4749999999999998e-09,2.4750000000000000e+03,0.0000000000000000e+00,0.0000000000000000e+00,7.2653791093612112e-17,7.2653791093612112e-17
2.4760000000000001e-09,2.4760000000000000e+03,0.0000000000000000e+00,0.0000000000000000e+00,6.4131649232809269e-17,6.4131649232809269e-17
2.4770000000000000e-09,2.4770000000000000e+03,0.0000000000000000e+00,0.0000000000000000e+00,5.7613676967469294e-17,5.7613676967469294e-17
2.4779999999999999e-09,2.4780000000000000e+03,0.0000000000000000e+00,0.0000000000000000e+00,4.6737859857194100e-17,4.6737859857194100e-17
2.4789999999999998e-09,2.4790000000000000e+03,0.0000000000000000e+00,0.0000000000000000e+00,2.6790181916786943e-17,2.6790181916786943e-17
2.4800000000000001e-09,2.4800000000000000e+03,0.0000000000000000e+00,0.0000000000000000e+00,7.7804370813382410e-18,7.7804370813382410e-18
2.4810000000000000e-09,2.4810000000000000e+03,0.0000000000000000e+00,0.0000000000000000e+00,1.5658759763423240e-17,1.5658759763423240e-17
2.4819999999999999e-09,2.4820000000000000e+03,0.0000000000000000e+00,0.0000000000000000e+00,5.7154696584163323e-17,5.7154696584163323e-17
2.4829999999999998e-09,2.4830000000000000e+03,0.0000000000000000e+00,0.0000000000000000e+00,6.7430626560712346e-17,6.7430626560712346e-17
2.4840000000000001e-09,2.4840000000000000e+03,0.0000000000000000e+00,0.0000000000000000e+00,1.8026368287497610e-17,1.8026368287497610e-17
2.4850000000000000e-09,2.4850000000000000e+03,0.0000000000000000e+00,0.0000000000000000e+00,4.2730526832308386e-17,4.2730526832308386e-17
2.4859999999999999e-09,2.4860000000000000e+03,0.0000000000000000e+00,0.0000000000000000e+00,2.3726120276309177e-17,2.3726120276309177e-17
2.4869999999999998e-09,2.4870000000000000e+03,0.0000000000000000e+00,0.0000000000000000e+00,1.3828074359149972e-17,1.3828074359149972e-17
2.4880000000000001e-09,2.4880000000000000e+03,0.0000000000000000e+00,0.0000000000000000e+00,-4.8392057667168958e-19,-4.8392057667168958e-19
2.4890000000000000e-09,2.4890000000000000e+03,0.0000000000000000e+00,0.0000000000000000e+00,5.9203379312137472e-19,5.9203379312137472e-19
2.4899999999999999e-09,2.4900000000000000e+03,0.0000000000000000e+00,0.0000000000000000e+00,1.6076913045409502e-17,1.6076913045409502e-17
2.4909999999999998e-09,2.4910000000000000e+03,0.0000000000000000e+00,0.0000000000000000e+00,2.5029950264392134e-17,2.5029950264392134e-17
2.4920000000000001e-09,2.4920000000000000e+03,0.0000000000000000e+00,0.0000000000000000e+00,1.3033123079636212e-17,1.3033123079636212e-17
2.4930000000000000e-09,2.4930000000000000e+03,0.0000000000000000e+00,0.0000000000000000e+00,-7.6869515454647847e-19,-7.6869515454647847e-19
2.4939999999999999e-09,2.4940000000000000e+03,0.0000000000000000e+00,0.0000000000000000e+00,2.6453929845018832e-20,2.6453929845018832e-20
2.4949999999999998e-09,2.4950000000000000e+03,0.0000000000000000e+00,0.0000000000000000e+00,-2.5466651970937393e-17,-2.5466651970937393e-17
2.4960000000000001e-09,2.4960000000000000e+03,0.0000000000000000e+00,0.0000000000000000e+00,-2.1386128756072406e-17,-2.1386128756072406e-17
2.4970000000000000e-09,2.4970000000000000e+03,0.0000000000000000e+00,0.0000000000000000e+00,-5.7641489960020383e-17,-5.7641489960020383e-17
2.4979999999999999e-09,2.4980000000000000e+03,0.0000000000000000e+00,0.0000000000000000e+00,-4.4432821500016502e-17,-4.4432821500016502e-17
2.4989999999999997e-09,2.4990000000000000e+03,0.0000000000000000e+00,0.0000000000000000e+00,-6.6621361326224683e-17,-6.6621361326224683e-17
2.5000000000000001e-09,2.5000000000000000e+03,0.0000000000000000e+00,0.0000000000000000e+00,-9.6554462303416943e-17,-9.6554462303416943e-17
2.5009999999999999e-09,2.5010000000000000e+03,0.0000000000000000e+00,0.0000000000000000e+00,-1.0290540384597247e-16,-1.0290540384597247e-16
2.5019999999999998e-09,2.5020000000000000e+03,0.0000000000000000e+00,0.0000000000000000e+00,-1.3685813670270515e-16,-1.3685813670270515e-16
2.5030000000000001e-09,2.5030000000000000e+03,0.0000000000000000e+00,0.0000000000000000e+00,-1.3467368289349738e-16,-1.3467368289349738e-16
2.5040000000000000e-09,2.5040000000000000e+03,0.0000000000000000e+00,0.0000000000000000e+00,-7.3052553131531283e-17,-7.3052553131531283e-17
2.5049999999999999e-09,2.5050000000000000e+03,0.0000000000000000e+00,0.0000000000000000e+00,-1.0229213956260772e-16,-1.0229213956260772e-16
2.5059999999999998e-09,2.5060000000000000e+03,0.0000000000000000e+00,0.0000000000000000e+00,-5.9981644658802784e-17,-5.9981644658802784e-17
2.5070000000000001e-09,2.5070000000000000e+03,0.0000000000000000e+00,0.0000000000000000e+00,-4.9410649547099835e-17,-4.9410649547099835e-17
2.5080000000000000e-09,2.5080000000000000e+03,0.0000000000000000e+00,0.0000000000000000e+00,-7.2214406621190776e-18,-7.2214406621190776e-18
2.5089999999999999e-09,2.5090000000000000e+03,0.0000000000000000e+00,0.0000000000000000e+00,-5.1277038278310771e-18,-5.1277038278310771e-18
2.5099999999999998e-09,2.5100000000000000e+03,0.0000000000000000e+00,0.0000000000000000e+00,-8.3403426515684651e-18,-8.3403426515684651e-18
2.5110000000000001e-09,2.5110000000000000e+03,0.0000000000000000e+00,0.0000000000000000e+00,-3.7532246201702163e-17,-3.7532246201702163e-17
2.5120000000000000e-09,2.5120000000000000e+03,0.0000000000000000e+00,0.0000000000000000e+00,-3.5773766270925096e-17,-3.5773766270925096e-17
2.5129999999999999e-09,2.5130000000000000e+03,0.0000000000000000e+00,0.0000000000000000e+00,-4.1701723084325114e-17,-4.1701723084325114e-17
2.5139999999999998e-09,2.5140000000000000e+03,0.0000000000000000e+00,0.0000000000000000e+00,-2.6546602180589649e-17,-2.6546602180589649e-17
2.5150000000000001e-09,2.5150000000000000e+03,0.0000000000000000e+00,0.0000000000000000e+00,-4.5682752075856924e-18,-4.5682752075856924e-18
2.5160000000000000e-09,2.5160000000000000e+03,0.0000000000000000e+00,0.0000000000000000e+00,-5.2040661717065595e-18,-5.2040661717065595e-18
2.5169999999999999e-09,2.5170000000000000e+03,0.0000000000000000e+00,0.0000000000000000e+00,1.9295061389381602e-17,1.9295061389381602e-17
2.5179999999999998e-09,2.5180000000000000e+03,0.0000000000000000e+00,0.0000000000000000e+00,2.6711724215343592e-17,2.6711724215343592e-17
2.5190000000000001e-09,2.5190000000000000e+03,0.0000000000000000e+00,0.0000000000000000e+00,3.2705686599520175e-17,3.2705686599520175e-17
2.5200000000000000e-09,2.5200000000000000e+03,0.0000000000000000e+00,0.0000000000000000e+00,3.0008603766900234e-17,3.0008603766900234e-17
2.5209999999999999e-09,2.5210000000000000e+03,0.0000000000000000e+00,0.0000000000000000e+00,3.1318148894077565e-17,3.1318148894077565e-17
2.5219999999999998e-09,2.5220000000000000e+03,0.0000000000000000e+00,0.0000000000000000e+00,4.3657651872334569e-17,4.3657651872334569e-17
2.5230000000000001e-09,2.5230000000000000e+03,0.0000000000000000e+00,0.0000000000000000e+00,2.9537253067018720e-17,2.9537253067018720e-17
2.5240000000000000e-09,2.5240000000000000e+03,0.0000000000000000e+00,0.0000000000000000e+00,-4.3759675940802620e-18,-4.3759675940802620e-18
2.5249999999999999e-09,2.5250000000000000e+03,0.0000000000000000e+00,0.0000000000000000e+00,-1.2066635909706181e-17,-1.2066635909706181e-17
2.5259999999999998e-09,2.5260000000000000e+03,0.0000000000000000e+00,0.0000000000000000e+00,-1.4732748555461976e-17,-1.4732748555461976e-17
2.5270000000000001e-09,2.5270000000000000e+03,0.0000000000000000e+00,0.0000000000000000e+00,-3.3941569238414550e-17,-3.3941569238414550e-17
2.5280000000000000e-09,2.5280000000000000e+03,0.0000000000000000e+00,0.0000000000000000e+00,-5.2353807687839905e-17,-5.2353807687839905e-17
2.5289999999999998e-09,2.5290000000000000e+03,0.0000000000000000e+00,0.0000000000000000e+00,-5.6179665950884769e-17,-5.6179665950884769e-17
2.5300000000000002e-09,2.5300000000000000e+03,0.0000000000000000e+00,0.0000000000000000e+00,-3.9775203706255275e-17,-3.9775203706255275e-17
2.5310000000000000e-09,2.5310000000000000e+03,0.0000000000000000e+00,0.0000000000000000e+00,-4.3266155175093866e-17,-4.3266155175093866e-17
2.5319999999999999e-09,2.5320000000000000e+03,0.0000000000000000e+00,0.0000000000000000e+00,-5.8257886354547312e-17,-5.8257886354547312e-17
2.5329999999999998e-09,2.5330000000000000e+03,0.0000000000000000e+00,0.0000000000000000e+00,-5.4695993646521485e-17,-5.4695993646521485e-17
2.5340000000000001e-09,2.5340000000000000e+03,0.0000000000000000e+00,0.0000000000000000e+00,-5.4341684163472203e-17,-5.4341684163472203e-17
2.5350000000000000e-09,2.5350000000000000e+03,0.0000000000000000e+00,0.0000000000000000e+00,-5.6790055684937944e-17,-5.6790055684937944e-17
2.5359999999999999e-09,2.5360000000000000e+03,0.0000000000000000e+00,0.0000000000000000e+00,-6.6865332569613898e-17,-6.6865332569613898e-17
2.5369999999999998e-09,2.5370000000000000e+03,0.0000000000000000e+00,0.0000000000000000e+00,-7.9478363442930393e-17,-7.9478363442930393e-17
2.5380000000000001e-09,2.5380000000000000e+03,0.0000000000000000e+00,0.0000000000000000e+00,-5.9319680544720144e-17,-5.9319680544720144e-17
2.5390000000000000e-09,2.5390000000000000e+03,0.0000000000000000e+00,0.0000000000000000e+00,-6.3229954668270162e-17,-6.3229954668270162e-17
2.5399999999999999e-09,2.5400000000000000e+03,0.0000000000000000e+00,0.0000000000000000e+00,-2.7537371011076698e-17,-2.7537371011076698e-17
2.5409999999999998e-09,2.5410000000000000e+03,0.0000000000000000e+00,0.0000000000000000e+00,-4.0403081734857690e-17,-4.0403081734857690e-17
2.5420000000000001e-09,2.5420000000000000e+03,0.0000000000000000e+00,0.0000000000000000e+00,-1.7975324287968842e-17,-1.7975324287968842e-17
2.5430000000000000e-09,2.5430000000000000e+03,0.0000000000000000e+00,0.0000000000000000e+00,-3.8604841353086394e-17,-3.8604841353086394e-17
2.5439999999999999e-09,2.5440000000000000e+03,0.0000000000000000e+00,0.0000000000000000e+00,-2.0971692703408689e-17,-2.0971692703408689e-17
2.5449999999999998e-09,2.5450000000000000e+03,0.0000000000000000e+00,0.0000000000000000e+00,-3.9535074917030923e-17,-3.9535074917030923e-17
2.5460000000000001e-09,2.5460000000000000e+03,0.0000000000000000e+00,0.0000000000000000e+00,-6.8167252645912232e-20,-6.8167252645912232e-20
2.5470000000000000e-09,2.5470000000000000e+03,0.0000000000000000e+00,0.0000000000000000e+00,6.7805108537484525e-18,6.7805108537484525e-18
2.5479999999999999e-09,2.5480000000000000e+03,0.0000000000000000e+00,0.0000000000000000e+00,1.4848579074187662e-17,1.4848579074187662e-17
2.5489999999999998e-09,2.5490000000000000e+03,0.0000000000000000e+00,0.0000000000000000e+00,-1.2034644114589099e-17,-1.2034644114589099e-17
2.5500000000000001e-09,2.5500000000000000e+03,0.0000000000000000e+00,0.0000000000000000e+00,1.8973538018496328e-18,1.8973538018496328e-18
2.5510000000000000e-09,2.5510000000000000e+03,0.0000000000000000e+00,0.0000000000000000e+00,2.5912431922403556e-17,2.5912431922403556e-17
2.5519999999999999e-09,2.5520000000000000e+03,0.0000000000000000e+00,0.0000000000000000e+00,5.3342746886286818e-17,5.3342746886286818e-17
2.5529999999999998e-09,2.5530000000000000e+03,0.0000000000000000e+00,0.0000000000000000e+00,3.4911309954033243e-17,3.4911309954033243e-17
2.5540000000000001e-09,2.5540000000000000e+03,0.0000000000000000e+00,0.0000000000000000e+00,4.4994390158148434e-17,4.4994390158148434e-17
2.5550000000000000e-09,2.5550000000000000e+03,0.0000000000000000e+00,0.0000000000000000e+00,2.5153490401663703e-17,2.5153490401663703e-17
2.5559999999999999e-09,2.5560000000000000e+03,0.0000000000000000e+00,0.0000000000000000e+00,4.5319650809894085e-17,4.5319650809894085e-17
2.5569999999999998e-09,2.5570000000000000e+03,0.0000000000000000e+00,0.0000000000000000e+00,3.7079714299004252e-17,3.7079714299004252e-17
2.5580000000000001e-09,2.5580000000000000e+03,0.0000000000000000e+00,0.0000000000000000e+00,3.6646033430010050e-17,3.6646033430010050e-17
2.5590000000000000e-09,2.5590000000000000e+03,0.0000000000000000e+00,0.0000000000000000e+00,1.2143064331837650e-17,1.2143064331837650e-17
2.5599999999999998e-09,2.5600000000000000e+03,0.0000000000000000e+00,0.0000000000000000e+00,-3.4694469519536142e-18,-3.4694469519536142e-18
2.5610000000000002e-09,2.5610000000000000e+03,0.0000000000000000e+00,0.0000000000000000e+00,-4.5102810375396984e-17,-4.5102810375396984e-17
2.5620000000000000e-09,2.5620000000000000e+03,0.0000000000000000e+00,0.0000000000000000e+00,-5.5511151231257827e-17,-5.5511151231257827e-17
2.5629999999999999e-09,2.5630000000000000e+03,0.0000000000000000e+00,0.0000000000000000e+00,-4.8572257327350599e-17,-4.8572257327350599e-17
2.5639999999999998e-09,2.5640000000000000e+03,0.0000000000000000e+00,0.0000000000000000e+00,-3.4694469519536142e-17,-3.4694469519536142e-17
2.5650000000000001e-09,2.5650000000000000e+03,0.0000000000000000e+00,0.0000000000000000e+00,-2.7755575615628914e-17,-2.7755575615628914e-17
2.5660000000000000e-09,2.5660000000000000e+03,0.0000000000000000e+00,0.0000000000000000e+00,-4.8572257327350599e-17,-4.8572257327350599e-17
2.5669999999999999e-09,2.5670000000000000e+03,0.0000000000000000e+00,0.0000000000000000e+00,-6.2450045135165055e-17,-6.2450045135165055e-17
2.5679999999999998e-09,2.5680000000000000e+03,0.0000000000000000e+00,0.0000000000000000e+00,-2.7755575615628914e-17,-2.7755575615628914e-17
2.5690000000000001e-09,2.5690000000000000e+03,0.0000000000000000e+00,0.0000000000000000e+00,-4.8572257327350599e-17,-4.8572257327350599e-17
2.5700000000000000e-09,2.5700000000000000e+03,0.0000000000000000e+00,0.0000000000000000e+00,-5.5511151231257827e-17,-5.5511151231257827e-17
2.5709999999999999e-09,2.5710000000000000e+03,0.0000000000000000e+00,0.0000000000000000e+00,-1.0408340855860843e-16,-1.0408340855860843e-16
2.5719999999999998e-09,2.5720000000000000e+03,0.0000000000000000e+00,0.0000000000000000e+00,-7.6327832942979512e-17,-7.6327832942979512e-17
2.5730000000000001e-09,2.5730000000000000e+03,0.0000000000000000e+00,0.0000000000000000e+00,-1.1796119636642288e-16,-1.1796119636642288e-16
2.5740000000000000e-09,2.5740000000000000e+03,0.0000000000000000e+00,0.0000000000000000e+00,-1.0408340855860843e-16,-1.0408340855860843e-16
2.5749999999999999e-09,2.5750000000000000e+03,0.0000000000000000e+00,0.0000000000000000e+00,-1.1102230246251565e-16,-1.1102230246251565e-16
2.5759999999999998e-09,2.5760000000000000e+03,0.0000000000000000e+00,0.0000000000000000e+00,-1.0408340855860843e-16,-1.0408340855860843e-16
2.5770000000000001e-09,2.5770000000000000e+03,0.0000000000000000e+00,0.0000000000000000e+00,-1.1102230246251565e-16,-1.1102230246251565e-16
2.5780000000000000e-09,2.5780000000000000e+03,0.0000000000000000e+00,0.0000000000000000e+00,-1.0408340855860843e-16,-1.0408340855860843e-16
2.5789999999999999e-09,2.5790000000000000e+03,0.0000000000000000e+00,0.0000000000000000e+00,-9.7144514654701197e-17,-9.7144514654701197e-17
2.5799999999999998e-09,2.5800000000000000e+03,0.0000000000000000e+00,0.0000000000000000e+00,-4.8572257327350599e-17,-4.8572257327350599e-17
2.5810000000000001e-09,2.5810000000000000e+03,0.0000000000000000e+00,0.0000000000000000e+00,-9.0205620750793969e-17,-9.0205620750793969e-17
2.5820000000000000e-09,2.5820000000000000e+03,0.0000000000000000e+00,0.0000000000000000e+00,-1.1102230246251565e-16,-1.1102230246251565e-16
2.5829999999999999e-09,2.5830000000000000e+03,0.0000000000000000e+00,0.0000000000000000e+00,-9.7144514654701197e-17,-9.7144514654701197e-17
2.5839999999999998e-09,2.5840000000000000e+03,0.0000000000000000e+00,0.0000000000000000e+00,-9.0205620750793969e-17,-9.0205620750793969e-17
2.5850000000000001e-09,2.5850000000000000e+03,0.0000000000000000e+00,0.0000000000000000e+00,-1.1102230246251565e-16,-1.1102230246251565e-16
2.5860000000000000e-09,2.5860000000000000e+03,0.0000000000000000e+00,0.0000000000000000e+00,-1.0408340855860843e-16,-1.0408340855860843e-16
2.5869999999999999e-09,2.5870000000000000e+03,0.0000000000000000e+00,0.0000000000000000e+00,-1.1796119636642288e-16,-1.1796119636642288e-16
2.5879999999999997e-09,2.5880000000000000e+03,0.0000000000000000e+00,0.0000000000000000e+00,-7.6327832942979512e-17,-7.6327832942979512e-17
2.5890000000000001e-09,2.5890000000000000e+03,0.0000000000000000e+00,0.0000000000000000e+00,-6.2450045135165055e-17,-6.2450045135165055e-17
2.5899999999999999e-09,2.5900000000000000e+03,0.0000000000000000e+00,0.0000000000000000e+00,-8.3266726846886741e-17,-8.3266726846886741e-17
2.5909999999999998e-09,2.5910000000000000e+03,0.0000000000000000e+00,0.0000000000000000e+00,-1.0408340855860843e-16,-1.0408340855860843e-16
2.5920000000000001e-09,2.5920000000000000e+03,0.0000000000000000e+00,0.0000000000000000e+00,-1.0408340855860843e-16,-1.0408340855860843e-16
2.5930000000000000e-09,2.5930000000000000e+03,0.0000000000000000e+00,0.0000000000000000e+00,-3.4694469519536142e-17,-3.4694469519536142e-17
2.5939999999999999e-09,2.5940000000000000e+03,0.0000000000000000e+00,0.0000000000000000e+00,-4.8572257327350599e-17,-4.8572257327350599e-17
2.5949999999999998e-09,2.5950000000000000e+03,0.0000000000000000e+00,0.0000000000000000e+00,-2.7755575615628914e-17,-2.7755575615628914e-17
2.5960000000000001e-09,2.5960000000000000e+03,0.0000000000000000e+00,0.0000000000000000e+00,-5.5511151231257827e-17,-5.5511151231257827e-17
2.5970000000000000e-09,2.5970000000000000e+03,0.0000000000000000e+00,0.0000000000000000e+00,-4.1633363423443370e-17,-4.1633363423443370e-17
2.5979999999999999e-09,2.5980000000000000e+03,0.0000000000000000e+00,0.0000000000000000e+00,-6.2450045135165055e-17,-6.2450045135165055e-17
2.5989999999999998e-09,2.5990000000000000e+03,0.0000000000000000e+00,0.0000000000000000e+00,-4.8572257327350599e-17,-4.8572257327350599e-17
2.6000000000000001e-09,2.6000000000000000e+03,0.0000000000000000e+00,0.0000000000000000e+00,-2.7755575615628914e-17,-2.7755575615628914e-17
2.6010000000000000e-09,2.6010000000000000e+03,0.0000000000000000e+00,0.0000000000000000e+00,-1.3877787807814457e-17,-1.3877787807814457e-17
2.6019999999999999e-09,2.6020000000000000e+03,0.0000000000000000e+00,0.0000000000000000e+00,-2.0816681711721685e-17,-2.0816681711721685e-17
2.6029999999999998e-09,2.6030000000000000e+03,0.0000000000000000e+00,0.0000000000000000e+00,-2.0816681711721685e-17,-2.0816681711721685e-17
2.6040000000000001e-09,2.6040000000000000e+03,0.0000000000000000e+00,0.0000000000000000e+00,-4.1633363423443370e-17,-4.1633363423443370e-17
2.6050000000000000e-09,2.6050000000000000e+03,0.0000000000000000e+00,0.0000000000000000e+00,-3.4694469519536142e-17,-3.4694469519536142e-17
2.6059999999999999e-09,2.6060000000000000e+03,0.0000000000000000e+00,0.0000000000000000e+00,-6.9388939039072284e-18,-6.9388939039072284e-18
2.6069999999999998e-09,2.6070000000000000e+03,0.0000000000000000e+00,0.0000000000000000e+00,1.3877787807814457e-17,1.3877787807814457e-17
2.6080000000000001e-09,2.6080000000000000e+03,0.0000000000000000e+00,0.0000000000000000e+00,-4.1633363423443370e-17,-4.1633363423443370e-17
2.6090000000000000e-09,2.6090000000000000e+03,0.0000000000000000e+00,0.0000000000000000e+00,-6.2450045135165055e-17,-6.2450045135165055e-17
2.6099999999999999e-09,2.6100000000000000e+03,0.0000000000000000e+00,0.0000000000000000e+00,-7.6327832942979512e-17,-7.6327832942979512e-17
2.6109999999999998e-09,2.6110000000000000e+03,0.0000000000000000e+00,0.0000000000000000e+00,-5.5511151231257827e-17,-5.5511151231257827e-17
2.6120000000000001e-09,2.6120000000000000e+03,0.0000000000000000e+00,0.0000000000000000e+00,0.0000000000000000e+00,0.0000000000000000e+00
2.6130000000000000e-09,2.6130000000000000e+03,0.0000000000000000e+00,0.0000000000000000e+00,-3.4694469519536142e-17,-3.4694469519536142e-17
2.6139999999999999e-09,2.6140000000000000e+03,0.0000000000000000e+00,0.0000000000000000e+00,-7.6327832942979512e-17,-7.6327832942979512e-17
2.6149999999999998e-09,2.6150000000000000e+03,0.0000000000000000e+00,0.0000000000000000e+00,-4.8572257327350599e-17,-4.8572257327350599e-17
2.6160000000000001e-09,2.6160000000000000e+03,0.0000000000000000e+00,0.0000000000000000e+00,-1.3877787807814457e-17,-1.3877787807814457e-17
2.6170000000000000e-09,2.6170000000000000e+03,0.0000000000000000e+00,0.0000000000000000e+00,-3.4694469519536142e-17,-3.4694469519536142e-17
2.6179999999999999e-09,2.6180000000000000e+03,0.0000000000000000e+00,0.0000000000000000e+00,-1.3877787807814457e-17,-1.3877787807814457e-17
2.6189999999999997e-09,2.6190000000000000e+03,0.0000000000000000e+00,0.0000000000000000e+00,-2.0816681711721685e-17,-2.0816681711721685e-17
2.6200000000000001e-09,2.6200000000000000e+03,0.0000000000000000e+00,0.0000000000000000e+00,-2.0816681711721685e-17,-2.0816681711721685e-17
2.6209999999999999e-09,2.6210000000000000e+03,0.0000000000000000e+00,0.0000000000000000e+00,-2.7755575615628914e-17,-2.7755575615628914e-17
2.6219999999999998e-09,2.6220000000000000e+03,0.0000000000000000e+00,0.0000000000000000e+00,-6.9388939039072284e-18,-6.9388939039072284e-18
2.6230000000000001e-09,2.6230000000000000e+03,0.0000000000000000e+00,0.0000000000000000e+00,-6.9388939039072284e-18,-6.9388939039072284e-18
2.6240000000000000e-09,2.6240000000000000e+03,0.0000000000000000e+00,0.0000000000000000e+00,2.7755575615628914e-17,2.7755575615628914e-17
2.6249999999999999e-09,2.6250000000000000e+03,0.0000000000000000e+00,0.0000000000000000e+00,4.1633363423443370e-17,4.1633363423443370e-17
2.6259999999999998e-09,2.6260000000000000e+03,0.0000000000000000e+00,0.0000000000000000e+00,0.0000000000000000e+00,0.0000000000000000e+00
2.6270000000000001e-09,2.6270000000000000e+03,0.0000000000000000e+00,0.0000000000000000e+00,-1.3877787807814457e-17,-1.3877787807814457e-17
2.6280000000000000e-09,2.6280000000000000e+03,0.0000000000000000e+00,0.0000000000000000e+00,2.0816681711721685e-17,2.0816681711721685e-17
2.6289999999999999e-09,2.6290000000000000e+03,0.0000000000000000e+00,0.0000000000000000e+00,5.5511151231257827e-17,5.5511151231257827e-17
2.6299999999999998e-09,2.6300000000000000e+03,0.0000000000000000e+00,0.0000000000000000e+00,6.2450045135165055e-17,6.2450045135165055e-17
2.6310000000000001e-09,2.6310000000000000e+03,0.0000000000000000e+00,0.0000000000000000e+00,4.1633363423443370e-17,4.1633363423443370e-17
2.6320000000000000e-09,2.6320000000000000e+03,0.0000000000000000e+00,0.0000000000000000e+00,4.8572257327350599e-17,4.8572257327350599e-17
2.6329999999999999e-09,2.6330000000000000e+03,0.0000000000000000e+00,0.0000000000000000e+00,4.8572257327350599e-17,4.8572257327350599e-17
2.6339999999999998e-09,2.6340000000000000e+03,0.0000000000000000e+00,0.0000000000000000e+00,6.2450045135165055e-17,6.2450045135165055e-17
2.6350000000000001e-09,2.6350000000000000e+03,0.0000000000000000e+00,0.0000000000000000e+00,2.7755575615628914e-17,2.7755575615628914e-17
2.6360000000000000e-09,2.6360000000000000e+03,0.0000000000000000e+00,0.0000000000000000e+00,3.4694469519536142e-17,3.4694469519536142e-17
2.6369999999999999e-09,2.6370000000000000e+03,0.0000000000000000e+00,0.0000000000000000e+00,4.1633363423443370e-17,4.1633363423443370e-17
2.6379999999999998e-09,2.6380000000000000e+03,0.0000000000000000e+00,0.0000000000000000e+00,4.8572257327350599e-17,4.8572257327350599e-17
2.6390000000000001e-09,2.6390000000000000e+03,0.0000000000000000e+00,0.0000000000000000e+00,6.2450045135165055e-17,6.2450045135165055e-17
2.6400000000000000e-09,2.6400000000000000e+03,0.0000000000000000e+00,0.0000000000000000e+00,4.1633363423443370e-17,4.1633363423443370e-17
2.6409999999999999e-09,2.6410000000000000e+03,0.0000000000000000e+00,0.0000000000000000e+00,4.8572257327350599e-17,4.8572257327350599e-17
2.6419999999999998e-09,2.6420000000000000e+03,0.0000000000000000e+00,0.0000000000000000e+00,5.5511151231257827e-17,5.5511151231257827e-17
2.6430000000000001e-09,2.6430000000000000e+03,0.0000000000000000e+00,0.0000000000000000e+00,4.8572257327350599e-17,4.8572257327350599e-17
2.6440000000000000e-09,2.6440000000000000e+03,0.0000000000000000e+00,0.0000000000000000e+00,4.8572257327350599e-17,4.8572257327350599e-17
2.6449999999999999e-09,2.6450000000000000e+03,0.0000000000000000e+00,0.0000000000000000e+00,4.8572257327350599e-17,4.8572257327350599e-17
2.6459999999999998e-09,2.6460000000000000e+03,0.0000000000000000e+00,0.0000000000000000e+00,1.3877787807814457e-17,1.3877787807814457e-17
2.6470000000000001e-09,2.6470000000000000e+03,0.0000000000000000e+00,0.0000000000000000e+00,1.3877787807814457e-17,1.3877787807814457e-17
2.6480000000000000e-09,2.6480000000000000e+03,0.0000000000000000e+00,0.0000000000000000e+00,2.0816681711721685e-17,2.0816681711721685e-17
2.6489999999999998e-09,2.6490000000000000e+03,0.0000000000000000e+00,0.0000000000000000e+00,1.3877787807814457e-17,1.3877787807814457e-17
2.6499999999999997e-09,2.6500000000000000e+03,0.0000000000000000e+00,0.0000000000000000e+00,1.3877787807814457e-17,1.3877787807814457e-17
2.6510000000000000e-09,2.6510000000000000e+03,0.0000000000000000e+00,0.0000000000000000e+00,-1.3877787807814457e-17,-1.3877787807814457e-17
2.6519999999999999e-09,2.6520000000000000e+03,0.0000000000000000e+00,0.0000000000000000e+00,-2.0816681711721685e-17,-2.0816681711721685e-17
2.6529999999999998e-09,2.6530000000000000e+03,0.0000000000000000e+00,0.0000000000000000e+00,0.0000000000000000e+00,0.0000000000000000e+00
2.6540000000000001e-09,2.6540000000000000e+03,0.0000000000000000e+00,0.0000000000000000e+00,3.4694469519536142e-18,3.4694469519536142e-18
2.6550000000000000e-09,2.6550000000000000e+03,0.0000000000000000e+00,0.0000000000000000e+00,0.0000000000000000e+00,0.0000000000000000e+00
2.6559999999999999e-09,2.6560000000000000e+03,0.0000000000000000e+00,0.0000000000000000e+00,-2.0816681711721685e-17,-2.0816681711721685e-17
2.6569999999999998e-09,2.6570000000000000e+03,0.0000000000000000e+00,0.0000000000000000e+00,-6.2450045135165055e-17,-6.2450045135165055e-17
2.6580000000000001e-09,2.6580000000000000e+03,0.0000000000000000e+00,0.0000000000000000e+00,-5.8980598183211441e-17,-5.8980598183211441e-17
2.6590000000000000e-09,2.6590000000000000e+03,0.0000000000000000e+00,0.0000000000000000e+00,-7.9797279894933126e-17,-7.9797279894933126e-17
2.6599999999999999e-09,2.6600000000000000e+03,0.0000000000000000e+00,0.0000000000000000e+00,-7.6327832942979512e-17,-7.6327832942979512e-17
2.6609999999999998e-09,2.6610000000000000e+03,0.0000000000000000e+00,0.0000000000000000e+00,-5.3776427755281020e-17,-5.3776427755281020e-17
2.6620000000000001e-09,2.6620000000000000e+03,0.0000000000000000e+00,0.0000000000000000e+00,-5.8980598183211441e-17,-5.8980598183211441e-17
2.6630000000000000e-09,2.6630000000000000e+03,0.0000000000000000e+00,0.0000000000000000e+00,-7.1123662515049091e-17,-7.1123662515049091e-17
2.6639999999999999e-09,2.6640000000000000e+03,0.0000000000000000e+00,0.0000000000000000e+00,-6.5919492087118670e-17,-6.5919492087118670e-17
2.6649999999999998e-09,2.6650000000000000e+03,0.0000000000000000e+00,0.0000000000000000e+00,-4.7704895589362195e-17,-4.7704895589362195e-17
2.6660000000000001e-09,2.6660000000000000e+03,0.0000000000000000e+00,0.0000000000000000e+00,-1.8214596497756474e-17,-1.8214596497756474e-17
2.6670000000000000e-09,2.6670000000000000e+03,0.0000000000000000e+00,0.0000000000000000e+00,-1.1275702593849246e-17,-1.1275702593849246e-17
2.6679999999999999e-09,2.6680000000000000e+03,0.0000000000000000e+00,0.0000000000000000e+00,-3.7929488056539274e-17,-3.7929488056539274e-17
2.6689999999999998e-09,2.6690000000000000e+03,0.0000000000000000e+00,0.0000000000000000e+00,-2.0709892806898264e-17,-2.0709892806898264e-17
2.6700000000000001e-09,2.6700000000000000e+03,0.0000000000000000e+00,0.0000000000000000e+00,-1.4927310939001862e-17,-1.4927310939001862e-17
2.6710000000000000e-09,2.6710000000000000e+03,0.0000000000000000e+00,0.0000000000000000e+00,2.1267488684501749e-17,2.1267488684501749e-17
2.6719999999999999e-09,2.6720000000000000e+03,0.0000000000000000e+00,0.0000000000000000e+00,5.7701175672287691e-19,5.7701175672287691e-19
2.6729999999999998e-09,2.6730000000000000e+03,0.0000000000000000e+00,0.0000000000000000e+00,2.1793206049514176e-17,2.1793206049514176e-17
2.6740000000000001e-09,2.6740000000000000e+03,0.0000000000000000e+00,0.0000000000000000e+00,1.4120097984981629e-17,1.4120097984981629e-17
2.6750000000000000e-09,2.6750000000000000e+03,0.0000000000000000e+00,0.0000000000000000e+00,2.2664288698548910e-17,2.2664288698548910e-17
2.6759999999999999e-09,2.6760000000000000e+03,0.0000000000000000e+00,0.0000000000000000e+00,1.5239484916984835e-17,1.5239484916984835e-17
2.6769999999999998e-09,2.6770000000000000e+03,0.0000000000000000e+00,0.0000000000000000e+00,5.3746224141692563e-17,5.3746224141692563e-17
2.6780000000000001e-09,2.6780000000000000e+03,0.0000000000000000e+00,0.0000000000000000e+00,5.5185867909394560e-17,5.5185867909394560e-17
2.6790000000000000e-09,2.6790000000000000e+03,0.0000000000000000e+00,0.0000000000000000e+00,6.1979535036504127e-17,6.1979535036504127e-17
2.6799999999999998e-09,2.6800000000000000e+03,0.0000000000000000e+00,0.0000000000000000e+00,5.0210635672798046e-17,5.0210635672798046e-17
2.6810000000000002e-09,2.6810000000000000e+03,0.0000000000000000e+00,0.0000000000000000e+00,4.1543513505134224e-17,4.1543513505134224e-17
2.6820000000000000e-09,2.6820000000000000e+03,0.0000000000000000e+00,0.0000000000000000e+00,4.7902255410562745e-17,4.7902255410562745e-17
2.6829999999999999e-09,2.6830000000000000e+03,0.0000000000000000e+00,0.0000000000000000e+00,3.8692669393357255e-17,3.8692669393357255e-17
2.6839999999999998e-09,2.6840000000000000e+03,0.0000000000000000e+00,0.0000000000000000e+00,3.6513777403468297e-17,3.6513777403468297e-17
2.6850000000000001e-09,2.6850000000000000e+03,0.0000000000000000e+00,0.0000000000000000e+00,4.5967098945261171e-17,4.5967098945261171e-17
2.6860000000000000e-09,2.6860000000000000e+03,0.0000000000000000e+00,0.0000000000000000e+00,5.1714722071932759e-17,5.1714722071932759e-17
2.6869999999999999e-09,2.6870000000000000e+03,0.0000000000000000e+00,0.0000000000000000e+00,4.6942111794935358e-17,4.6942111794935358e-17
2.6879999999999998e-09,2.6880000000000000e+03,0.0000000000000000e+00,0.0000000000000000e+00,4.4044936601273249e-17,4.4044936601273249e-17
2.6890000000000001e-09,2.6890000000000000e+03,0.0000000000000000e+00,0.0000000000000000e+00,3.2374793277842290e-17,3.2374793277842290e-17
2.6900000000000000e-09,2.6900000000000000e+03,0.0000000000000000e+00,0.0000000000000000e+00,1.9232964029856538e-17,1.9232964029856538e-17
2.6909999999999999e-09,2.6910000000000000e+03,0.0000000000000000e+00,0.0000000000000000e+00,1.8240305100009538e-18,1.8240305100009538e-18
2.6919999999999998e-09,2.6920000000000000e+03,0.0000000000000000e+00,0.0000000000000000e+00,1.6562139509168524e-18,1.6562139509168524e-18
2.6930000000000001e-09,2.6930000000000000e+03,0.0000000000000000e+00,0.0000000000000000e+00,-2.1541112601311419e-17,-2.1541112601311419e-17
2.6940000000000000e-09,2.6940000000000000e+03,0.0000000000000000e+00,0.0000000000000000e+00,-2.1370612882475657e-17,-2.1370612882475657e-17
2.6949999999999999e-09,2.6950000000000000e+03,0.0000000000000000e+00,0.0000000000000000e+00,-1.9397905979791051e-17,-1.9397905979791051e-17
2.6959999999999998e-09,2.6960000000000000e+03,0.0000000000000000e+00,0.0000000000000000e+00,-2.0169865106761572e-17,-2.0169865106761572e-17
2.6970000000000001e-09,2.6970000000000000e+03,0.0000000000000000e+00,0.0000000000000000e+00,-1.6475307745302421e-17,-1.6475307745302421e-17
2.6980000000000000e-09,2.6980000000000000e+03,0.0000000000000000e+00,0.0000000000000000e+00,-3.5125906128899430e-18,-3.5125906128899430e-18
2.6989999999999999e-09,2.6990000000000000e+03,0.0000000000000000e+00,0.0000000000000000e+00,-9.4184877769434277e-18,-9.4184877769434277e-18
2.6999999999999998e-09,2.7000000000000000e+03,0.0000000000000000e+00,0.0000000000000000e+00,1.2352558178079931e-17,1.2352558178079931e-17
2.7010000000000001e-09,2.7010000000000000e+03,0.0000000000000000e+00,0.0000000000000000e+00,3.3953952680164613e-17,3.3953952680164613e-17
2.7020000000000000e-09,2.7020000000000000e+03,0.0000000000000000e+00,0.0000000000000000e+00,5.0585245088963849e-17,5.0585245088963849e-17
2.7029999999999999e-09,2.7030000000000000e+03,0.0000000000000000e+00,0.0000000000000000e+00,6.2011590465916861e-17,6.2011590465916861e-17
2.7039999999999998e-09,2.7040000000000000e+03,0.0000000000000000e+00,0.0000000000000000e+00,5.8135299586785132e-17,5.8135299586785132e-17
2.7050000000000001e-09,2.7050000000000000e+03,0.0000000000000000e+00,0.0000000000000000e+00,6.8690451494146046e-17,6.8690451494146046e-17
2.7060000000000000e-09,2.7060000000000000e+03,0.0000000000000000e+00,0.0000000000000000e+00,3.1425784920108119e-17,3.1425784920108119e-17
2.7069999999999999e-09,2.7070000000000000e+03,0.0000000000000000e+00,0.0000000000000000e+00,2.5154674415005404e-17,2.5154674415005404e-17
2.7079999999999997e-09,2.7080000000000000e+03,0.0000000000000000e+00,0.0000000000000000e+00,2.5213166609046763e-17,2.5213166609046763e-17
2.7090000000000001e-09,2.7090000000000000e+03,0.0000000000000000e+00,0.0000000000000000e+00,6.7716388579725116e-17,6.7716388579725116e-17
2.7099999999999999e-09,2.7100000000000000e+03,0.0000000000000000e+00,0.0000000000000000e+00,9.7071481746896912e-17,9.7071481746896912e-17
2.7109999999999998e-09,2.7110000000000000e+03,0.0000000000000000e+00,0.0000000000000000e+00,1.2518459515548750e-16,1.2518459515548750e-16
2.7120000000000001e-09,2.7120000000000000e+03,0.0000000000000000e+00,0.0000000000000000e+00,9.5675650414066153e-17,9.5675650414066153e-17
2.7130000000000000e-09,2.7130000000000000e+03,0.0000000000000000e+00,0.0000000000000000e+00,1.5100228425331002e-16,1.5100228425331002e-16
2.7139999999999999e-09,2.7140000000000000e+03,0.0000000000000000e+00,0.0000000000000000e+00,1.5683460309541563e-16,1.5683460309541563e-16
2.7149999999999998e-09,2.7150000000000000e+03,0.0000000000000000e+00,0.0000000000000000e+00,1.1221100181259760e-16,1.1221100181259760e-16
2.7160000000000001e-09,2.7160000000000000e+03,0.0000000000000000e+00,0.0000000000000000e+00,1.0262848176590335e-16,1.0262848176590335e-16
2.7170000000000000e-09,2.7170000000000000e+03,0.0000000000000000e+00,0.0000000000000000e+00,9.6420658883101174e-17,9.6420658883101174e-17
2.7179999999999999e-09,2.7180000000000000e+03,0.0000000000000000e+00,0.0000000000000000e+00,7.6088398459272018e-17,7.6088398459272018e-17
2.7189999999999998e-09,2.7190000000000000e+03,0.0000000000000000e+00,0.0000000000000000e+00,8.3177459390180535e-17,8.3177459390180535e-17
2.7200000000000001e-09,2.7200000000000000e+03,0.0000000000000000e+00,0.0000000000000000e+00,4.5538275684595679e-17,4.5538275684595679e-17
2.7210000000000000e-09,2.7210000000000000e+03,0.0000000000000000e+00,0.0000000000000000e+00,3.8687232401997873e-17,3.8687232401997873e-17
2.7219999999999999e-09,2.7220000000000000e+03,0.0000000000000000e+00,0.0000000000000000e+00,3.1681505157866429e-17,3.1681505157866429e-17
2.7229999999999998e-09,2.7230000000000000e+03,0.0000000000000000e+00,0.0000000000000000e+00,1.7629042377824677e-17,1.7629042377824677e-17
2.7240000000000001e-09,2.7240000000000000e+03,0.0000000000000000e+00,0.0000000000000000e+00,-1.2015928849644804e-18,-1.2015928849644804e-18
2.7250000000000000e-09,2.7250000000000000e+03,0.0000000000000000e+00,0.0000000000000000e+00,-5.5927672498679222e-18,-5.5927672498679222e-18
2.7259999999999999e-09,2.7260000000000000e+03,0.0000000000000000e+00,0.0000000000000000e+00,2.5708207878976691e-17,2.5708207878976691e-17
2.7269999999999998e-09,2.7270000000000000e+03,0.0000000000000000e+00,0.0000000000000000e+00,2.8701175026734768e-17,2.8701175026734768e-17
2.7280000000000001e-09,2.7280000000000000e+03,0.0000000000000000e+00,0.0000000000000000e+00,1.3373283790005404e-17,1.3373283790005404e-17
2.7290000000000000e-09,2.7290000000000000e+03,0.0000000000000000e+00,0.0000000000000000e+00,3.3623905610968938e-18,3.3623905610968938e-18
2.7299999999999999e-09,2.7300000000000000e+03,0.0000000000000000e+00,0.0000000000000000e+00,-7.7532265977686101e-18,-7.7532265977686101e-18
2.7309999999999998e-09,2.7310000000000000e+03,0.0000000000000000e+00,0.0000000000000000e+00,-3.7406854994462788e-17,-3.7406854994462788e-17
2.7320000000000001e-09,2.7320000000000000e+03,0.0000000000000000e+00,0.0000000000000000e+00,-2.3201534627686117e-17,-2.3201534627686117e-17
2.7330000000000000e-09,2.7330000000000000e+03,0.0000000000000000e+00,0.0000000000000000e+00,-4.0123581984301419e-17,-4.0123581984301419e-17
2.7339999999999999e-09,2.7340000000000000e+03,0.0000000000000000e+00,0.0000000000000000e+00,-3.4889571268171086e-17,-3.4889571268171086e-17
2.7349999999999998e-09,2.7350000000000000e+03,0.0000000000000000e+00,0.0000000000000000e+00,8.2125046219041364e-18,8.2125046219041364e-18
2.7360000000000001e-09,2.7360000000000000e+03,0.0000000000000000e+00,0.0000000000000000e+00,1.1576271256893747e-17,1.1576271256893747e-17
2.7370000000000000e-09,2.7370000000000000e+03,0.0000000000000000e+00,0.0000000000000000e+00,5.1893065940435279e-18,5.1893065940435279e-18
2.7379999999999999e-09,2.7380000000000000e+03,0.0000000000000000e+00,0.0000000000000000e+00,-1.5025735999304255e-17,-1.5025735999304255e-17
2.7389999999999997e-09,2.7390000000000000e+03,0.0000000000000000e+00,0.0000000000000000e+00,-2.9900262321425549e-17,-2.9900262321425549e-17
2.7400000000000001e-09,2.7400000000000000e+03,0.0000000000000000e+00,0.0000000000000000e+00,-3.9222648484551772e-17,-3.9222648484551772e-17
2.7409999999999999e-09,2.7410000000000000e+03,0.0000000000000000e+00,0.0000000000000000e+00,-4.9024474538581896e-17,-4.9024474538581896e-17
2.7419999999999998e-09,2.7420000000000000e+03,0.0000000000000000e+00,0.0000000000000000e+00,-4.9132832816035272e-17,-4.9132832816035272e-17
2.7430000000000001e-09,2.7430000000000000e+03,0.0000000000000000e+00,0.0000000000000000e+00,-4.3670604337570293e-17,-4.3670604337570293e-17
2.7440000000000000e-09,2.7440000000000000e+03,0.0000000000000000e+00,0.0000000000000000e+00,-5.8521898213919887e-17,-5.8521898213919887e-17
2.7449999999999999e-09,2.7450000000000000e+03,0.0000000000000000e+00,0.0000000000000000e+00,-1.6057252570633291e-17,-1.6057252570633291e-17
2.7459999999999998e-09,2.7460000000000000e+03,0.0000000000000000e+00,0.0000000000000000e+00,-1.4794376680154555e-17,-1.4794376680154555e-17
2.7470000000000001e-09,2.7470000000000000e+03,0.0000000000000000e+00,0.0000000000000000e+00,-2.0437931186199452e-18,-2.0437931186199452e-18
2.7480000000000000e-09,2.7480000000000000e+03,0.0000000000000000e+00,0.0000000000000000e+00,-1.9344134793015583e-17,-1.9344134793015583e-17
2.7489999999999999e-09,2.7490000000000000e+03,0.0000000000000000e+00,0.0000000000000000e+00,-1.0959388827857743e-17,-1.0959388827857743e-17
2.7499999999999998e-09,2.7500000000000000e+03,0.0000000000000000e+00,0.0000000000000000e+00,-2.3924131233400442e-17,-2.3924131233400442e-17
2.7510000000000001e-09,2.7510000000000000e+03,0.0000000000000000e+00,0.0000000000000000e+00,1.1299172960000249e-17,1.1299172960000249e-17
2.7520000000000000e-09,2.7520000000000000e+03,0.0000000000000000e+00,0.0000000000000000e+00,1.4580751990123431e-17,1.4580751990123431e-17
2.7529999999999999e-09,2.7530000000000000e+03,0.0000000000000000e+00,0.0000000000000000e+00,6.9687276596564587e-18,6.9687276596564587e-18
2.7539999999999998e-09,2.7540000000000000e+03,0.0000000000000000e+00,0.0000000000000000e+00,-1.2617492176273564e-17,-1.2617492176273564e-17
2.7550000000000001e-09,2.7550000000000000e+03,0.0000000000000000e+00,0.0000000000000000e+00,-8.9286925804820446e-18,-8.9286925804820446e-18
2.7560000000000000e-09,2.7560000000000000e+03,0.0000000000000000e+00,0.0000000000000000e+00,1.2246301400806366e-17,1.2246301400806366e-17
2.7569999999999999e-09,2.7570000000000000e+03,0.0000000000000000e+00,0.0000000000000000e+00,3.3716236540465336e-17,3.3716236540465336e-17
2.7579999999999998e-09,2.7580000000000000e+03,0.0000000000000000e+00,0.0000000000000000e+00,6.1375659274547035e-17,6.1375659274547035e-17
2.7590000000000001e-09,2.7590000000000000e+03,0.0000000000000000e+00,0.0000000000000000e+00,9.3169401020973147e-17,9.3169401020973147e-17
2.7600000000000000e-09,2.7600000000000000e+03,0.0000000000000000e+00,0.0000000000000000e+00,7.8562228967721302e-17,7.8562228967721302e-17
2.7609999999999999e-09,2.7610000000000000e+03,0.0000000000000000e+00,0.0000000000000000e+00,7.4377127575995544e-17,7.4377127575995544e-17
2.7619999999999998e-09,2.7620000000000000e+03,0.0000000000000000e+00,0.0000000000000000e+00,8.5510995638508283e-17,8.5510995638508283e-17
2.7630000000000001e-09,2.7630000000000000e+03,0.0000000000000000e+00,0.0000000000000000e+00,8.4992840208782511e-17,8.4992840208782511e-17
2.7640000000000000e-09,2.7640000000000000e+03,0.0000000000000000e+00,0.0000000000000000e+00,6.4336108990641143e-17,6.4336108990641143e-17
2.7649999999999999e-09,2.7650000000000000e+03,0.0000000000000000e+00,0.0000000000000000e+00,3.2187814158334081e-17,3.2187814158334081e-17
2.7659999999999998e-09,2.7660000000000000e+03,0.0000000000000000e+00,0.0000000000000000e+00,3.0519234585517258e-18,3.0519234585517258e-18
2.7670000000000001e-09,2.7670000000000000e+03,0.0000000000000000e+00,0.0000000000000000e+00,-1.0013785393489524e-17,-1.0013785393489524e-17
2.7680000000000000e-09,2.7680000000000000e+03,0.0000000000000000e+00,0.0000000000000000e+00,-7.9686436665648128e-18,-7.9686436665648128e-18
2.7689999999999998e-09,2.7690000000000000e+03,0.0000000000000000e+00,0.0000000000000000e+00,-1.1599112823106555e-19,-1.1599112823106555e-19
2.7699999999999997e-09,2.7700000000000000e+03,0.0000000000000000e+00,0.0000000000000000e+00,-1.4691181533461322e-17,-1.4691181533461322e-17
2.7710000000000000e-09,2.7710000000000000e+03,0.0000000000000000e+00,0.0000000000000000e+00,-3.1514792081925395e-17,-3.1514792081925395e-17
2.7719999999999999e-09,2.7720000000000000e+03,0.0000000000000000e+00,0.0000000000000000e+00,-3.0298391312351751e-17,-3.0298391312351751e-17
2.7729999999999998e-09,2.7730000000000000e+03,0.0000000000000000e+00,0.0000000000000000e+00,-2.9684453026908550e-17,-2.9684453026908550e-17
2.7740000000000001e-09,2.7740000000000000e+03,0.0000000000000000e+00,0.0000000000000000e+00,-7.4678633065539837e-19,-7.4678633065539837e-19
2.7750000000000000e-09,2.7750000000000000e+03,0.0000000000000000e+00,0.0000000000000000e+00,3.7626652918739198e-18,3.7626652918739198e-18
2.7759999999999999e-09,2.7760000000000000e+03,0.0000000000000000e+00,0.0000000000000000e+00,-3.9689896742745291e-17,-3.9689896742745291e-17
2.7769999999999998e-09,2.7770000000000000e+03,0.0000000000000000e+00,0.0000000000000000e+00,-2.3764994828654620e-17,-2.3764994828654620e-17
2.7780000000000001e-09,2.7780000000000000e+03,0.0000000000000000e+00,0.0000000000000000e+00,-3.1032144609575005e-17,-3.1032144609575005e-17
2.7790000000000000e-09,2.7790000000000000e+03,0.0000000000000000e+00,0.0000000000000000e+00,-2.8433250203338926e-17,-2.8433250203338926e-17
2.7799999999999999e-09,2.7800000000000000e+03,0.0000000000000000e+00,0.0000000000000000e+00,-2.8799413022694603e-17,-2.8799413022694603e-17
2.7809999999999998e-09,2.7810000000000000e+03,0.0000000000000000e+00,0.0000000000000000e+00,-9.7433468833650753e-18,-9.7433468833650753e-18
2.7820000000000001e-09,2.7820000000000000e+03,0.0000000000000000e+00,0.0000000000000000e+00,-2.4749539452625187e-17,-2.4749539452625187e-17
2.7830000000000000e-09,2.7830000000000000e+03,0.0000000000000000e+00,0.0000000000000000e+00,1.6599977717830632e-17,1.6599977717830632e-17
2.7839999999999999e-09,2.7840000000000000e+03,0.0000000000000000e+00,0.0000000000000000e+00,3.7124971465865625e-18,3.7124971465865625e-18
2.7849999999999998e-09,2.7850000000000000e+03,0.0000000000000000e+00,0.0000000000000000e+00,1.4208015303166383e-17,1.4208015303166383e-17
2.7860000000000001e-09,2.7860000000000000e+03,0.0000000000000000e+00,0.0000000000000000e+00,4.1211355113043341e-17,4.1211355113043341e-17
2.7870000000000000e-09,2.7870000000000000e+03,0.0000000000000000e+00,0.0000000000000000e+00,6.3612187035552608e-17,6.3612187035552608e-17
2.7879999999999999e-09,2.7880000000000000e+03,0.0000000000000000e+00,0.0000000000000000e+00,5.0837756816741797e-17,5.0837756816741797e-17
2.7889999999999998e-09,2.7890000000000000e+03,0.0000000000000000e+00,0.0000000000000000e+00,4.1905933568268146e-17,4.1905933568268146e-17
2.7900000000000001e-09,2.7900000000000000e+03,0.0000000000000000e+00,0.0000000000000000e+00,5.8501508873562724e-17,5.8501508873562724e-17
2.7910000000000000e-09,2.7910000000000000e+03,0.0000000000000000e+00,0.0000000000000000e+00,7.0496478480423332e-17,7.0496478480423332e-17
2.7919999999999999e-09,2.7920000000000000e+03,0.0000000000000000e+00,0.0000000000000000e+00,6.2445256517926339e-17,6.2445256517926339e-17
2.7929999999999998e-09,2.7930000000000000e+03,0.0000000000000000e+00,0.0000000000000000e+00,7.5419589902016500e-17,7.5419589902016500e-17
2.7940000000000001e-09,2.7940000000000000e+03,0.0000000000000000e+00,0.0000000000000000e+00,6.5673668330284036e-17,6.5673668330284036e-17
2.7950000000000000e-09,2.7950000000000000e+03,0.0000000000000000e+00,0.0000000000000000e+00,7.0545712149356187e-17,7.0545712149356187e-17
2.7959999999999999e-09,2.7960000000000000e+03,0.0000000000000000e+00,0.0000000000000000e+00,6.3119513061521243e-17,6.3119513061521243e-17
2.7969999999999998e-09,2.7970000000000000e+03,0.0000000000000000e+00,0.0000000000000000e+00,4.9967183341614681e-17,4.9967183341614681e-17
2.7980000000000001e-09,2.7980000000000000e+03,0.0000000000000000e+00,0.0000000000000000e+00,6.4757787575760298e-17,6.4757787575760298e-17
2.7990000000000000e-09,2.7990000000000000e+03,0.0000000000000000e+00,0.0000000000000000e+00,7.7615829212286607e-17,7.7615829212286607e-17
2.7999999999999998e-09,2.8000000000000000e+03,0.0000000000000000e+00,0.0000000000000000e+00,6.1460833259657511e-17,6.1460833259657511e-17
2.8010000000000002e-09,2.8010000000000000e+03,0.0000000000000000e+00,0.0000000000000000e+00,3.6312595401298886e-17,3.6312595401298886e-17
2.8020000000000000e-09,2.8020000000000000e+03,0.0000000000000000e+00,0.0000000000000000e+00,3.9102069125850239e-17,3.9102069125850239e-17
2.8029999999999999e-09,2.8030000000000000e+03,0.0000000000000000e+00,0.0000000000000000e+00,1.6291630691287900e-17,1.6291630691287900e-17
2.8039999999999998e-09,2.8040000000000000e+03,0.0000000000000000e+00,0.0000000000000000e+00,2.4215980694216996e-17,2.4215980694216996e-17
2.8050000000000001e-09,2.8050000000000000e+03,0.0000000000000000e+00,0.0000000000000000e+00,1.4361861192645385e-17,1.4361861192645385e-17
2.8060000000000000e-09,2.8060000000000000e+03,0.0000000000000000e+00,0.0000000000000000e+00,1.1131621394422318e-17,1.1131621394422318e-17
2.8069999999999999e-09,2.8070000000000000e+03,0.0000000000000000e+00,0.0000000000000000e+00,-1.0388884351970670e-17,-1.0388884351970670e-17
2.8079999999999998e-09,2.8080000000000000e+03,0.0000000000000000e+00,0.0000000000000000e+00,-3.6471039206736550e-18,-3.6471039206736550e-18
2.8090000000000001e-09,2.8090000000000000e+03,0.0000000000000000e+00,0.0000000000000000e+00,-3.3899118522488218e-18,-3.3899118522488218e-18
2.8100000000000000e-09,2.8100000000000000e+03,0.0000000000000000e+00,0.0000000000000000e+00,-1.2246597410488195e-17,-1.2246597410488195e-17
2.8109999999999999e-09,2.8110000000000000e+03,0.0000000000000000e+00,0.0000000000000000e+00,-9.0510103149706156e-18,-9.0510103149706156e-18
2.8119999999999998e-09,2.8120000000000000e+03,0.0000000000000000e+00,0.0000000000000000e+00,-1.3406055118001361e-17,-1.3406055118001361e-17
2.8130000000000001e-09,2.8130000000000000e+03,0.0000000000000000e+00,0.0000000000000000e+00,-5.8343881545017690e-17,-5.8343881545017690e-17
2.8140000000000000e-09,2.8140000000000000e+03,0.0000000000000000e+00,0.0000000000000000e+00,-2.9910445401653949e-17,-2.9910445401653949e-17
2.8149999999999999e-09,2.8150000000000000e+03,0.0000000000000000e+00,0.0000000000000000e+00,-3.6258893422914743e-17,-3.6258893422914743e-17
2.8159999999999998e-09,2.8160000000000000e+03,0.0000000000000000e+00,0.0000000000000000e+00,-3.9993445403579334e-17,-3.9993445403579334e-17
2.8170000000000001e-09,2.8170000000000000e+03,0.0000000000000000e+00,0.0000000000000000e+00,-4.6630573473655715e-17,-4.6630573473655715e-17
2.8180000000000000e-09,2.8180000000000000e+03,0.0000000000000000e+00,0.0000000000000000e+00,-3.7053529852983825e-17,-3.7053529852983825e-17
2.8189999999999999e-09,2.8190000000000000e+03,0.0000000000000000e+00,0.0000000000000000e+00,-3.9903547152265658e-17,-3.9903547152265658e-17
2.8199999999999998e-09,2.8200000000000000e+03,0.0000000000000000e+00,0.0000000000000000e+00,-1.5187785957708470e-17,-1.5187785957708470e-17
2.8210000000000001e-09,2.8210000000000000e+03,0.0000000000000000e+00,0.0000000000000000e+00,-1.0728883164754191e-17,-1.0728883164754191e-17
2.8220000000000000e-09,2.8220000000000000e+03,0.0000000000000000e+00,0.0000000000000000e+00,9.5381413078831300e-18,9.5381413078831300e-18
2.8229999999999999e-09,2.8230000000000000e+03,0.0000000000000000e+00,0.0000000000000000e+00,1.6770682234549834e-17,1.6770682234549834e-17
2.8239999999999998e-09,2.8240000000000000e+03,0.0000000000000000e+00,0.0000000000000000e+00,-4.7359011065058263e-18,-4.7359011065058263e-18
2.8250000000000001e-09,2.8250000000000000e+03,0.0000000000000000e+00,0.0000000000000000e+00,1.8165046845038526e-18,1.8165046845038526e-18
2.8260000000000000e-09,2.8260000000000000e+03,0.0000000000000000e+00,0.0000000000000000e+00,2.0757532736000726e-17,2.0757532736000726e-17
2.8269999999999999e-09,2.8270000000000000e+03,0.0000000000000000e+00,0.0000000000000000e+00,2.2644436217717189e-17,2.2644436217717189e-17
2.8279999999999997e-09,2.8280000000000000e+03,0.0000000000000000e+00,0.0000000000000000e+00,-1.9840384355972377e-17,-1.9840384355972377e-17
2.8290000000000001e-09,2.8290000000000000e+03,0.0000000000000000e+00,0.0000000000000000e+00,-2.6438324875801943e-17,-2.6438324875801943e-17
2.8299999999999999e-09,2.8300000000000000e+03,0.0000000000000000e+00,0.0000000000000000e+00,-2.3081896482057257e-17,-2.3081896482057257e-17
2.8309999999999998e-09,2.8310000000000000e+03,0.0000000000000000e+00,0.0000000000000000e+00,-2.7206971217918422e-17,-2.7206971217918422e-17
2.8320000000000001e-09,2.8320000000000000e+03,0.0000000000000000e+00,0.0000000000000000e+00,-2.5144645865083979e-17,-2.5144645865083979e-17
2.8330000000000000e-09,2.8330000000000000e+03,0.0000000000000000e+00,0.0000000000000000e+00,9.7081492591690761e-18,9.7081492591690761e-18
2.8339999999999999e-09,2.8340000000000000e+03,0.0000000000000000e+00,0.0000000000000000e+00,5.5846192106964789e-18,5.5846192106964789e-18
2.8349999999999998e-09,2.8350000000000000e+03,0.0000000000000000e+00,0.0000000000000000e+00,-1.2967085303914613e-17,-1.2967085303914613e-17
2.8360000000000001e-09,2.8360000000000000e+03,0.0000000000000000e+00,0.0000000000000000e+00,-4.8397935001743093e-18,-4.8397935001743093e-18
2.8370000000000000e-09,2.8370000000000000e+03,0.0000000000000000e+00,0.0000000000000000e+00,-6.0233588921362873e-18,-6.0233588921362873e-18
2.8379999999999999e-09,2.8380000000000000e+03,0.0000000000000000e+00,0.0000000000000000e+00,5.2086798858149705e-18,5.2086798858149705e-18
2.8389999999999998e-09,2.8390000000000000e+03,0.0000000000000000e+00,0.0000000000000000e+00,2.3647219977250683e-18,2.3647219977250683e-18
2.8400000000000001e-09,2.8400000000000000e+03,0.0000000000000000e+00,0.0000000000000000e+00,-9.4040802746223517e-18,-9.4040802746223517e-18
2.8410000000000000e-09,2.8410000000000000e+03,0.0000000000000000e+00,0.0000000000000000e+00,-8.6430111506758659e-18,-8.6430111506758659e-18
2.8419999999999999e-09,2.8420000000000000e+03,0.0000000000000000e+00,0.0000000000000000e+00,-8.2447000846210359e-18,-8.2447000846210359e-18
2.8429999999999998e-09,2.8430000000000000e+03,0.0000000000000000e+00,0.0000000000000000e+00,2.7256097217588266e-17,2.7256097217588266e-17
2.8440000000000001e-09,2.8440000000000000e+03,0.0000000000000000e+00,0.0000000000000000e+00,2.2660469591703526e-17,2.2660469591703526e-17
2.8450000000000000e-09,2.8450000000000000e+03,0.0000000000000000e+00,0.0000000000000000e+00,6.6701670986503542e-18,6.6701670986503542e-18
2.8459999999999999e-09,2.8460000000000000e+03,0.0000000000000000e+00,0.0000000000000000e+00,2.2083753925006575e-17,2.2083753925006575e-17
2.8469999999999998e-09,2.8470000000000000e+03,0.0000000000000000e+00,0.0000000000000000e+00,2.4116075024359407e-17,2.4116075024359407e-17
2.8480000000000001e-09,2.8480000000000000e+03,0.0000000000000000e+00,0.0000000000000000e+00,3.7109252644219143e-17,3.7109252644219143e-17
2.8490000000000000e-09,2.8490000000000000e+03,0.0000000000000000e+00,0.0000000000000000e+00,1.7647405585833296e-17,1.7647405585833296e-17
2.8499999999999999e-09,2.8500000000000000e+03,0.0000000000000000e+00,0.0000000000000000e+00,2.8841236332035300e-17,2.8841236332035300e-17
2.8509999999999998e-09,2.8510000000000000e+03,0.0000000000000000e+00,0.0000000000000000e+00,3.0283435945212699e-17,3.0283435945212699e-17
2.8520000000000001e-09,2.8520000000000000e+03,0.0000000000000000e+00,0.0000000000000000e+00,9.7541418479982447e-18,9.7541418479982447e-18
2.8530000000000000e-09,2.8530000000000000e+03,0.0000000000000000e+00,0.0000000000000000e+00,-1.3651133849086037e-17,-1.3651133849086037e-17
2.8539999999999999e-09,2.8540000000000000e+03,0.0000000000000000e+00,0.0000000000000000e+00,-1.2950020467636950e-17,-1.2950020467636950e-17
2.8549999999999998e-09,2.8550000000000000e+03,0.0000000000000000e+00,0.0000000000000000e+00,1.8012769521188297e-17,1.8012769521188297e-17
2.8560000000000001e-09,2.8560000000000000e+03,0.0000000000000000e+00,0.0000000000000000e+00,-2.7282183635368903e-18,-2.7282183635368903e-18
2.8570000000000000e-09,2.8570000000000000e+03,0.0000000000000000e+00,0.0000000000000000e+00,-1.6940102315624875e-17,-1.6940102315624875e-17
2.8579999999999999e-09,2.8580000000000000e+03,0.0000000000000000e+00,0.0000000000000000e+00,-1.2827924497511676e-17,-1.2827924497511676e-17
2.8589999999999997e-09,2.8590000000000000e+03,0.0000000000000000e+00,0.0000000000000000e+00,-2.9998694309619425e-17,-2.9998694309619425e-17
2.8600000000000000e-09,2.8600000000000000e+03,0.0000000000000000e+00,0.0000000000000000e+00,-2.7505814230417143e-17,-2.7505814230417143e-17
2.8609999999999999e-09,2.8610000000000000e+03,0.0000000000000000e+00,0.0000000000000000e+00,-3.0412043775811171e-17,-3.0412043775811171e-17
2.8619999999999998e-09,2.8620000000000000e+03,0.0000000000000000e+00,0.0000000000000000e+00,-3.3706021297343270e-17,-3.3706021297343270e-17
2.8630000000000001e-09,2.8630000000000000e+03,0.0000000000000000e+00,0.0000000000000000e+00,-3.2719679243296770e-17,-3.2719679243296770e-17
2.8640000000000000e-09,2.8640000000000000e+03,0.0000000000000000e+00,0.0000000000000000e+00,-4.7900487517431014e-17,-4.7900487517431014e-17
2.8649999999999999e-09,2.8650000000000000e+03,0.0000000000000000e+00,0.0000000000000000e+00,-6.3436946326994694e-17,-6.3436946326994694e-17
2.8659999999999998e-09,2.8660000000000000e+03,0.0000000000000000e+00,0.0000000000000000e+00,-5.7204024534891986e-17,-5.7204024534891986e-17
2.8670000000000001e-09,2.8670000000000000e+03,0.0000000000000000e+00,0.0000000000000000e+00,-2.6775235372687297e-17,-2.6775235372687297e-17
2.8680000000000000e-09,2.8680000000000000e+03,0.0000000000000000e+00,0.0000000000000000e+00,-4.6852158624608716e-17,-4.6852158624608716e-17
2.8689999999999999e-09,2.8690000000000000e+03,0.0000000000000000e+00,0.0000000000000000e+00,-3.7411732569726180e-17,-3.7411732569726180e-17
2.8699999999999998e-09,2.8700000000000000e+03,0.0000000000000000e+00,0.0000000000000000e+00,-4.1144706239491083e-17,-4.1144706239491083e-17
2.8710000000000001e-09,2.8710000000000000e+03,0.0000000000000000e+00,0.0000000000000000e+00,-2.7673581617052968e-17,-2.7673581617052968e-17
2.8720000000000000e-09,2.8720000000000000e+03,0.0000000000000000e+00,0.0000000000000000e+00,-2.0583218742156716e-17,-2.0583218742156716e-17
2.8729999999999999e-09,2.8730000000000000e+03,0.0000000000000000e+00,0.0000000000000000e+00,-3.2441610880493062e-17,-3.2441610880493062e-17
2.8739999999999998e-09,2.8740000000000000e+03,0.0000000000000000e+00,0.0000000000000000e+00,-4.3622239196989726e-17,-4.3622239196989726e-17
2.8750000000000001e-09,2.8750000000000000e+03,0.0000000000000000e+00,0.0000000000000000e+00,-4.9070687270976214e-17,-4.9070687270976214e-17
2.8760000000000000e-09,2.8760000000000000e+03,0.0000000000000000e+00,0.0000000000000000e+00,-5.3946597323539368e-17,-5.3946597323539368e-17
2.8769999999999999e-09,2.8770000000000000e+03,0.0000000000000000e+00,0.0000000000000000e+00,-7.4154499574173239e-17,-7.4154499574173239e-17
2.8779999999999998e-09,2.8780000000000000e+03,0.0000000000000000e+00,0.0000000000000000e+00,-5.4823944772992765e-17,-5.4823944772992765e-17
2.8790000000000001e-09,2.8790000000000000e+03,0.0000000000000000e+00,0.0000000000000000e+00,-3.1115903352680972e-17,-3.1115903352680972e-17
2.8800000000000000e-09,2.8800000000000000e+03,0.0000000000000000e+00,0.0000000000000000e+00,-4.2895413704340858e-17,-4.2895413704340858e-17
2.8809999999999999e-09,2.8810000000000000e+03,0.0000000000000000e+00,0.0000000000000000e+00,-5.7549252219372426e-17,-5.7549252219372426e-17
2.8819999999999998e-09,2.8820000000000000e+03,0.0000000000000000e+00,0.0000000000000000e+00,-5.6388504326202014e-17,-5.6388504326202014e-17
2.8830000000000001e-09,2.8830000000000000e+03,0.0000000000000000e+00,0.0000000000000000e+00,-6.3379196799451287e-17,-6.3379196799451287e-17
2.8840000000000000e-09,2.8840000000000000e+03,0.0000000000000000e+00,0.0000000000000000e+00,-3.7915028552753124e-17,-3.7915028552753124e-17
2.8849999999999999e-09,2.8850000000000000e+03,0.0000000000000000e+00,0.0000000000000000e+00,-3.5920217548419393e-17,-3.5920217548419393e-17
2.8859999999999998e-09,2.8860000000000000e+03,0.0000000000000000e+00,0.0000000000000000e+00,-5.1874877446736705e-17,-5.1874877446736705e-17
2.8870000000000001e-09,2.8870000000000000e+03,0.0000000000000000e+00,0.0000000000000000e+00,-7.3292169989824343e-17,-7.3292169989824343e-17
2.8880000000000000e-09,2.8880000000000000e+03,0.0000000000000000e+00,0.0000000000000000e+00,-5.8379368538697088e-17,-5.8379368538697088e-17
2.8889999999999998e-09,2.8890000000000000e+03,0.0000000000000000e+00,0.0000000000000000e+00,-8.0987443043113110e-17,-8.0987443043113110e-17
2.8899999999999997e-09,2.8900000000000000e+03,0.0000000000000000e+00,0.0000000000000000e+00,-5.8703675626830664e-17,-5.8703675626830664e-17
2.8910000000000000e-09,2.8910000000000000e+03,0.0000000000000000e+00,0.0000000000000000e+00,-4.6895174522166108e-17,-4.6895174522166108e-17
2.8919999999999999e-09,2.8920000000000000e+03,0.0000000000000000e+00,0.0000000000000000e+00,-4.5551091365500178e-17,-4.5551091365500178e-17
2.8929999999999998e-09,2.8930000000000000e+03,0.0000000000000000e+00,0.0000000000000000e+00,-5.9012128762389660e-17,-5.9012128762389660e-17
2.8940000000000001e-09,2.8940000000000000e+03,0.0000000000000000e+00,0.0000000000000000e+00,-4.6325227076701141e-17,-4.6325227076701141e-17
2.8950000000000000e-09,2.8950000000000000e+03,0.0000000000000000e+00,0.0000000000000000e+00,-3.4723173213510966e-17,-3.4723173213510966e-17
2.8959999999999999e-09,2.8960000000000000e+03,0.0000000000000000e+00,0.0000000000000000e+00,-4.7845294987173966e-18,-4.7845294987173966e-18
2.8969999999999998e-09,2.8970000000000000e+03,0.0000000000000000e+00,0.0000000000000000e+00,-2.9387167454083969e-17,-2.9387167454083969e-17
2.8980000000000001e-09,2.8980000000000000e+03,0.0000000000000000e+00,0.0000000000000000e+00,-6.1301973318086360e-17,-6.1301973318086360e-17
2.8990000000000000e-09,2.8990000000000000e+03,0.0000000000000000e+00,0.0000000000000000e+00,-6.5565147029931367e-17,-6.5565147029931367e-17
2.8999999999999999e-09,2.9000000000000000e+03,0.0000000000000000e+00,0.0000000000000000e+00,-6.2836195762455558e-17,-6.2836195762455558e-17
2.9009999999999998e-09,2.9010000000000000e+03,0.0000000000000000e+00,0.0000000000000000e+00,-4.2583772418929386e-17,-4.2583772418929386e-17
2.9020000000000001e-09,2.9020000000000000e+03,0.0000000000000000e+00,0.0000000000000000e+00,-3.3409729590362235e-17,-3.3409729590362235e-17
2.9030000000000000e-09,2.9030000000000000e+03,0.0000000000000000e+00,0.0000000000000000e+00,-5.1924938992217454e-17,-5.1924938992217454e-17
2.9039999999999999e-09,2.9040000000000000e+03,0.0000000000000000e+00,0.0000000000000000e+00,-4.5460636235012912e-17,-4.5460636235012912e-17
2.9049999999999998e-09,2.9050000000000000e+03,0.0000000000000000e+00,0.0000000000000000e+00,-6.3774838581823868e-17,-6.3774838581823868e-17
2.9060000000000001e-09,2.9060000000000000e+03,0.0000000000000000e+00,0.0000000000000000e+00,-4.2333803916384269e-17,-4.2333803916384269e-17
2.9070000000000000e-09,2.9070000000000000e+03,0.0000000000000000e+00,0.0000000000000000e+00,-8.2739734079119562e-18,-8.2739734079119562e-18
2.9079999999999999e-09,2.9080000000000000e+03,0.0000000000000000e+00,0.0000000000000000e+00,-3.5177924845886596e-17,-3.5177924845886596e-17
2.9089999999999998e-09,2.9090000000000000e+03,0.0000000000000000e+00,0.0000000000000000e+00,-4.5894023624083829e-17,-4.5894023624083829e-17
2.9100000000000001e-09,2.9100000000000000e+03,0.0000000000000000e+00,0.0000000000000000e+00,-4.8034266851749887e-17,-4.8034266851749887e-17
2.9110000000000000e-09,2.9110000000000000e+03,0.0000000000000000e+00,0.0000000000000000e+00,-1.0683785475094957e-16,-1.0683785475094957e-16
2.9119999999999999e-09,2.9120000000000000e+03,0.0000000000000000e+00,0.0000000000000000e+00,-6.0385366027577132e-17,-6.0385366027577132e-17
2.9129999999999998e-09,2.9130000000000000e+03,0.0000000000000000e+00,0.0000000000000000e+00,-3.4922906321741553e-17,-3.4922906321741553e-17
2.9140000000000001e-09,2.9140000000000000e+03,0.0000000000000000e+00,0.0000000000000000e+00,-9.5168353954910369e-17,-9.5168353954910369e-17
2.9150000000000000e-09,2.9150000000000000e+03,0.0000000000000000e+00,0.0000000000000000e+00,-8.6133160550686447e-17,-8.6133160550686447e-17
2.9159999999999999e-09,2.9160000000000000e+03,0.0000000000000000e+00,0.0000000000000000e+00,-1.0080610283266917e-16,-1.0080610283266917e-16
2.9169999999999997e-09,2.9170000000000000e+03,0.0000000000000000e+00,0.0000000000000000e+00,-4.0525412256568127e-17,-4.0525412256568127e-17
2.9180000000000001e-09,2.9180000000000000e+03,0.0000000000000000e+00,0.0000000000000000e+00,-6.9583260176609988e-17,-6.9583260176609988e-17
2.9189999999999999e-09,2.9190000000000000e+03,0.0000000000000000e+00,0.0000000000000000e+00,-7.0810059007226550e-17,-7.0810059007226550e-17
2.9199999999999998e-09,2.9200000000000000e+03,0.0000000000000000e+00,0.0000000000000000e+00,-5.4742172856077324e-17,-5.4742172856077324e-17
2.9209999999999997e-09,2.9210000000000000e+03,0.0000000000000000e+00,0.0000000000000000e+00,-6.7244473478476164e-17,-6.7244473478476164e-17
2.9220000000000000e-09,2.9220000000000000e+03,0.0000000000000000e+00,0.0000000000000000e+00,-5.5139540432980868e-17,-5.5139540432980868e-17
2.9229999999999999e-09,2.9230000000000000e+03,0.0000000000000000e+00,0.0000000000000000e+00,-1.8372901855598205e-17,-1.8372901855598205e-17
2.9239999999999998e-09,2.9240000000000000e+03,0.0000000000000000e+00,0.0000000000000000e+00,-2.8875751948904090e-17,-2.8875751948904090e-17
2.9250000000000001e-09,2.9250000000000000e+03,0.0000000000000000e+00,0.0000000000000000e+00,-8.1977750123325455e-18,-8.1977750123325455e-18
2.9260000000000000e-09,2.9260000000000000e+03,0.0000000000000000e+00,0.0000000000000000e+00,-1.8244709686329831e-17,-1.8244709686329831e-17
2.9269999999999999e-09,2.9270000000000000e+03,0.0000000000000000e+00,0.0000000000000000e+00,-2.6822843098198654e-17,-2.6822843098198654e-17
2.9279999999999998e-09,2.9280000000000000e+03,0.0000000000000000e+00,0.0000000000000000e+00,2.3902766868855124e-17,2.3902766868855124e-17
2.9290000000000001e-09,2.9290000000000000e+03,0.0000000000000000e+00,0.0000000000000000e+00,1.3972854944153984e-17,1.3972854944153984e-17
2.9300000000000000e-09,2.9300000000000000e+03,0.0000000000000000e+00,0.0000000000000000e+00,2.0901242272488342e-17,2.0901242272488342e-17
2.9309999999999999e-09,2.9310000000000000e+03,0.0000000000000000e+00,0.0000000000000000e+00,6.5644299234682237e-17,6.5644299234682237e-17
2.9319999999999998e-09,2.9320000000000000e+03,0.0000000000000000e+00,0.0000000000000000e+00,2.3979956942900794e-17,2.3979956942900794e-17
2.9330000000000001e-09,2.9330000000000000e+03,0.0000000000000000e+00,0.0000000000000000e+00,5.3632347588955750e-18,5.3632347588955750e-18
2.9340000000000000e-09,2.9340000000000000e+03,0.0000000000000000e+00,0.0000000000000000e+00,5.8808729539830583e-17,5.8808729539830583e-17
2.9349999999999999e-09,2.9350000000000000e+03,0.0000000000000000e+00,0.0000000000000000e+00,5.0185565507309126e-17,5.0185565507309126e-17
2.9359999999999998e-09,2.9360000000000000e+03,0.0000000000000000e+00,0.0000000000000000e+00,4.9700372202471668e-17,4.9700372202471668e-17
2.9370000000000001e-09,2.9370000000000000e+03,0.0000000000000000e+00,0.0000000000000000e+00,2.8339321390931625e-18,2.8339321390931625e-18
2.9380000000000000e-09,2.9380000000000000e+03,0.0000000000000000e+00,0.0000000000000000e+00,2.4843767774891996e-17,2.4843767774891996e-17
2.9389999999999999e-09,2.9390000000000000e+03,0.0000000000000000e+00,0.0000000000000000e+00,3.3598523499390897e-17,3.3598523499390897e-17
2.9399999999999998e-09,2.9400000000000000e+03,0.0000000000000000e+00,0.0000000000000000e+00,2.6039503966909099e-17,2.6039503966909099e-17
2.9410000000000001e-09,2.9410000000000000e+03,0.0000000000000000e+00,0.0000000000000000e+00,1.9802979690169005e-18,1.9802979690169005e-18
2.9420000000000000e-09,2.9420000000000000e+03,0.0000000000000000e+00,0.0000000000000000e+00,-1.5585894344128881e-17,-1.5585894344128881e-17
2.9429999999999999e-09,2.9430000000000000e+03,0.0000000000000000e+00,0.0000000000000000e+00,-4.0943008257141258e-17,-4.0943008257141258e-17
2.9439999999999998e-09,2.9440000000000000e+03,0.0000000000000000e+00,0.0000000000000000e+00,-2.5393199036948288e-17,-2.5393199036948288e-17
2.9450000000000001e-09,2.9450000000000000e+03,0.0000000000000000e+00,0.0000000000000000e+00,-4.3186779471641753e-17,-4.3186779471641753e-17
2.9460000000000000e-09,2.9460000000000000e+03,0.0000000000000000e+00,0.0000000000000000e+00,-2.8152439304259876e-17,-2.8152439304259876e-17
2.9469999999999999e-09,2.9470000000000000e+03,0.0000000000000000e+00,0.0000000000000000e+00,-3.8261923181141453e-17,-3.8261923181141453e-17
2.9479999999999997e-09,2.9480000000000000e+03,0.0000000000000000e+00,0.0000000000000000e+00,-4.1359511386981558e-17,-4.1359511386981558e-17
2.9490000000000001e-09,2.9490000000000000e+03,0.0000000000000000e+00,0.0000000000000000e+00,-3.8107919873201034e-17,-3.8107919873201034e-17
2.9499999999999999e-09,2.9500000000000000e+03,0.0000000000000000e+00,0.0000000000000000e+00,-2.6416593570394210e-17,-2.6416593570394210e-17
2.9509999999999998e-09,2.9510000000000000e+03,0.0000000000000000e+00,0.0000000000000000e+00,-3.5568061629861408e-17,-3.5568061629861408e-17
2.9520000000000001e-09,2.9520000000000000e+03,0.0000000000000000e+00,0.0000000000000000e+00,-3.4828921735680656e-17,-3.4828921735680656e-17
2.9530000000000000e-09,2.9530000000000000e+03,0.0000000000000000e+00,0.0000000000000000e+00,-3.0361269672704872e-17,-3.0361269672704872e-17
2.9539999999999999e-09,2.9540000000000000e+03,0.0000000000000000e+00,0.0000000000000000e+00,-1.2619535613398396e-17,-1.2619535613398396e-17
2.9549999999999998e-09,2.9550000000000000e+03,0.0000000000000000e+00,0.0000000000000000e+00,-8.0886417198608553e-18,-8.0886417198608553e-18
2.9560000000000001e-09,2.9560000000000000e+03,0.0000000000000000e+00,0.0000000000000000e+00,-1.8243099349876975e-17,-1.8243099349876975e-17
2.9570000000000000e-09,2.9570000000000000e+03,0.0000000000000000e+00,0.0000000000000000e+00,-6.8466629145248936e-18,-6.8466629145248936e-18
2.9579999999999999e-09,2.9580000000000000e+03,0.0000000000000000e+00,0.0000000000000000e+00,-1.2613121604284953e-17,-1.2613121604284953e-17
2.9589999999999998e-09,2.9590000000000000e+03,0.0000000000000000e+00,0.0000000000000000e+00,-2.0383916096493697e-17,-2.0383916096493697e-17
2.9600000000000001e-09,2.9600000000000000e+03,0.0000000000000000e+00,0.0000000000000000e+00,-1.3087516331103422e-17,-1.3087516331103422e-17
2.9610000000000000e-09,2.9610000000000000e+03,0.0000000000000000e+00,0.0000000000000000e+00,-3.1525525869261124e-17,-3.1525525869261124e-17
2.9619999999999999e-09,2.9620000000000000e+03,0.0000000000000000e+00,0.0000000000000000e+00,-1.3557918613098657e-17,-1.3557918613098657e-17
2.9629999999999998e-09,2.9630000000000000e+03,0.0000000000000000e+00,0.0000000000000000e+00,-1.9050364546835505e-17,-1.9050364546835505e-17
2.9640000000000001e-09,2.9640000000000000e+03,0.0000000000000000e+00,0.0000000000000000e+00,-3.7638271369672333e-19,-3.7638271369672333e-19
2.9650000000000000e-09,2.9650000000000000e+03,0.0000000000000000e+00,0.0000000000000000e+00,3.1986420553785527e-17,3.1986420553785527e-17
2.9659999999999999e-09,2.9660000000000000e+03,0.0000000000000000e+00,0.0000000000000000e+00,3.5823546411985054e-17,3.5823546411985054e-17
2.9669999999999998e-09,2.9670000000000000e+03,0.0000000000000000e+00,0.0000000000000000e+00,4.1794244359458988e-17,4.1794244359458988e-17
2.9680000000000001e-09,2.9680000000000000e+03,0.0000000000000000e+00,0.0000000000000000e+00,7.7618037940658158e-17,7.7618037940658158e-17
2.9690000000000000e-09,2.9690000000000000e+03,0.0000000000000000e+00,0.0000000000000000e+00,7.2052241680740042e-17,7.2052241680740042e-17
2.9699999999999999e-09,2.9700000000000000e+03,0.0000000000000000e+00,0.0000000000000000e+00,6.3178759795852855e-17,6.3178759795852855e-17
2.9709999999999998e-09,2.9710000000000000e+03,0.0000000000000000e+00,0.0000000000000000e+00,6.8804909979109972e-17,6.8804909979109972e-17
2.9720000000000001e-09,2.9720000000000000e+03,0.0000000000000000e+00,0.0000000000000000e+00,8.4355531151584889e-17,8.4355531151584889e-17
2.9730000000000000e-09,2.9730000000000000e+03,0.0000000000000000e+00,0.0000000000000000e+00,9.1671482769834505e-17,9.1671482769834505e-17
2.9739999999999999e-09,2.9740000000000000e+03,0.0000000000000000e+00,0.0000000000000000e+00,8.4742993742588283e-17,8.4742993742588283e-17
2.9749999999999998e-09,2.9750000000000000e+03,0.0000000000000000e+00,0.0000000000000000e+00,8.7897894375158283e-17,8.7897894375158283e-17
2.9760000000000001e-09,2.9760000000000000e+03,0.0000000000000000e+00,0.0000000000000000e+00,9.0334608522445505e-17,9.0334608522445505e-17
2.9770000000000000e-09,2.9770000000000000e+03,0.0000000000000000e+00,0.0000000000000000e+00,9.5926100620269189e-17,9.5926100620269189e-17
2.9779999999999998e-09,2.9780000000000000e+03,0.0000000000000000e+00,0.0000000000000000e+00,8.4657003005501946e-17,8.4657003005501946e-17
2.9789999999999997e-09,2.9790000000000000e+03,0.0000000000000000e+00,0.0000000000000000e+00,9.4752488929152143e-17,9.4752488929152143e-17
2.9800000000000000e-09,2.9800000000000000e+03,0.0000000000000000e+00,0.0000000000000000e+00,8.6009127695892997e-17,8.6009127695892997e-17
2.9809999999999999e-09,2.9810000000000000e+03,0.0000000000000000e+00,0.0000000000000000e+00,8.8376387059496425e-17,8.8376387059496425e-17
2.9819999999999998e-09,2.9820000000000000e+03,0.0000000000000000e+00,0.0000000000000000e+00,7.4849477323321048e-17,7.4849477323321048e-17
2.9830000000000001e-09,2.9830000000000000e+03,0.0000000000000000e+00,0.0000000000000000e+00,8.2839359229461386e-17,8.2839359229461386e-17
2.9840000000000000e-09,2.9840000000000000e+03,0.0000000000000000e+00,0.0000000000000000e+00,5.9210402950893277e-17,5.9210402950893277e-17
2.9849999999999999e-09,2.9850000000000000e+03,0.0000000000000000e+00,0.0000000000000000e+00,3.7643318685778994e-17,3.7643318685778994e-17
2.9859999999999998e-09,2.9860000000000000e+03,0.0000000000000000e+00,0.0000000000000000e+00,4.1363357832305100e-17,4.1363357832305100e-17
2.9870000000000001e-09,2.9870000000000000e+03,0.0000000000000000e+00,0.0000000000000000e+00,4.8294063299981933e-17,4.8294063299981933e-17
2.9880000000000000e-09,2.9880000000000000e+03,0.0000000000000000e+00,0.0000000000000000e+00,2.1362072691481237e-17,2.1362072691481237e-17
2.9889999999999999e-09,2.9890000000000000e+03,0.0000000000000000e+00,0.0000000000000000e+00,3.6501930400803191e-17,3.6501930400803191e-17
2.9899999999999998e-09,2.9900000000000000e+03,0.0000000000000000e+00,0.0000000000000000e+00,2.6326944859009666e-18,2.6326944859009666e-18
2.9910000000000001e-09,2.9910000000000000e+03,0.0000000000000000e+00,0.0000000000000000e+00,1.5851623958150788e-17,1.5851623958150788e-17
2.9920000000000000e-09,2.9920000000000000e+03,0.0000000000000000e+00,0.0000000000000000e+00,1.7237257653059287e-17,1.7237257653059287e-17
2.9929999999999999e-09,2.9930000000000000e+03,0.0000000000000000e+00,0.0000000000000000e+00,2.8127447436614685e-17,2.8127447436614685e-17
2.9939999999999998e-09,2.9940000000000000e+03,0.0000000000000000e+00,0.0000000000000000e+00,1.8320102076213723e-17,1.8320102076213723e-17
2.9950000000000001e-09,2.9950000000000000e+03,0.0000000000000000e+00,0.0000000000000000e+00,2.4493290269899423e-17,2.4493290269899423e-17
2.9960000000000000e-09,2.9960000000000000e+03,0.0000000000000000e+00,0.0000000000000000e+00,7.8793884543506055e-18,7.8793884543506055e-18
2.9969999999999999e-09,2.9970000000000000e+03,0.0000000000000000e+00,0.0000000000000000e+00,1.1572354672805436e-17,1.1572354672805436e-17
2.9979999999999998e-09,2.9980000000000000e+03,0.0000000000000000e+00,0.0000000000000000e+00,2.5043563476969104e-17,2.5043563476969104e-17
2.9990000000000001e-09,2.9990000000000000e+03,0.0000000000000000e+00,0.0000000000000000e+00,3.2948719252554601e-17,3.2948719252554601e-17
3.0000000000000000e-09,3.0000000000000000e+03,0.0000000000000000e+00,0.0000000000000000e+00,2.0076700536041484e-17,2.0076700536041484e-17
3.0009999999999999e-09,3.0010000000000000e+03,0.0000000000000000e+00,0.0000000000000000e+00,2.1210995190366345e-17,2.1210995190366345e-17
3.0019999999999998e-09,3.0020000000000000e+03,0.0000000000000000e+00,0.0000000000000000e+00,1.8723891568734396e-17,1.8723891568734396e-17
3.0030000000000001e-09,3.0030000000000000e+03,0.0000000000000000e+00,0.0000000000000000e+00,3.8294731218281333e-17,3.8294731218281333e-17
3.0040000000000000e-09,3.0040000000000000e+03,0.0000000000000000e+00,0.0000000000000000e+00,3.8139079039211188e-17,3.8139079039211188e-17
3.0049999999999999e-09,3.0050000000000000e+03,0.0000000000000000e+00,0.0000000000000000e+00,4.9975727076585509e-17,4.9975727076585509e-17
3.0059999999999998e-09,3.0060000000000000e+03,0.0000000000000000e+00,0.0000000000000000e+00,2.8646919846105114e-17,2.8646919846105114e-17
3.0070000000000001e-09,3.0070000000000000e+03,0.0000000000000000e+00,0.0000000000000000e+00,2.3189315532654510e-17,2.3189315532654510e-17
3.0080000000000000e-09,3.0080000000000000e+03,0.0000000000000000e+00,0.0000000000000000e+00,3.0346685035114697e-17,3.0346685035114697e-17
3.0089999999999998e-09,3.0090000000000000e+03,0.0000000000000000e+00,0.0000000000000000e+00,1.8389925374550846e-17,1.8389925374550846e-17
3.0099999999999997e-09,3.0100000000000000e+03,0.0000000000000000e+00,0.0000000000000000e+00,4.1398929808228561e-17,4.1398929808228561e-17
3.0110000000000000e-09,3.0110000000000000e+03,0.0000000000000000e+00,0.0000000000000000e+00,7.7714314160361150e-17,7.7714314160361150e-17
3.0119999999999999e-09,3.0120000000000000e+03,0.0000000000000000e+00,0.0000000000000000e+00,5.1319813697309414e-17,5.1319813697309414e-17
3.0129999999999998e-09,3.0130000000000000e+03,0.0000000000000000e+00,0.0000000000000000e+00,4.3454379025652840e-17,4.3454379025652840e-17
3.0140000000000001e-09,3.0140000000000000e+03,0.0000000000000000e+00,0.0000000000000000e+00,9.3830392494208582e-17,9.3830392494208582e-17
3.0150000000000000e-09,3.0150000000000000e+03,0.0000000000000000e+00,0.0000000000000000e+00,1.2365382990056073e-16,1.2365382990056073e-16
3.0159999999999999e-09,3.0160000000000000e+03,0.0000000000000000e+00,0.0000000000000000e+00,1.4364813357218039e-16,1.4364813357218039e-16
3.0169999999999998e-09,3.0170000000000000e+03,0.0000000000000000e+00,0.0000000000000000e+00,9.8595436143995951e-17,9.8595436143995951e-17
3.0180000000000001e-09,3.0180000000000000e+03,0.0000000000000000e+00,0.0000000000000000e+00,1.3421520895470254e-16,1.3421520895470254e-16
3.0190000000000000e-09,3.0190000000000000e+03,0.0000000000000000e+00,0.0000000000000000e+00,1.4240191218604182e-16,1.4240191218604182e-16
3.0199999999999999e-09,3.0200000000000000e+03,0.0000000000000000e+00,0.0000000000000000e+00,1.4959150962584377e-16,1.4959150962584377e-16
3.0209999999999998e-09,3.0210000000000000e+03,0.0000000000000000e+00,0.0000000000000000e+00,1.4015987882965889e-16,1.4015987882965889e-16
3.0220000000000001e-09,3.0220000000000000e+03,0.0000000000000000e+00,0.0000000000000000e+00,1.3363625876789686e-16,1.3363625876789686e-16
3.0230000000000000e-09,3.0230000000000000e+03,0.0000000000000000e+00,0.0000000000000000e+00,1.1419651051109778e-16,1.1419651051109778e-16
3.0239999999999999e-09,3.0240000000000000e+03,0.0000000000000000e+00,0.0000000000000000e+00,1.3960047557139345e-16,1.3960047557139345e-16
3.0249999999999998e-09,3.0250000000000000e+03,0.0000000000000000e+00,0.0000000000000000e+00,1.1894493462816131e-16,1.1894493462816131e-16
3.0260000000000001e-09,3.0260000000000000e+03,0.0000000000000000e+00,0.0000000000000000e+00,1.2578538261061899e-16,1.2578538261061899e-16
3.0270000000000000e-09,3.0270000000000000e+03,0.0000000000000000e+00,0.0000000000000000e+00,1.3991278516408473e-16,1.3991278516408473e-16
3.0279999999999999e-09,3.0280000000000000e+03,0.0000000000000000e+00,0.0000000000000000e+00,1.2802934141633675e-16,1.2802934141633675e-16
3.0289999999999998e-09,3.0290000000000000e+03,0.0000000000000000e+00,0.0000000000000000e+00,1.1437789920401310e-16,1.1437789920401310e-16
3.0300000000000001e-09,3.0300000000000000e+03,0.0000000000000000e+00,0.0000000000000000e+00,9.5944209856609351e-17,9.5944209856609351e-17
3.0310000000000000e-09,3.0310000000000000e+03,0.0000000000000000e+00,0.0000000000000000e+00,7.2431970249167575e-17,7.2431970249167575e-17
3.0319999999999999e-09,3.0320000000000000e+03,0.0000000000000000e+00,0.0000000000000000e+00,9.2808435708422530e-17,9.2808435708422530e-17
3.0329999999999998e-09,3.0330000000000000e+03,0.0000000000000000e+00,0.0000000000000000e+00,8.2716383303541707e-17,8.2716383303541707e-17
3.0340000000000001e-09,3.0340000000000000e+03,0.0000000000000000e+00,0.0000000000000000e+00,3.0481316804710119e-18,3.0481316804710119e-18
3.0350000000000000e-09,3.0350000000000000e+03,0.0000000000000000e+00,0.0000000000000000e+00,-5.1935394959310509e-18,-5.1935394959310509e-18
3.0359999999999999e-09,3.0360000000000000e+03,0.0000000000000000e+00,0.0000000000000000e+00,-1.0845527043525224e-17,-1.0845527043525224e-17
3.0369999999999997e-09,3.0370000000000000e+03,0.0000000000000000e+00,0.0000000000000000e+00,2.7103827211747859e-17,2.7103827211747859e-17
3.0380000000000001e-09,3.0380000000000000e+03,0.0000000000000000e+00,0.0000000000000000e+00,-2.0925291348534267e-17,-2.0925291348534267e-17
3.0389999999999999e-09,3.0390000000000000e+03,0.0000000000000000e+00,0.0000000000000000e+00,-2.0395267275657808e-17,-2.0395267275657808e-17
3.0399999999999998e-09,3.0400000000000000e+03,0.0000000000000000e+00,0.0000000000000000e+00,-2.8488047961578289e-17,-2.8488047961578289e-17
3.0409999999999997e-09,3.0410000000000000e+03,0.0000000000000000e+00,0.0000000000000000e+00,-1.4931740116295456e-17,-1.4931740116295456e-17
3.0420000000000000e-09,3.0420000000000000e+03,0.0000000000000000e+00,0.0000000000000000e+00,-1.3619577282838932e-17,-1.3619577282838932e-17
3.0429999999999999e-09,3.0430000000000000e+03,0.0000000000000000e+00,0.0000000000000000e+00,-1.2334041238564549e-17,-1.2334041238564549e-17
3.0439999999999998e-09,3.0440000000000000e+03,0.0000000000000000e+00,0.0000000000000000e+00,-2.9887458893751736e-17,-2.9887458893751736e-17
3.0450000000000001e-09,3.0450000000000000e+03,0.0000000000000000e+00,0.0000000000000000e+00,-1.9904000927756497e-17,-1.9904000927756497e-17
3.0460000000000000e-09,3.0460000000000000e+03,0.0000000000000000e+00,0.0000000000000000e+00,-4.5775633523459417e-17,-4.5775633523459417e-17
3.0469999999999999e-09,3.0470000000000000e+03,0.0000000000000000e+00,0.0000000000000000e+00,-4.5750941959295514e-17,-4.5750941959295514e-17
3.0479999999999998e-09,3.0480000000000000e+03,0.0000000000000000e+00,0.0000000000000000e+00,-3.5257288620030556e-17,-3.5257288620030556e-17
3.0490000000000001e-09,3.0490000000000000e+03,0.0000000000000000e+00,0.0000000000000000e+00,-2.9926164734538494e-17,-2.9926164734538494e-17
3.0500000000000000e-09,3.0500000000000000e+03,0.0000000000000000e+00,0.0000000000000000e+00,-2.7638330539089349e-17,-2.7638330539089349e-17
3.0509999999999999e-09,3.0510000000000000e+03,0.0000000000000000e+00,0.0000000000000000e+00,-2.1784268998307635e-17,-2.1784268998307635e-17
3.0519999999999998e-09,3.0520000000000000e+03,0.0000000000000000e+00,0.0000000000000000e+00,6.6315355311313426e-19,6.6315355311313426e-19
3.0530000000000001e-09,3.0530000000000000e+03,0.0000000000000000e+00,0.0000000000000000e+00,3.9925999557977914e-18,3.9925999557977914e-18
3.0540000000000000e-09,3.0540000000000000e+03,0.0000000000000000e+00,0.0000000000000000e+00,4.7053605424526325e-18,4.7053605424526325e-18
3.0549999999999999e-09,3.0550000000000000e+03,0.0000000000000000e+00,0.0000000000000000e+00,6.1423227737401412e-18,6.1423227737401412e-18
3.0559999999999998e-09,3.0560000000000000e+03,0.0000000000000000e+00,0.0000000000000000e+00,2.5793516212159329e-17,2.5793516212159329e-17
3.0570000000000001e-09,3.0570000000000000e+03,0.0000000000000000e+00,0.0000000000000000e+00,2.7284903856659474e-17,2.7284903856659474e-17
3.0580000000000000e-09,3.0580000000000000e+03,0.0000000000000000e+00,0.0000000000000000e+00,1.0768897871029618e-17,1.0768897871029618e-17
3.0589999999999999e-09,3.0590000000000000e+03,0.0000000000000000e+00,0.0000000000000000e+00,3.5086300275978040e-17,3.5086300275978040e-17
3.0599999999999998e-09,3.0600000000000000e+03,0.0000000000000000e+00,0.0000000000000000e+00,5.0451147353856499e-17,5.0451147353856499e-17
3.0610000000000001e-09,3.0610000000000000e+03,0.0000000000000000e+00,0.0000000000000000e+00,5.9701852648859927e-17,5.9701852648859927e-17
3.0620000000000000e-09,3.0620000000000000e+03,0.0000000000000000e+00,0.0000000000000000e+00,4.8803142637739207e-17,4.8803142637739207e-17
3.0629999999999999e-09,3.0630000000000000e+03,0.0000000000000000e+00,0.0000000000000000e+00,7.9863642263887857e-17,7.9863642263887857e-17
3.0639999999999998e-09,3.0640000000000000e+03,0.0000000000000000e+00,0.0000000000000000e+00,7.3598490021285739e-17,7.3598490021285739e-17
3.0650000000000001e-09,3.0650000000000000e+03,0.0000000000000000e+00,0.0000000000000000e+00,5.3270523892632546e-17,5.3270523892632546e-17
3.0660000000000000e-09,3.0660000000000000e+03,0.0000000000000000e+00,0.0000000000000000e+00,5.8854227691239038e-17,5.8854227691239038e-17
3.0669999999999999e-09,3.0670000000000000e+03,0.0000000000000000e+00,0.0000000000000000e+00,4.4938358004816193e-17,4.4938358004816193e-17
3.0679999999999997e-09,3.0680000000000000e+03,0.0000000000000000e+00,0.0000000000000000e+00,5.4213422092001569e-17,5.4213422092001569e-17
3.0690000000000001e-09,3.0690000000000000e+03,0.0000000000000000e+00,0.0000000000000000e+00,4.1269406181126378e-17,4.1269406181126378e-17
3.0699999999999999e-09,3.0700000000000000e+03,0.0000000000000000e+00,0.0000000000000000e+00,1.3843296715132791e-17,1.3843296715132791e-17
3.0709999999999998e-09,3.0710000000000000e+03,0.0000000000000000e+00,0.0000000000000000e+00,8.7595299063967997e-18,8.7595299063967997e-18
3.0720000000000001e-09,3.0720000000000000e+03,0.0000000000000000e+00,0.0000000000000000e+00,-5.6250849241033894e-18,-5.6250849241033894e-18
3.0730000000000000e-09,3.0730000000000000e+03,0.0000000000000000e+00,0.0000000000000000e+00,-2.0750753436055954e-17,-2.0750753436055954e-17
3.0739999999999999e-09,3.0740000000000000e+03,0.0000000000000000e+00,0.0000000000000000e+00,-1.9347673798235417e-17,-1.9347673798235417e-17
3.0749999999999998e-09,3.0750000000000000e+03,0.0000000000000000e+00,0.0000000000000000e+00,-3.2122109874332514e-18,-3.2122109874332514e-18
3.0760000000000001e-09,3.0760000000000000e+03,0.0000000000000000e+00,0.0000000000000000e+00,-4.2808932665505132e-17,-4.2808932665505132e-17
3.0770000000000000e-09,3.0770000000000000e+03,0.0000000000000000e+00,0.0000000000000000e+00,-3.2398401446352796e-18,-3.2398401446352796e-18
3.0779999999999999e-09,3.0780000000000000e+03,0.0000000000000000e+00,0.0000000000000000e+00,-3.0833833640171149e-17,-3.0833833640171149e-17
3.0789999999999998e-09,3.0790000000000000e+03,0.0000000000000000e+00,0.0000000000000000e+00,-4.0510862132494162e-17,-4.0510862132494162e-17
3.0800000000000001e-09,3.0800000000000000e+03,0.0000000000000000e+00,0.0000000000000000e+00,-2.3427246523657070e-17,-2.3427246523657070e-17
3.0810000000000000e-09,3.0810000000000000e+03,0.0000000000000000e+00,0.0000000000000000e+00,-3.9284227399147465e-17,-3.9284227399147465e-17
3.0819999999999999e-09,3.0820000000000000e+03,0.0000000000000000e+00,0.0000000000000000e+00,-4.6101934712984906e-17,-4.6101934712984906e-17
3.0829999999999998e-09,3.0830000000000000e+03,0.0000000000000000e+00,0.0000000000000000e+00,-3.1809615595408103e-17,-3.1809615595408103e-17
3.0840000000000001e-09,3.0840000000000000e+03,0.0000000000000000e+00,0.0000000000000000e+00,-1.9192474864552988e-17,-1.9192474864552988e-17
3.0850000000000000e-09,3.0850000000000000e+03,0.0000000000000000e+00,0.0000000000000000e+00,-4.0668063526004198e-18,-4.0668063526004198e-18
3.0859999999999999e-09,3.0860000000000000e+03,0.0000000000000000e+00,0.0000000000000000e+00,-9.1625565632822937e-18,-9.1625565632822937e-18
3.0869999999999998e-09,3.0870000000000000e+03,0.0000000000000000e+00,0.0000000000000000e+00,2.0187406379021794e-17,2.0187406379021794e-17
3.0880000000000001e-09,3.0880000000000000e+03,0.0000000000000000e+00,0.0000000000000000e+00,3.8010907901098824e-18,3.8010907901098824e-18
3.0890000000000000e-09,3.0890000000000000e+03,0.0000000000000000e+00,0.0000000000000000e+00,2.1448053455981139e-17,2.1448053455981139e-17
3.0899999999999999e-09,3.0900000000000000e+03,0.0000000000000000e+00,0.0000000000000000e+00,1.2712794575282429e-17,1.2712794575282429e-17
3.0909999999999998e-09,3.0910000000000000e+03,0.0000000000000000e+00,0.0000000000000000e+00,3.0840216826581761e-17,3.0840216826581761e-17
3.0920000000000001e-09,3.0920000000000000e+03,0.0000000000000000e+00,0.0000000000000000e+00,3.4316046964946000e-17,3.4316046964946000e-17
3.0930000000000000e-09,3.0930000000000000e+03,0.0000000000000000e+00,0.0000000000000000e+00,6.0088142738047919e-17,6.0088142738047919e-17
3.0939999999999999e-09,3.0940000000000000e+03,0.0000000000000000e+00,0.0000000000000000e+00,3.3875982909541173e-17,3.3875982909541173e-17
3.0949999999999998e-09,3.0950000000000000e+03,0.0000000000000000e+00,0.0000000000000000e+00,3.8856929716563881e-17,3.8856929716563881e-17
3.0960000000000001e-09,3.0960000000000000e+03,0.0000000000000000e+00,0.0000000000000000e+00,7.5551838274567366e-17,7.5551838274567366e-17
3.0970000000000000e-09,3.0970000000000000e+03,0.0000000000000000e+00,0.0000000000000000e+00,5.3093990519736632e-17,5.3093990519736632e-17
3.0979999999999998e-09,3.0980000000000000e+03,0.0000000000000000e+00,0.0000000000000000e+00,6.3889233528157797e-17,6.3889233528157797e-17
3.0989999999999997e-09,3.0990000000000000e+03,0.0000000000000000e+00,0.0000000000000000e+00,8.3020066891896110e-17,8.3020066891896110e-17
3.1000000000000000e-09,3.1000000000000000e+03,0.0000000000000000e+00,0.0000000000000000e+00,6.7135456859203698e-17,6.7135456859203698e-17
3.1009999999999999e-09,3.1010000000000000e+03,0.0000000000000000e+00,0.0000000000000000e+00,7.6487224699781054e-17,7.6487224699781054e-17
3.1019999999999998e-09,3.1020000000000000e+03,0.0000000000000000e+00,0.0000000000000000e+00,7.9705818873624925e-17,7.9705818873624925e-17
3.1030000000000001e-09,3.1030000000000000e+03,0.0000000000000000e+00,0.0000000000000000e+00,7.9807855904462863e-17,7.9807855904462863e-17
3.1040000000000000e-09,3.1040000000000000e+03,0.0000000000000000e+00,0.0000000000000000e+00,7.5084145061960523e-17,7.5084145061960523e-17
3.1049999999999999e-09,3.1050000000000000e+03,0.0000000000000000e+00,0.0000000000000000e+00,9.7182719821432964e-17,9.7182719821432964e-17
3.1059999999999998e-09,3.1060000000000000e+03,0.0000000000000000e+00,0.0000000000000000e+00,7.3919151829428497e-17,7.3919151829428497e-17
3.1070000000000001e-09,3.1070000000000000e+03,0.0000000000000000e+00,0.0000000000000000e+00,8.8143446259780011e-17,8.8143446259780011e-17
3.1080000000000000e-09,3.1080000000000000e+03,0.0000000000000000e+00,0.0000000000000000e+00,1.0408121819531693e-16,1.0408121819531693e-16
3.1089999999999999e-09,3.1090000000000000e+03,0.0000000000000000e+00,0.0000000000000000e+00,1.0425127991338015e-16,1.0425127991338015e-16
3.1099999999999998e-09,3.1100000000000000e+03,0.0000000000000000e+00,0.0000000000000000e+00,9.2845911131490946e-17,9.2845911131490946e-17
3.1110000000000001e-09,3.1110000000000000e+03,0.0000000000000000e+00,0.0000000000000000e+00,8.9871786549346206e-17,8.9871786549346206e-17
3.1120000000000000e-09,3.1120000000000000e+03,0.0000000000000000e+00,0.0000000000000000e+00,6.9954382507666010e-17,6.9954382507666010e-17
3.1129999999999999e-09,3.1130000000000000e+03,0.0000000000000000e+00,0.0000000000000000e+00,7.7862675180399568e-17,7.7862675180399568e-17
3.1139999999999998e-09,3.1140000000000000e+03,0.0000000000000000e+00,0.0000000000000000e+00,6.6952628768319239e-17,6.6952628768319239e-17
3.1150000000000001e-09,3.1150000000000000e+03,0.0000000000000000e+00,0.0000000000000000e+00,4.0768098097014523e-17,4.0768098097014523e-17
3.1160000000000000e-09,3.1160000000000000e+03,0.0000000000000000e+00,0.0000000000000000e+00,3.1679949407368141e-17,3.1679949407368141e-17
3.1169999999999999e-09,3.1170000000000000e+03,0.0000000000000000e+00,0.0000000000000000e+00,2.3108369058322037e-17,2.3108369058322037e-17
3.1179999999999998e-09,3.1180000000000000e+03,0.0000000000000000e+00,0.0000000000000000e+00,4.9193053062080303e-18,4.9193053062080303e-18
3.1190000000000001e-09,3.1190000000000000e+03,0.0000000000000000e+00,0.0000000000000000e+00,7.2492917712720960e-19,7.2492917712720960e-19
3.1200000000000000e-09,3.1200000000000000e+03,0.0000000000000000e+00,0.0000000000000000e+00,-3.0793438110147888e-17,-3.0793438110147888e-17
3.1209999999999999e-09,3.1210000000000000e+03,0.0000000000000000e+00,0.0000000000000000e+00,-2.6171764298483477e-17,-2.6171764298483477e-17
3.1219999999999998e-09,3.1220000000000000e+03,0.0000000000000000e+00,0.0000000000000000e+00,-6.2643449235579251e-17,-6.2643449235579251e-17
3.1230000000000001e-09,3.1230000000000000e+03,0.0000000000000000e+00,0.0000000000000000e+00,-5.4769168906458323e-17,-5.4769168906458323e-17
3.1240000000000000e-09,3.1240000000000000e+03,0.0000000000000000e+00,0.0000000000000000e+00,-6.7949656694347611e-17,-6.7949656694347611e-17
3.1249999999999999e-09,3.1250000000000000e+03,0.0000000000000000e+00,0.0000000000000000e+00,-8.8821596720473343e-17,-8.8821596720473343e-17
3.1259999999999998e-09,3.1260000000000000e+03,0.0000000000000000e+00,0.0000000000000000e+00,-9.0150268484657978e-17,-9.0150268484657978e-17
3.1270000000000001e-09,3.1270000000000000e+03,0.0000000000000000e+00,0.0000000000000000e+00,-1.0623047298105609e-16,-1.0623047298105609e-16
3.1280000000000000e-09,3.1280000000000000e+03,0.0000000000000000e+00,0.0000000000000000e+00,-1.1699170364586461e-16,-1.1699170364586461e-16
3.1289999999999998e-09,3.1290000000000000e+03,0.0000000000000000e+00,0.0000000000000000e+00,-1.0196807216474998e-16,-1.0196807216474998e-16
3.1299999999999997e-09,3.1300000000000000e+03,0.0000000000000000e+00,0.0000000000000000e+00,-1.0456377419230456e-16,-1.0456377419230456e-16
3.1310000000000000e-09,3.1310000000000000e+03,0.0000000000000000e+00,0.0000000000000000e+00,-8.4097885877971002e-17,-8.4097885877971002e-17
3.1319999999999999e-09,3.1320000000000000e+03,0.0000000000000000e+00,0.0000000000000000e+00,-7.5993998741531749e-17,-7.5993998741531749e-17
3.1329999999999998e-09,3.1330000000000000e+03,0.0000000000000000e+00,0.0000000000000000e+00,-8.8502719255138304e-17,-8.8502719255138304e-17
3.1340000000000001e-09,3.1340000000000000e+03,0.0000000000000000e+00,0.0000000000000000e+00,-8.1130144482236874e-17,-8.1130144482236874e-17
3.1350000000000000e-09,3.1350000000000000e+03,0.0000000000000000e+00,0.0000000000000000e+00,-4.4488397827077886e-17,-4.4488397827077886e-17
3.1359999999999999e-09,3.1360000000000000e+03,0.0000000000000000e+00,0.0000000000000000e+00,-5.6469880038822488e-17,-5.6469880038822488e-17
3.1369999999999998e-09,3.1370000000000000e+03,0.0000000000000000e+00,0.0000000000000000e+00,-5.5317653179111700e-17,-5.5317653179111700e-17
3.1380000000000001e-09,3.1380000000000000e+03,0.0000000000000000e+00,0.0000000000000000e+00,-5.3162015206961922e-17,-5.3162015206961922e-17
3.1390000000000000e-09,3.1390000000000000e+03,0.0000000000000000e+00,0.0000000000000000e+00,-1.5959017906328327e-17,-1.5959017906328327e-17
3.1399999999999999e-09,3.1400000000000000e+03,0.0000000000000000e+00,0.0000000000000000e+00,-9.3538642521369249e-19,-9.3538642521369249e-19
3.1409999999999998e-09,3.1410000000000000e+03,0.0000000000000000e+00,0.0000000000000000e+00,8.2271701380685985e-18,8.2271701380685985e-18
3.1420000000000001e-09,3.1420000000000000e+03,0.0000000000000000e+00,0.0000000000000000e+00,1.1486159841935730e-17,1.1486159841935730e-17
3.1430000000000000e-09,3.1430000000000000e+03,0.0000000000000000e+00,0.0000000000000000e+00,4.2821699038326369e-17,4.2821699038326369e-17
3.1439999999999999e-09,3.1440000000000000e+03,0.0000000000000000e+00,0.0000000000000000e+00,1.6027042593553617e-17,1.6027042593553617e-17
3.1449999999999998e-09,3.1450000000000000e+03,0.0000000000000000e+00,0.0000000000000000e+00,3.1044290888257631e-17,3.1044290888257631e-17
3.1460000000000001e-09,3.1460000000000000e+03,0.0000000000000000e+00,0.0000000000000000e+00,3.0406535957587559e-17,3.0406535957587559e-17
3.1470000000000000e-09,3.1470000000000000e+03,0.0000000000000000e+00,0.0000000000000000e+00,4.9035663765106386e-17,4.9035663765106386e-17
3.1479999999999999e-09,3.1480000000000000e+03,0.0000000000000000e+00,0.0000000000000000e+00,4.8385142461615084e-17,4.8385142461615084e-17
3.1489999999999998e-09,3.1490000000000000e+03,0.0000000000000000e+00,0.0000000000000000e+00,4.1731113679430246e-17,4.1731113679430246e-17
3.1500000000000001e-09,3.1500000000000000e+03,0.0000000000000000e+00,0.0000000000000000e+00,2.3461258867269715e-17,2.3461258867269715e-17
3.1510000000000000e-09,3.1510000000000000e+03,0.0000000000000000e+00,0.0000000000000000e+00,2.2092191573061823e-17,2.2092191573061823e-17
3.1519999999999999e-09,3.1520000000000000e+03,0.0000000000000000e+00,0.0000000000000000e+00,7.5086241473520073e-18,7.5086241473520073e-18
3.1529999999999998e-09,3.1530000000000000e+03,0.0000000000000000e+00,0.0000000000000000e+00,1.8913992929241215e-17,1.8913992929241215e-17
3.1540000000000001e-09,3.1540000000000000e+03,0.0000000000000000e+00,0.0000000000000000e+00,1.2191939459831088e-17,1.2191939459831088e-17
3.1550000000000000e-09,3.1550000000000000e+03,0.0000000000000000e+00,0.0000000000000000e+00,2.6645840697500942e-17,2.6645840697500942e-17
3.1559999999999999e-09,3.1560000000000000e+03,0.0000000000000000e+00,0.0000000000000000e+00,-2.8805671492769840e-18,-2.8805671492769840e-18
3.1569999999999997e-09,3.1570000000000000e+03,0.0000000000000000e+00,0.0000000000000000e+00,1.4949223607478728e-17,1.4949223607478728e-17
3.1580000000000001e-09,3.1580000000000000e+03,0.0000000000000000e+00,0.0000000000000000e+00,-4.4048333771673063e-18,-4.4048333771673063e-18
3.1589999999999999e-09,3.1590000000000000e+03,0.0000000000000000e+00,0.0000000000000000e+00,1.1046095786530912e-17,1.1046095786530912e-17
3.1599999999999998e-09,3.1600000000000000e+03,0.0000000000000000e+00,0.0000000000000000e+00,-4.2171177734835067e-17,-4.2171177734835067e-17
3.1609999999999997e-09,3.1610000000000000e+03,0.0000000000000000e+00,0.0000000000000000e+00,-1.7551308821443938e-17,-1.7551308821443938e-17
3.1620000000000000e-09,3.1620000000000000e+03,0.0000000000000000e+00,0.0000000000000000e+00,-2.8752603541657279e-17,-2.8752603541657279e-17
3.1629999999999999e-09,3.1630000000000000e+03,0.0000000000000000e+00,0.0000000000000000e+00,-2.9681606780460354e-17,-2.9681606780460354e-17
3.1639999999999998e-09,3.1640000000000000e+03,0.0000000000000000e+00,0.0000000000000000e+00,-1.6751971770680822e-17,-1.6751971770680822e-17
3.1650000000000001e-09,3.1650000000000000e+03,0.0000000000000000e+00,0.0000000000000000e+00,-1.4868432547432204e-17,-1.4868432547432204e-17
3.1660000000000000e-09,3.1660000000000000e+03,0.0000000000000000e+00,0.0000000000000000e+00,-3.1558762817298360e-17,-3.1558762817298360e-17
3.1669999999999999e-09,3.1670000000000000e+03,0.0000000000000000e+00,0.0000000000000000e+00,1.5742177471831226e-17,1.5742177471831226e-17
3.1679999999999998e-09,3.1680000000000000e+03,0.0000000000000000e+00,0.0000000000000000e+00,-2.0743322043865561e-17,-2.0743322043865561e-17
3.1690000000000001e-09,3.1690000000000000e+03,0.0000000000000000e+00,0.0000000000000000e+00,-1.4044657932672370e-17,-1.4044657932672370e-17
3.1700000000000000e-09,3.1700000000000000e+03,0.0000000000000000e+00,0.0000000000000000e+00,-3.5898763100445684e-17,-3.5898763100445684e-17
3.1709999999999999e-09,3.1710000000000000e+03,0.0000000000000000e+00,0.0000000000000000e+00,-2.4224487162860628e-18,-2.4224487162860628e-18
3.1719999999999998e-09,3.1720000000000000e+03,0.0000000000000000e+00,0.0000000000000000e+00,-2.9810224762720532e-17,-2.9810224762720532e-17
3.1730000000000001e-09,3.1730000000000000e+03,0.0000000000000000e+00,0.0000000000000000e+00,-2.1684043449710089e-18,-2.1684043449710089e-18
3.1740000000000000e-09,3.1740000000000000e+03,0.0000000000000000e+00,0.0000000000000000e+00,-6.2617916489936779e-18,-6.2617916489936779e-18
3.1749999999999999e-09,3.1750000000000000e+03,0.0000000000000000e+00,0.0000000000000000e+00,-7.5745289350847522e-18,-7.5745289350847522e-18
3.1759999999999998e-09,3.1760000000000000e+03,0.0000000000000000e+00,0.0000000000000000e+00,2.8426271196198860e-17,2.8426271196198860e-17
3.1770000000000001e-09,3.1770000000000000e+03,0.0000000000000000e+00,0.0000000000000000e+00,3.1574650319525942e-18,3.1574650319525942e-18
3.1780000000000000e-09,3.1780000000000000e+03,0.0000000000000000e+00,0.0000000000000000e+00,2.8996537286500020e-17,2.8996537286500020e-17
3.1789999999999999e-09,3.1790000000000000e+03,0.0000000000000000e+00,0.0000000000000000e+00,2.5178184145122121e-17,2.5178184145122121e-17
3.1799999999999998e-09,3.1800000000000000e+03,0.0000000000000000e+00,0.0000000000000000e+00,-7.3480762269339104e-18,-7.3480762269339104e-18
3.1810000000000001e-09,3.1810000000000000e+03,0.0000000000000000e+00,0.0000000000000000e+00,2.6329362561738416e-17,2.6329362561738416e-17
3.1820000000000000e-09,3.1820000000000000e+03,0.0000000000000000e+00,0.0000000000000000e+00,4.2291136118060076e-18,4.2291136118060076e-18
3.1829999999999999e-09,3.1830000000000000e+03,0.0000000000000000e+00,0.0000000000000000e+00,2.8605181344260068e-17,2.8605181344260068e-17
3.1839999999999998e-09,3.1840000000000000e+03,0.0000000000000000e+00,0.0000000000000000e+00,-8.5888998909200031e-18,-8.5888998909200031e-18
3.1850000000000001e-09,3.1850000000000000e+03,0.0000000000000000e+00,0.0000000000000000e+00,3.5375759269138442e-18,3.5375759269138442e-18
3.1860000000000000e-09,3.1860000000000000e+03,0.0000000000000000e+00,0.0000000000000000e+00,-5.5413844027080584e-18,-5.5413844027080584e-18
3.1869999999999999e-09,3.1870000000000000e+03,0.0000000000000000e+00,0.0000000000000000e+00,5.6483110603523176e-19,5.6483110603523176e-19
3.1879999999999997e-09,3.1880000000000000e+03,0.0000000000000000e+00,0.0000000000000000e+00,1.0985790531377922e-17,1.0985790531377922e-17
3.1890000000000001e-09,3.1890000000000000e+03,0.0000000000000000e+00,0.0000000000000000e+00,2.0971063411288973e-17,2.0971063411288973e-17
3.1899999999999999e-09,3.1900000000000000e+03,0.0000000000000000e+00,0.0000000000000000e+00,2.9774149224501714e-17,2.9774149224501714e-17
3.1909999999999998e-09,3.1910000000000000e+03,0.0000000000000000e+00,0.0000000000000000e+00,5.0232566050235205e-17,5.0232566050235205e-17
3.1919999999999997e-09,3.1920000000000000e+03,0.0000000000000000e+00,0.0000000000000000e+00,2.3028609595578605e-17,2.3028609595578605e-17
3.1930000000000000e-09,3.1930000000000000e+03,0.0000000000000000e+00,0.0000000000000000e+00,3.0127039033449389e-17,3.0127039033449389e-17
3.1939999999999999e-09,3.1940000000000000e+03,0.0000000000000000e+00,0.0000000000000000e+00,3.9086649933654946e-17,3.9086649933654946e-17
3.1949999999999998e-09,3.1950000000000000e+03,0.0000000000000000e+00,0.0000000000000000e+00,2.9552521400196648e-17,2.9552521400196648e-17
3.1960000000000001e-09,3.1960000000000000e+03,0.0000000000000000e+00,0.0000000000000000e+00,-1.1131400440973960e-17,-1.1131400440973960e-17
3.1970000000000000e-09,3.1970000000000000e+03,0.0000000000000000e+00,0.0000000000000000e+00,3.7970966010166498e-17,3.7970966010166498e-17
3.1979999999999999e-09,3.1980000000000000e+03,0.0000000000000000e+00,0.0000000000000000e+00,1.3180681390481361e-17,1.3180681390481361e-17
3.1989999999999998e-09,3.1990000000000000e+03,0.0000000000000000e+00,0.0000000000000000e+00,3.8714497155702683e-17,3.8714497155702683e-17
3.2000000000000001e-09,3.2000000000000000e+03,0.0000000000000000e+00,0.0000000000000000e+00,3.7696142452507060e-17,3.7696142452507060e-17
3.2010000000000000e-09,3.2010000000000000e+03,0.0000000000000000e+00,0.0000000000000000e+00,2.3465676858798200e-17,2.3465676858798200e-17
3.2019999999999999e-09,3.2020000000000000e+03,0.0000000000000000e+00,0.0000000000000000e+00,9.6725150450944451e-18,9.6725150450944451e-18
3.2029999999999998e-09,3.2030000000000000e+03,0.0000000000000000e+00,0.0000000000000000e+00,4.0586845980547934e-17,4.0586845980547934e-17
3.2040000000000001e-09,3.2040000000000000e+03,0.0000000000000000e+00,0.0000000000000000e+00,2.3564304897668738e-17,2.3564304897668738e-17
3.2050000000000000e-09,3.2050000000000000e+03,0.0000000000000000e+00,0.0000000000000000e+00,1.7415255878194545e-17,1.7415255878194545e-17
3.2059999999999999e-09,3.2060000000000000e+03,0.0000000000000000e+00,0.0000000000000000e+00,2.6669779363276110e-18,2.6669779363276110e-18
3.2069999999999998e-09,3.2070000000000000e+03,0.0000000000000000e+00,0.0000000000000000e+00,9.0574475131070225e-18,9.0574475131070225e-18
3.2080000000000001e-09,3.2080000000000000e+03,0.0000000000000000e+00,0.0000000000000000e+00,-2.8320332374329613e-17,-2.8320332374329613e-17
3.2090000000000000e-09,3.2090000000000000e+03,0.0000000000000000e+00,0.0000000000000000e+00,-2.9044845508322063e-17,-2.9044845508322063e-17
3.2099999999999999e-09,3.2100000000000000e+03,0.0000000000000000e+00,0.0000000000000000e+00,-5.5711537695735413e-17,-5.5711537695735413e-17
3.2109999999999998e-09,3.2110000000000000e+03,0.0000000000000000e+00,0.0000000000000000e+00,-4.4814070978690497e-17,-4.4814070978690497e-17
3.2120000000000001e-09,3.2120000000000000e+03,0.0000000000000000e+00,0.0000000000000000e+00,-3.4506415554581749e-17,-3.4506415554581749e-17
3.2130000000000000e-09,3.2130000000000000e+03,0.0000000000000000e+00,0.0000000000000000e+00,-4.6839828355666115e-17,-4.6839828355666115e-17
3.2139999999999999e-09,3.2140000000000000e+03,0.0000000000000000e+00,0.0000000000000000e+00,-9.0323385019420906e-17,-9.0323385019420906e-17
3.2149999999999998e-09,3.2150000000000000e+03,0.0000000000000000e+00,0.0000000000000000e+00,-3.5427125273223445e-17,-3.5427125273223445e-17
3.2160000000000001e-09,3.2160000000000000e+03,0.0000000000000000e+00,0.0000000000000000e+00,-8.5106354291586299e-17,-8.5106354291586299e-17
3.2170000000000000e-09,3.2170000000000000e+03,0.0000000000000000e+00,0.0000000000000000e+00,-7.0624481812198496e-17,-7.0624481812198496e-17
3.2179999999999998e-09,3.2180000000000000e+03,0.0000000000000000e+00,0.0000000000000000e+00,-9.6046172152189404e-17,-9.6046172152189404e-17
3.2189999999999997e-09,3.2190000000000000e+03,0.0000000000000000e+00,0.0000000000000000e+00,-7.2974092933220958e-17,-7.2974092933220958e-17
3.2200000000000000e-09,3.2200000000000000e+03,0.0000000000000000e+00,0.0000000000000000e+00,-8.6626931101003810e-17,-8.6626931101003810e-17
3.2209999999999999e-09,3.2210000000000000e+03,0.0000000000000000e+00,0.0000000000000000e+00,-6.7122312965357796e-17,-6.7122312965357796e-17
3.2219999999999998e-09,3.2220000000000000e+03,0.0000000000000000e+00,0.0000000000000000e+00,-6.2184538645432681e-17,-6.2184538645432681e-17
3.2230000000000001e-09,3.2230000000000000e+03,0.0000000000000000e+00,0.0000000000000000e+00,-6.4244710652139194e-17,-6.4244710652139194e-17
3.2240000000000000e-09,3.2240000000000000e+03,0.0000000000000000e+00,0.0000000000000000e+00,-7.6512963613830214e-17,-7.6512963613830214e-17
3.2249999999999999e-09,3.2250000000000000e+03,0.0000000000000000e+00,0.0000000000000000e+00,-5.3901355036818124e-17,-5.3901355036818124e-17
3.2259999999999998e-09,3.2260000000000000e+03,0.0000000000000000e+00,0.0000000000000000e+00,-6.1337945882237128e-17,-6.1337945882237128e-17
3.2270000000000001e-09,3.2270000000000000e+03,0.0000000000000000e+00,0.0000000000000000e+00,-4.6078180572646540e-17,-4.6078180572646540e-17
3.2280000000000000e-09,3.2280000000000000e+03,0.0000000000000000e+00,0.0000000000000000e+00,-2.7737874696371560e-17,-2.7737874696371560e-17
3.2289999999999999e-09,3.2290000000000000e+03,0.0000000000000000e+00,0.0000000000000000e+00,-1.4139155804347978e-17,-1.4139155804347978e-17
3.2299999999999998e-09,3.2300000000000000e+03,0.0000000000000000e+00,0.0000000000000000e+00,3.0168999291812307e-18,3.0168999291812307e-18
3.2310000000000001e-09,3.2310000000000000e+03,0.0000000000000000e+00,0.0000000000000000e+00,1.1572199958650123e-17,1.1572199958650123e-17
3.2320000000000000e-09,3.2320000000000000e+03,0.0000000000000000e+00,0.0000000000000000e+00,-4.4119318050463703e-19,-4.4119318050463703e-19
3.2329999999999999e-09,3.2330000000000000e+03,0.0000000000000000e+00,0.0000000000000000e+00,4.5562185239626061e-17,4.5562185239626061e-17
3.2339999999999998e-09,3.2340000000000000e+03,0.0000000000000000e+00,0.0000000000000000e+00,3.0405462201033588e-17,3.0405462201033588e-17
3.2350000000000001e-09,3.2350000000000000e+03,0.0000000000000000e+00,0.0000000000000000e+00,4.4066143289237733e-17,4.4066143289237733e-17
3.2360000000000000e-09,3.2360000000000000e+03,0.0000000000000000e+00,0.0000000000000000e+00,7.5388496650229717e-17,7.5388496650229717e-17
3.2369999999999999e-09,3.2370000000000000e+03,0.0000000000000000e+00,0.0000000000000000e+00,6.5297431845732437e-17,6.5297431845732437e-17
3.2379999999999998e-09,3.2380000000000000e+03,0.0000000000000000e+00,0.0000000000000000e+00,6.7363781785437425e-17,6.7363781785437425e-17
3.2390000000000001e-09,3.2390000000000000e+03,0.0000000000000000e+00,0.0000000000000000e+00,9.1032625193566664e-17,9.1032625193566664e-17
3.2400000000000000e-09,3.2400000000000000e+03,0.0000000000000000e+00,0.0000000000000000e+00,7.8274516299738950e-17,7.8274516299738950e-17
3.2409999999999999e-09,3.2410000000000000e+03,0.0000000000000000e+00,0.0000000000000000e+00,7.8056562644487106e-17,7.8056562644487106e-17
3.2419999999999998e-09,3.2420000000000000e+03,0.0000000000000000e+00,0.0000000000000000e+00,6.9834744790727517e-17,6.9834744790727517e-17
3.2430000000000001e-09,3.2430000000000000e+03,0.0000000000000000e+00,0.0000000000000000e+00,9.0720994767903456e-17,9.0720994767903456e-17
3.2440000000000000e-09,3.2440000000000000e+03,0.0000000000000000e+00,0.0000000000000000e+00,8.9463756888725876e-17,8.9463756888725876e-17
3.2449999999999999e-09,3.2450000000000000e+03,0.0000000000000000e+00,0.0000000000000000e+00,9.0098889179674751e-17,9.0098889179674751e-17
3.2459999999999998e-09,3.2460000000000000e+03,0.0000000000000000e+00,0.0000000000000000e+00,8.9922387775885234e-17,8.9922387775885234e-17
3.2470000000000001e-09,3.2470000000000000e+03,0.0000000000000000e+00,0.0000000000000000e+00,1.0321016770612216e-16,1.0321016770612216e-16
3.2480000000000000e-09,3.2480000000000000e+03,0.0000000000000000e+00,0.0000000000000000e+00,8.0222452188215610e-17,8.0222452188215610e-17
3.2489999999999998e-09,3.2490000000000000e+03,0.0000000000000000e+00,0.0000000000000000e+00,9.0181036399126664e-17,9.0181036399126664e-17
3.2499999999999997e-09,3.2500000000000000e+03,0.0000000000000000e+00,0.0000000000000000e+00,5.9707097462926674e-17,5.9707097462926674e-17
3.2510000000000000e-09,3.2510000000000000e+03,0.0000000000000000e+00,0.0000000000000000e+00,9.0744940170951835e-17,9.0744940170951835e-17
3.2519999999999999e-09,3.2520000000000000e+03,0.0000000000000000e+00,0.0000000000000000e+00,7.7343496018324238e-17,7.7343496018324238e-17
3.2529999999999998e-09,3.2530000000000000e+03,0.0000000000000000e+00,0.0000000000000000e+00,5.6774857549208499e-17,5.6774857549208499e-17
3.2540000000000001e-09,3.2540000000000000e+03,0.0000000000000000e+00,0.0000000000000000e+00,6.2829984286249147e-17,6.2829984286249147e-17
3.2550000000000000e-09,3.2550000000000000e+03,0.0000000000000000e+00,0.0000000000000000e+00,8.0705062073464916e-17,8.0705062073464916e-17
3.2559999999999999e-09,3.2560000000000000e+03,0.0000000000000000e+00,0.0000000000000000e+00,6.6179799304500003e-17,6.6179799304500003e-17
3.2569999999999998e-09,3.2570000000000000e+03,0.0000000000000000e+00,0.0000000000000000e+00,6.2456765269777240e-17,6.2456765269777240e-17
3.2580000000000001e-09,3.2580000000000000e+03,0.0000000000000000e+00,0.0000000000000000e+00,7.1231200869180067e-17,7.1231200869180067e-17
3.2590000000000000e-09,3.2590000000000000e+03,0.0000000000000000e+00,0.0000000000000000e+00,7.2339032087086127e-17,7.2339032087086127e-17
3.2599999999999999e-09,3.2600000000000000e+03,0.0000000000000000e+00,0.0000000000000000e+00,5.7605269526710588e-17,5.7605269526710588e-17
3.2609999999999998e-09,3.2610000000000000e+03,0.0000000000000000e+00,0.0000000000000000e+00,6.0301800775133453e-17,6.0301800775133453e-17
3.2620000000000001e-09,3.2620000000000000e+03,0.0000000000000000e+00,0.0000000000000000e+00,5.0941489803205001e-17,5.0941489803205001e-17
3.2630000000000000e-09,3.2630000000000000e+03,0.0000000000000000e+00,0.0000000000000000e+00,5.8128973841073308e-17,5.8128973841073308e-17
3.2639999999999999e-09,3.2640000000000000e+03,0.0000000000000000e+00,0.0000000000000000e+00,5.2219817554918496e-17,5.2219817554918496e-17
3.2649999999999998e-09,3.2650000000000000e+03,0.0000000000000000e+00,0.0000000000000000e+00,7.0882897654905856e-17,7.0882897654905856e-17
3.2660000000000001e-09,3.2660000000000000e+03,0.0000000000000000e+00,0.0000000000000000e+00,4.2132836943821286e-17,4.2132836943821286e-17
3.2670000000000000e-09,3.2670000000000000e+03,0.0000000000000000e+00,0.0000000000000000e+00,3.9502138217796011e-17,3.9502138217796011e-17
3.2679999999999999e-09,3.2680000000000000e+03,0.0000000000000000e+00,0.0000000000000000e+00,4.5161164988957473e-17,4.5161164988957473e-17
3.2689999999999998e-09,3.2690000000000000e+03,0.0000000000000000e+00,0.0000000000000000e+00,3.2024719288815832e-17,3.2024719288815832e-17
3.2700000000000001e-09,3.2700000000000000e+03,0.0000000000000000e+00,0.0000000000000000e+00,5.4718236716368011e-17,5.4718236716368011e-17
3.2710000000000000e-09,3.2710000000000000e+03,0.0000000000000000e+00,0.0000000000000000e+00,3.6994003335405330e-17,3.6994003335405330e-17
3.2719999999999999e-09,3.2720000000000000e+03,0.0000000000000000e+00,0.0000000000000000e+00,1.5930730365295202e-17,1.5930730365295202e-17
3.2729999999999998e-09,3.2730000000000000e+03,0.0000000000000000e+00,0.0000000000000000e+00,4.6702275091999960e-18,4.6702275091999960e-18
3.2740000000000001e-09,3.2740000000000000e+03,0.0000000000000000e+00,0.0000000000000000e+00,-1.2795729273881334e-17,-1.2795729273881334e-17
3.2750000000000000e-09,3.2750000000000000e+03,0.0000000000000000e+00,0.0000000000000000e+00,-3.1404138470590974e-17,-3.1404138470590974e-17
3.2759999999999999e-09,3.2760000000000000e+03,0.0000000000000000e+00,0.0000000000000000e+00,-2.6071727240499679e-17,-2.6071727240499679e-17
3.2769999999999997e-09,3.2770000000000000e+03,0.0000000000000000e+00,0.0000000000000000e+00,-3.9609499280509041e-17,-3.9609499280509041e-17
3.2780000000000001e-09,3.2780000000000000e+03,0.0000000000000000e+00,0.0000000000000000e+00,-5.8437283522358164e-17,-5.8437283522358164e-17
3.2789999999999999e-09,3.2790000000000000e+03,0.0000000000000000e+00,0.0000000000000000e+00,-4.6321491371540450e-17,-4.6321491371540450e-17
3.2799999999999998e-09,3.2800000000000000e+03,0.0000000000000000e+00,0.0000000000000000e+00,-3.7646090593058227e-17,-3.7646090593058227e-17
3.2809999999999997e-09,3.2810000000000000e+03,0.0000000000000000e+00,0.0000000000000000e+00,-4.9634473955080682e-17,-4.9634473955080682e-17
3.2820000000000000e-09,3.2820000000000000e+03,0.0000000000000000e+00,0.0000000000000000e+00,-6.3113814020769635e-17,-6.3113814020769635e-17
3.2829999999999999e-09,3.2830000000000000e+03,0.0000000000000000e+00,0.0000000000000000e+00,-7.7145546556036709e-17,-7.7145546556036709e-17
3.2839999999999998e-09,3.2840000000000000e+03,0.0000000000000000e+00,0.0000000000000000e+00,-7.1019251230414018e-17,-7.1019251230414018e-17
3.2850000000000001e-09,3.2850000000000000e+03,0.0000000000000000e+00,0.0000000000000000e+00,-9.1656055309405313e-17,-9.1656055309405313e-17
3.2860000000000000e-09,3.2860000000000000e+03,0.0000000000000000e+00,0.0000000000000000e+00,-8.6366001653636032e-17,-8.6366001653636032e-17
3.2869999999999999e-09,3.2870000000000000e+03,0.0000000000000000e+00,0.0000000000000000e+00,-7.5103848347174736e-17,-7.5103848347174736e-17
3.2879999999999998e-09,3.2880000000000000e+03,0.0000000000000000e+00,0.0000000000000000e+00,-7.8900766317430889e-17,-7.8900766317430889e-17
3.2890000000000001e-09,3.2890000000000000e+03,0.0000000000000000e+00,0.0000000000000000e+00,-8.8104707719872785e-17,-8.8104707719872785e-17
3.2900000000000000e-09,3.2900000000000000e+03,0.0000000000000000e+00,0.0000000000000000e+00,-8.9931975888151626e-17,-8.9931975888151626e-17
3.2909999999999999e-09,3.2910000000000000e+03,0.0000000000000000e+00,0.0000000000000000e+00,-1.0904024644502499e-16,-1.0904024644502499e-16
3.2919999999999998e-09,3.2920000000000000e+03,0.0000000000000000e+00,0.0000000000000000e+00,-1.0583474348868097e-16,-1.0583474348868097e-16
3.2930000000000001e-09,3.2930000000000000e+03,0.0000000000000000e+00,0.0000000000000000e+00,-1.1326810549290047e-16,-1.1326810549290047e-16
3.2940000000000000e-09,3.2940000000000000e+03,0.0000000000000000e+00,0.0000000000000000e+00,-1.1684930452924794e-16,-1.1684930452924794e-16
3.2949999999999999e-09,3.2950000000000000e+03,0.0000000000000000e+00,0.0000000000000000e+00,-9.1671563140136942e-17,-9.1671563140136942e-17
3.2959999999999998e-09,3.2960000000000000e+03,0.0000000000000000e+00,0.0000000000000000e+00,-9.6152857036355432e-17,-9.6152857036355432e-17
3.2970000000000001e-09,3.2970000000000000e+03,0.0000000000000000e+00,0.0000000000000000e+00,-9.1424178702821016e-17,-9.1424178702821016e-17
3.2980000000000000e-09,3.2980000000000000e+03,0.0000000000000000e+00,0.0000000000000000e+00,-1.0092253129173400e-16,-1.0092253129173400e-16
3.2989999999999999e-09,3.2990000000000000e+03,0.0000000000000000e+00,0.0000000000000000e+00,-1.1447268434719278e-16,-1.1447268434719278e-16
3.2999999999999998e-09,3.3000000000000000e+03,0.0000000000000000e+00,0.0000000000000000e+00,-1.0615922391178955e-16,-1.0615922391178955e-16
3.3010000000000001e-09,3.3010000000000000e+03,0.0000000000000000e+00,0.0000000000000000e+00,-8.4112221266070176e-17,-8.4112221266070176e-17
3.3020000000000000e-09,3.3020000000000000e+03,0.0000000000000000e+00,0.0000000000000000e+00,-6.9434916115917969e-17,-6.9434916115917969e-17
3.3029999999999999e-09,3.3030000000000000e+03,0.0000000000000000e+00,0.0000000000000000e+00,-6.8254444754329634e-17,-6.8254444754329634e-17
3.3039999999999998e-09,3.3040000000000000e+03,0.0000000000000000e+00,0.0000000000000000e+00,-6.7783178025732045e-17,-6.7783178025732045e-17
3.3050000000000001e-09,3.3050000000000000e+03,0.0000000000000000e+00,0.0000000000000000e+00,-6.8003743428134335e-17,-6.8003743428134335e-17
3.3060000000000000e-09,3.3060000000000000e+03,0.0000000000000000e+00,0.0000000000000000e+00,-4.3683515358642197e-17,-4.3683515358642197e-17
3.3069999999999999e-09,3.3070000000000000e+03,0.0000000000000000e+00,0.0000000000000000e+00,-3.6337943616162422e-17,-3.6337943616162422e-17
3.3079999999999997e-09,3.3080000000000000e+03,0.0000000000000000e+00,0.0000000000000000e+00,-3.3589789125595427e-17,-3.3589789125595427e-17
3.3090000000000001e-09,3.3090000000000000e+03,0.0000000000000000e+00,0.0000000000000000e+00,-3.3470766139320112e-17,-3.3470766139320112e-17
3.3099999999999999e-09,3.3100000000000000e+03,0.0000000000000000e+00,0.0000000000000000e+00,-2.6631747560590515e-17,-2.6631747560590515e-17
3.3109999999999998e-09,3.3110000000000000e+03,0.0000000000000000e+00,0.0000000000000000e+00,-3.7788659737113140e-18,-3.7788659737113140e-18
3.3119999999999997e-09,3.3120000000000000e+03,0.0000000000000000e+00,0.0000000000000000e+00,4.3637850944191387e-18,4.3637850944191387e-18
3.3130000000000000e-09,3.3130000000000000e+03,0.0000000000000000e+00,0.0000000000000000e+00,2.0973676563081137e-17,2.0973676563081137e-17
3.3139999999999999e-09,3.3140000000000000e+03,0.0000000000000000e+00,0.0000000000000000e+00,3.7009138260832410e-17,3.7009138260832410e-17
3.3149999999999998e-09,3.3150000000000000e+03,0.0000000000000000e+00,0.0000000000000000e+00,4.4412588310232003e-17,4.4412588310232003e-17
3.3160000000000001e-09,3.3160000000000000e+03,0.0000000000000000e+00,0.0000000000000000e+00,6.6660486510623699e-17,6.6660486510623699e-17
3.3170000000000000e-09,3.3170000000000000e+03,0.0000000000000000e+00,0.0000000000000000e+00,4.3166700378295988e-17,4.3166700378295988e-17
3.3179999999999999e-09,3.3180000000000000e+03,0.0000000000000000e+00,0.0000000000000000e+00,7.2238251927561640e-17,7.2238251927561640e-17
3.3189999999999998e-09,3.3190000000000000e+03,0.0000000000000000e+00,0.0000000000000000e+00,7.5844725105712122e-17,7.5844725105712122e-17
3.3200000000000001e-09,3.3200000000000000e+03,0.0000000000000000e+00,0.0000000000000000e+00,8.0506888481064616e-17,8.0506888481064616e-17
3.3210000000000000e-09,3.3210000000000000e+03,0.0000000000000000e+00,0.0000000000000000e+00,7.9731750297219773e-17,7.9731750297219773e-17
3.3219999999999999e-09,3.3220000000000000e+03,0.0000000000000000e+00,0.0000000000000000e+00,6.2417156822101680e-17,6.2417156822101680e-17
3.3229999999999998e-09,3.3230000000000000e+03,0.0000000000000000e+00,0.0000000000000000e+00,9.1468426796940855e-17,9.1468426796940855e-17
3.3240000000000001e-09,3.3240000000000000e+03,0.0000000000000000e+00,0.0000000000000000e+00,8.5410730880776151e-17,8.5410730880776151e-17
3.3250000000000000e-09,3.3250000000000000e+03,0.0000000000000000e+00,0.0000000000000000e+00,1.0846161910846105e-16,1.0846161910846105e-16
3.3259999999999999e-09,3.3260000000000000e+03,0.0000000000000000e+00,0.0000000000000000e+00,1.0593431441315928e-16,1.0593431441315928e-16
3.3269999999999998e-09,3.3270000000000000e+03,0.0000000000000000e+00,0.0000000000000000e+00,8.8485964904856764e-17,8.8485964904856764e-17
3.3280000000000001e-09,3.3280000000000000e+03,0.0000000000000000e+00,0.0000000000000000e+00,8.4208395017674389e-17,8.4208395017674389e-17
3.3290000000000000e-09,3.3290000000000000e+03,0.0000000000000000e+00,0.0000000000000000e+00,7.6208789006017023e-17,7.6208789006017023e-17
3.3299999999999999e-09,3.3300000000000000e+03,0.0000000000000000e+00,0.0000000000000000e+00,6.0165080432848975e-17,6.0165080432848975e-17
3.3309999999999998e-09,3.3310000000000000e+03,0.0000000000000000e+00,0.0000000000000000e+00,6.7737852998185097e-17,6.7737852998185097e-17
3.3320000000000001e-09,3.3320000000000000e+03,0.0000000000000000e+00,0.0000000000000000e+00,5.2103762825118489e-17,5.2103762825118489e-17
3.3330000000000000e-09,3.3330000000000000e+03,0.0000000000000000e+00,0.0000000000000000e+00,5.0145269058380211e-17,5.0145269058380211e-17
3.3339999999999999e-09,3.3340000000000000e+03,0.0000000000000000e+00,0.0000000000000000e+00,5.0168106577299474e-17,5.0168106577299474e-17
3.3349999999999998e-09,3.3350000000000000e+03,0.0000000000000000e+00,0.0000000000000000e+00,4.6516199633321337e-17,4.6516199633321337e-17
3.3360000000000001e-09,3.3360000000000000e+03,0.0000000000000000e+00,0.0000000000000000e+00,4.8449928913879367e-17,4.8449928913879367e-17
3.3370000000000000e-09,3.3370000000000000e+03,0.0000000000000000e+00,0.0000000000000000e+00,6.9524266109006535e-17,6.9524266109006535e-17
3.3379999999999998e-09,3.3380000000000000e+03,0.0000000000000000e+00,0.0000000000000000e+00,6.1057860988343518e-17,6.1057860988343518e-17
3.3389999999999997e-09,3.3390000000000000e+03,0.0000000000000000e+00,0.0000000000000000e+00,5.6207030877247122e-17,5.6207030877247122e-17
3.3400000000000000e-09,3.3400000000000000e+03,0.0000000000000000e+00,0.0000000000000000e+00,5.1310955287639162e-17,5.1310955287639162e-17
3.3409999999999999e-09,3.3410000000000000e+03,0.0000000000000000e+00,0.0000000000000000e+00,2.9924695974296312e-17,2.9924695974296312e-17
3.3419999999999998e-09,3.3420000000000000e+03,0.0000000000000000e+00,0.0000000000000000e+00,2.7620166387027223e-17,2.7620166387027223e-17
3.3429999999999997e-09,3.3430000000000000e+03,0.0000000000000000e+00,0.0000000000000000e+00,2.6095911390388443e-17,2.6095911390388443e-17
3.3440000000000000e-09,3.3440000000000000e+03,0.0000000000000000e+00,0.0000000000000000e+00,3.3338271242695869e-17,3.3338271242695869e-17
3.3449999999999999e-09,3.3450000000000000e+03,0.0000000000000000e+00,0.0000000000000000e+00,3.0035743853059685e-18,3.0035743853059685e-18
3.3459999999999998e-09,3.3460000000000000e+03,0.0000000000000000e+00,0.0000000000000000e+00,-2.1357092703907740e-17,-2.1357092703907740e-17
3.3470000000000001e-09,3.3470000000000000e+03,0.0000000000000000e+00,0.0000000000000000e+00,-1.4038772181547177e-17,-1.4038772181547177e-17
3.3480000000000000e-09,3.3480000000000000e+03,0.0000000000000000e+00,0.0000000000000000e+00,1.5720103770532077e-19,1.5720103770532077e-19
3.3489999999999999e-09,3.3490000000000000e+03,0.0000000000000000e+00,0.0000000000000000e+00,9.2925198256062469e-19,9.2925198256062469e-19
3.3499999999999998e-09,3.3500000000000000e+03,0.0000000000000000e+00,0.0000000000000000e+00,2.2304333305369727e-17,2.2304333305369727e-17
3.3510000000000001e-09,3.3510000000000000e+03,0.0000000000000000e+00,0.0000000000000000e+00,-4.4169348493952888e-18,-4.4169348493952888e-18
3.3520000000000000e-09,3.3520000000000000e+03,0.0000000000000000e+00,0.0000000000000000e+00,1.7731321947006182e-18,1.7731321947006182e-18
3.3529999999999999e-09,3.3530000000000000e+03,0.0000000000000000e+00,0.0000000000000000e+00,8.2375788998115661e-18,8.2375788998115661e-18
3.3539999999999998e-09,3.3540000000000000e+03,0.0000000000000000e+00,0.0000000000000000e+00,-8.6919567982077895e-18,-8.6919567982077895e-18
3.3550000000000001e-09,3.3550000000000000e+03,0.0000000000000000e+00,0.0000000000000000e+00,-3.8598034354403634e-17,-3.8598034354403634e-17
3.3560000000000000e-09,3.3560000000000000e+03,0.0000000000000000e+00,0.0000000000000000e+00,-2.5821835705585940e-17,-2.5821835705585940e-17
3.3569999999999999e-09,3.3570000000000000e+03,0.0000000000000000e+00,0.0000000000000000e+00,-4.3306890270259500e-17,-4.3306890270259500e-17
3.3579999999999998e-09,3.3580000000000000e+03,0.0000000000000000e+00,0.0000000000000000e+00,-4.6678418703898114e-17,-4.6678418703898114e-17
3.3590000000000001e-09,3.3590000000000000e+03,0.0000000000000000e+00,0.0000000000000000e+00,-7.0478313616303899e-17,-7.0478313616303899e-17
3.3600000000000000e-09,3.3600000000000000e+03,0.0000000000000000e+00,0.0000000000000000e+00,-3.1349746455233822e-17,-3.1349746455233822e-17
3.3609999999999999e-09,3.3610000000000000e+03,0.0000000000000000e+00,0.0000000000000000e+00,-2.8976575069538470e-17,-2.8976575069538470e-17
3.3619999999999998e-09,3.3620000000000000e+03,0.0000000000000000e+00,0.0000000000000000e+00,-1.5873699128872509e-17,-1.5873699128872509e-17
3.3630000000000001e-09,3.3630000000000000e+03,0.0000000000000000e+00,0.0000000000000000e+00,-3.4756984118454592e-17,-3.4756984118454592e-17
3.3640000000000000e-09,3.3640000000000000e+03,0.0000000000000000e+00,0.0000000000000000e+00,-3.0706982769730832e-17,-3.0706982769730832e-17
3.3649999999999999e-09,3.3650000000000000e+03,0.0000000000000000e+00,0.0000000000000000e+00,-3.5270945292557627e-17,-3.5270945292557627e-17
3.3659999999999998e-09,3.3660000000000000e+03,0.0000000000000000e+00,0.0000000000000000e+00,-1.6044565048437106e-18,-1.6044565048437106e-18
3.3670000000000001e-09,3.3670000000000000e+03,0.0000000000000000e+00,0.0000000000000000e+00,-3.2176234610651081e-17,-3.2176234610651081e-17
3.3680000000000000e-09,3.3680000000000000e+03,0.0000000000000000e+00,0.0000000000000000e+00,-4.0628489324713314e-18,-4.0628489324713314e-18
3.3689999999999998e-09,3.3690000000000000e+03,0.0000000000000000e+00,0.0000000000000000e+00,-8.3629407163330145e-18,-8.3629407163330145e-18
3.3699999999999997e-09,3.3700000000000000e+03,0.0000000000000000e+00,0.0000000000000000e+00,-5.7488478158014912e-18,-5.7488478158014912e-18
3.3710000000000000e-09,3.3710000000000000e+03,0.0000000000000000e+00,0.0000000000000000e+00,5.7502568411544877e-18,5.7502568411544877e-18
3.3719999999999999e-09,3.3720000000000000e+03,0.0000000000000000e+00,0.0000000000000000e+00,4.3838739194106170e-17,4.3838739194106170e-17
3.3729999999999998e-09,3.3730000000000000e+03,0.0000000000000000e+00,0.0000000000000000e+00,1.4256822088046009e-17,1.4256822088046009e-17
3.3740000000000001e-09,3.3740000000000000e+03,0.0000000000000000e+00,0.0000000000000000e+00,4.2766453394973976e-17,4.2766453394973976e-17
3.3750000000000000e-09,3.3750000000000000e+03,0.0000000000000000e+00,0.0000000000000000e+00,4.8464847277039791e-17,4.8464847277039791e-17
3.3759999999999999e-09,3.3760000000000000e+03,0.0000000000000000e+00,0.0000000000000000e+00,7.6739656952291017e-17,7.6739656952291017e-17
3.3769999999999998e-09,3.3770000000000000e+03,0.0000000000000000e+00,0.0000000000000000e+00,3.9918418282512823e-17,3.9918418282512823e-17
3.3780000000000001e-09,3.3780000000000000e+03,0.0000000000000000e+00,0.0000000000000000e+00,7.1740612243770949e-17,7.1740612243770949e-17
3.3790000000000000e-09,3.3790000000000000e+03,0.0000000000000000e+00,0.0000000000000000e+00,4.6932251161031300e-17,4.6932251161031300e-17
3.3799999999999999e-09,3.3800000000000000e+03,0.0000000000000000e+00,0.0000000000000000e+00,5.8837094127754861e-17,5.8837094127754861e-17
3.3809999999999998e-09,3.3810000000000000e+03,0.0000000000000000e+00,0.0000000000000000e+00,4.2306943402343895e-17,4.2306943402343895e-17
3.3820000000000001e-09,3.3820000000000000e+03,0.0000000000000000e+00,0.0000000000000000e+00,5.8686695828352861e-17,5.8686695828352861e-17
3.3830000000000000e-09,3.3830000000000000e+03,0.0000000000000000e+00,0.0000000000000000e+00,8.8550272409633054e-17,8.8550272409633054e-17
3.3839999999999999e-09,3.3840000000000000e+03,0.0000000000000000e+00,0.0000000000000000e+00,9.5729047512398013e-17,9.5729047512398013e-17
3.3849999999999998e-09,3.3850000000000000e+03,0.0000000000000000e+00,0.0000000000000000e+00,1.0819816582730136e-16,1.0819816582730136e-16
3.3860000000000001e-09,3.3860000000000000e+03,0.0000000000000000e+00,0.0000000000000000e+00,9.4116417052552319e-17,9.4116417052552319e-17
3.3870000000000000e-09,3.3870000000000000e+03,0.0000000000000000e+00,0.0000000000000000e+00,9.7802590407889562e-17,9.7802590407889562e-17
3.3879999999999999e-09,3.3880000000000000e+03,0.0000000000000000e+00,0.0000000000000000e+00,9.4774882405153422e-17,9.4774882405153422e-17
3.3889999999999998e-09,3.3890000000000000e+03,0.0000000000000000e+00,0.0000000000000000e+00,8.4433383012226731e-17,8.4433383012226731e-17
3.3900000000000001e-09,3.3900000000000000e+03,0.0000000000000000e+00,0.0000000000000000e+00,7.5631702588312150e-17,7.5631702588312150e-17
3.3910000000000000e-09,3.3910000000000000e+03,0.0000000000000000e+00,0.0000000000000000e+00,7.0839211041760839e-17,7.0839211041760839e-17
3.3919999999999999e-09,3.3920000000000000e+03,0.0000000000000000e+00,0.0000000000000000e+00,8.5893715982821955e-17,8.5893715982821955e-17
3.3929999999999998e-09,3.3930000000000000e+03,0.0000000000000000e+00,0.0000000000000000e+00,9.5791470802540326e-17,9.5791470802540326e-17
3.3940000000000001e-09,3.3940000000000000e+03,0.0000000000000000e+00,0.0000000000000000e+00,9.6899855988052668e-17,9.6899855988052668e-17
3.3950000000000000e-09,3.3950000000000000e+03,0.0000000000000000e+00,0.0000000000000000e+00,9.0605541124502827e-17,9.0605541124502827e-17
3.3959999999999999e-09,3.3960000000000000e+03,0.0000000000000000e+00,0.0000000000000000e+00,7.1379016831510547e-17,7.1379016831510547e-17
3.3969999999999997e-09,3.3970000000000000e+03,0.0000000000000000e+00,0.0000000000000000e+00,8.7103955913906578e-17,8.7103955913906578e-17
3.3980000000000001e-09,3.3980000000000000e+03,0.0000000000000000e+00,0.0000000000000000e+00,7.5027421040886944e-17,7.5027421040886944e-17
3.3989999999999999e-09,3.3990000000000000e+03,0.0000000000000000e+00,0.0000000000000000e+00,7.6564705684404871e-17,7.6564705684404871e-17
3.3999999999999998e-09,3.4000000000000000e+03,0.0000000000000000e+00,0.0000000000000000e+00,9.4187467345102917e-17,9.4187467345102917e-17
3.4009999999999997e-09,3.4010000000000000e+03,0.0000000000000000e+00,0.0000000000000000e+00,6.3360210545269404e-17,6.3360210545269404e-17
3.4020000000000000e-09,3.4020000000000000e+03,0.0000000000000000e+00,0.0000000000000000e+00,4.8193076590969609e-17,4.8193076590969609e-17
3.4029999999999999e-09,3.4030000000000000e+03,0.0000000000000000e+00,0.0000000000000000e+00,2.4048617176725128e-17,2.4048617176725128e-17
3.4039999999999998e-09,3.4040000000000000e+03,0.0000000000000000e+00,0.0000000000000000e+00,3.6703056230320893e-17,3.6703056230320893e-17
3.4050000000000001e-09,3.4050000000000000e+03,0.0000000000000000e+00,0.0000000000000000e+00,4.5089952884398366e-17,4.5089952884398366e-17
3.4060000000000000e-09,3.4060000000000000e+03,0.0000000000000000e+00,0.0000000000000000e+00,4.2231949664319290e-17,4.2231949664319290e-17
3.4069999999999999e-09,3.4070000000000000e+03,0.0000000000000000e+00,0.0000000000000000e+00,2.7312761670874314e-17,2.7312761670874314e-17
3.4079999999999998e-09,3.4080000000000000e+03,0.0000000000000000e+00,0.0000000000000000e+00,5.8276819729208790e-17,5.8276819729208790e-17
3.4090000000000001e-09,3.4090000000000000e+03,0.0000000000000000e+00,0.0000000000000000e+00,3.0914676843686902e-17,3.0914676843686902e-17
3.4100000000000000e-09,3.4100000000000000e+03,0.0000000000000000e+00,0.0000000000000000e+00,3.0015455253739024e-17,3.0015455253739024e-17
3.4109999999999999e-09,3.4110000000000000e+03,0.0000000000000000e+00,0.0000000000000000e+00,6.5432507431018923e-18,6.5432507431018923e-18
3.4119999999999998e-09,3.4120000000000000e+03,0.0000000000000000e+00,0.0000000000000000e+00,7.9869344053941052e-18,7.9869344053941052e-18
3.4130000000000001e-09,3.4130000000000000e+03,0.0000000000000000e+00,0.0000000000000000e+00,3.4159735369709717e-19,3.4159735369709717e-19
3.4140000000000000e-09,3.4140000000000000e+03,0.0000000000000000e+00,0.0000000000000000e+00,3.5447841521255932e-19,3.5447841521255932e-19
3.4149999999999999e-09,3.4150000000000000e+03,0.0000000000000000e+00,0.0000000000000000e+00,-1.5665549393015667e-17,-1.5665549393015667e-17
3.4159999999999998e-09,3.4160000000000000e+03,0.0000000000000000e+00,0.0000000000000000e+00,1.6141051573334648e-17,1.6141051573334648e-17
3.4170000000000001e-09,3.4170000000000000e+03,0.0000000000000000e+00,0.0000000000000000e+00,2.6447303055977277e-17,2.6447303055977277e-17
3.4180000000000000e-09,3.4180000000000000e+03,0.0000000000000000e+00,0.0000000000000000e+00,2.0803955719085197e-17,2.0803955719085197e-17
3.4189999999999999e-09,3.4190000000000000e+03,0.0000000000000000e+00,0.0000000000000000e+00,3.3255739065364470e-18,3.3255739065364470e-18
3.4199999999999998e-09,3.4200000000000000e+03,0.0000000000000000e+00,0.0000000000000000e+00,4.4997315507775082e-18,4.4997315507775082e-18
3.4210000000000001e-09,3.4210000000000000e+03,0.0000000000000000e+00,0.0000000000000000e+00,2.8919679443324047e-18,2.8919679443324047e-18
3.4220000000000000e-09,3.4220000000000000e+03,0.0000000000000000e+00,0.0000000000000000e+00,1.1509969866611889e-17,1.1509969866611889e-17
3.4229999999999999e-09,3.4230000000000000e+03,0.0000000000000000e+00,0.0000000000000000e+00,2.4558402825852737e-19,2.4558402825852737e-19
3.4239999999999998e-09,3.4240000000000000e+03,0.0000000000000000e+00,0.0000000000000000e+00,1.1423337478765394e-17,1.1423337478765394e-17
3.4250000000000001e-09,3.4250000000000000e+03,0.0000000000000000e+00,0.0000000000000000e+00,-1.8411675749755154e-17,-1.8411675749755154e-17
3.4260000000000000e-09,3.4260000000000000e+03,0.0000000000000000e+00,0.0000000000000000e+00,-1.8964666249058691e-17,-1.8964666249058691e-17
3.4269999999999998e-09,3.4270000000000000e+03,0.0000000000000000e+00,0.0000000000000000e+00,-2.9783112911489860e-17,-2.9783112911489860e-17
3.4279999999999997e-09,3.4280000000000000e+03,0.0000000000000000e+00,0.0000000000000000e+00,-2.9639572156872829e-17,-2.9639572156872829e-17
3.4290000000000000e-09,3.4290000000000000e+03,0.0000000000000000e+00,0.0000000000000000e+00,-1.7887723992251341e-17,-1.7887723992251341e-17
3.4299999999999999e-09,3.4300000000000000e+03,0.0000000000000000e+00,0.0000000000000000e+00,-1.2371090479648183e-17,-1.2371090479648183e-17
3.4309999999999998e-09,3.4310000000000000e+03,0.0000000000000000e+00,0.0000000000000000e+00,-5.0526358585763974e-17,-5.0526358585763974e-17
3.4319999999999997e-09,3.4320000000000000e+03,0.0000000000000000e+00,0.0000000000000000e+00,-2.2625262100245275e-17,-2.2625262100245275e-17
3.4330000000000000e-09,3.4330000000000000e+03,0.0000000000000000e+00,0.0000000000000000e+00,-2.9587886674317134e-17,-2.9587886674317134e-17
3.4339999999999999e-09,3.4340000000000000e+03,0.0000000000000000e+00,0.0000000000000000e+00,-2.4583467157046371e-17,-2.4583467157046371e-17
3.4349999999999998e-09,3.4350000000000000e+03,0.0000000000000000e+00,0.0000000000000000e+00,-4.9707631369953991e-17,-4.9707631369953991e-17
3.4360000000000001e-09,3.4360000000000000e+03,0.0000000000000000e+00,0.0000000000000000e+00,-6.8834895751535675e-17,-6.8834895751535675e-17
3.4370000000000000e-09,3.4370000000000000e+03,0.0000000000000000e+00,0.0000000000000000e+00,-6.4877989560752657e-17,-6.4877989560752657e-17
3.4379999999999999e-09,3.4380000000000000e+03,0.0000000000000000e+00,0.0000000000000000e+00,-5.2291779774011659e-17,-5.2291779774011659e-17
3.4389999999999998e-09,3.4390000000000000e+03,0.0000000000000000e+00,0.0000000000000000e+00,-6.3183335919418459e-17,-6.3183335919418459e-17
3.4400000000000001e-09,3.4400000000000000e+03,0.0000000000000000e+00,0.0000000000000000e+00,-5.5326388590780851e-17,-5.5326388590780851e-17
3.4410000000000000e-09,3.4410000000000000e+03,0.0000000000000000e+00,0.0000000000000000e+00,-4.6102714658935394e-17,-4.6102714658935394e-17
3.4419999999999999e-09,3.4420000000000000e+03,0.0000000000000000e+00,0.0000000000000000e+00,-5.4244797588603939e-17,-5.4244797588603939e-17
3.4429999999999998e-09,3.4430000000000000e+03,0.0000000000000000e+00,0.0000000000000000e+00,-5.6734197650358671e-17,-5.6734197650358671e-17
3.4440000000000001e-09,3.4440000000000000e+03,0.0000000000000000e+00,0.0000000000000000e+00,-5.9548386036171334e-17,-5.9548386036171334e-17
3.4450000000000000e-09,3.4450000000000000e+03,0.0000000000000000e+00,0.0000000000000000e+00,-3.3543023825853589e-17,-3.3543023825853589e-17
3.4459999999999999e-09,3.4460000000000000e+03,0.0000000000000000e+00,0.0000000000000000e+00,-3.3054897388638498e-17,-3.3054897388638498e-17
3.4469999999999998e-09,3.4470000000000000e+03,0.0000000000000000e+00,0.0000000000000000e+00,-5.5082032246056859e-17,-5.5082032246056859e-17
3.4480000000000001e-09,3.4480000000000000e+03,0.0000000000000000e+00,0.0000000000000000e+00,-4.3883401542252617e-17,-4.3883401542252617e-17
3.4490000000000000e-09,3.4490000000000000e+03,0.0000000000000000e+00,0.0000000000000000e+00,-2.4766024768621766e-17,-2.4766024768621766e-17
3.4499999999999999e-09,3.4500000000000000e+03,0.0000000000000000e+00,0.0000000000000000e+00,-2.2090634532874112e-17,-2.2090634532874112e-17
3.4509999999999998e-09,3.4510000000000000e+03,0.0000000000000000e+00,0.0000000000000000e+00,-1.3251504566064016e-17,-1.3251504566064016e-17
3.4520000000000001e-09,3.4520000000000000e+03,0.0000000000000000e+00,0.0000000000000000e+00,-4.1465474235649607e-17,-4.1465474235649607e-17
3.4530000000000000e-09,3.4530000000000000e+03,0.0000000000000000e+00,0.0000000000000000e+00,-2.2380414389682142e-17,-2.2380414389682142e-17
3.4539999999999999e-09,3.4540000000000000e+03,0.0000000000000000e+00,0.0000000000000000e+00,-1.0029771139578556e-17,-1.0029771139578556e-17
3.4549999999999998e-09,3.4550000000000000e+03,0.0000000000000000e+00,0.0000000000000000e+00,-6.5815189927902905e-18,-6.5815189927902905e-18
3.4560000000000001e-09,3.4560000000000000e+03,0.0000000000000000e+00,0.0000000000000000e+00,1.6113899412984483e-17,1.6113899412984483e-17
3.4570000000000000e-09,3.4570000000000000e+03,0.0000000000000000e+00,0.0000000000000000e+00,-3.2865146180281322e-18,-3.2865146180281322e-18
3.4579999999999998e-09,3.4580000000000000e+03,0.0000000000000000e+00,0.0000000000000000e+00,5.6582156761816375e-18,5.6582156761816375e-18
3.4589999999999997e-09,3.4590000000000000e+03,0.0000000000000000e+00,0.0000000000000000e+00,-6.8281646456020263e-18,-6.8281646456020263e-18
3.4600000000000000e-09,3.4600000000000000e+03,0.0000000000000000e+00,0.0000000000000000e+00,5.5118650630259442e-18,5.5118650630259442e-18
3.4609999999999999e-09,3.4610000000000000e+03,0.0000000000000000e+00,0.0000000000000000e+00,1.4991615756930364e-17,1.4991615756930364e-17
3.4619999999999998e-09,3.4620000000000000e+03,0.0000000000000000e+00,0.0000000000000000e+00,2.5896238179455893e-17,2.5896238179455893e-17
3.4629999999999997e-09,3.4630000000000000e+03,0.0000000000000000e+00,0.0000000000000000e+00,2.4364856014189893e-17,2.4364856014189893e-17
3.4640000000000000e-09,3.4640000000000000e+03,0.0000000000000000e+00,0.0000000000000000e+00,1.5615042690774819e-17,1.5615042690774819e-17
3.4649999999999999e-09,3.4650000000000000e+03,0.0000000000000000e+00,0.0000000000000000e+00,6.1561218379216391e-18,6.1561218379216391e-18
3.4659999999999998e-09,3.4660000000000000e+03,0.0000000000000000e+00,0.0000000000000000e+00,-1.1375336703250266e-17,-1.1375336703250266e-17
3.4670000000000001e-09,3.4670000000000000e+03,0.0000000000000000e+00,0.0000000000000000e+00,2.0744508919022244e-17,2.0744508919022244e-17
3.4680000000000000e-09,3.4680000000000000e+03,0.0000000000000000e+00,0.0000000000000000e+00,-5.2379466489260814e-19,-5.2379466489260814e-19
3.4689999999999999e-09,3.4690000000000000e+03,0.0000000000000000e+00,0.0000000000000000e+00,2.4017377759754335e-17,2.4017377759754335e-17
3.4699999999999998e-09,3.4700000000000000e+03,0.0000000000000000e+00,0.0000000000000000e+00,-7.4657772000389351e-18,-7.4657772000389351e-18
3.4710000000000001e-09,3.4710000000000000e+03,0.0000000000000000e+00,0.0000000000000000e+00,-2.5725754186395993e-17,-2.5725754186395993e-17
3.4720000000000000e-09,3.4720000000000000e+03,0.0000000000000000e+00,0.0000000000000000e+00,-7.8181235063259404e-18,-7.8181235063259404e-18
3.4729999999999999e-09,3.4730000000000000e+03,0.0000000000000000e+00,0.0000000000000000e+00,2.4499284195400287e-17,2.4499284195400287e-17
3.4739999999999998e-09,3.4740000000000000e+03,0.0000000000000000e+00,0.0000000000000000e+00,1.4002004451796517e-17,1.4002004451796517e-17
3.4750000000000001e-09,3.4750000000000000e+03,0.0000000000000000e+00,0.0000000000000000e+00,4.0083662938800633e-17,4.0083662938800633e-17
3.4760000000000000e-09,3.4760000000000000e+03,0.0000000000000000e+00,0.0000000000000000e+00,-2.1386197217873439e-17,-2.1386197217873439e-17
3.4769999999999999e-09,3.4770000000000000e+03,0.0000000000000000e+00,0.0000000000000000e+00,3.2260560246598526e-17,3.2260560246598526e-17
3.4779999999999998e-09,3.4780000000000000e+03,0.0000000000000000e+00,0.0000000000000000e+00,-1.0614490431439579e-17,-1.0614490431439579e-17
3.4790000000000001e-09,3.4790000000000000e+03,0.0000000000000000e+00,0.0000000000000000e+00,4.4218443862233679e-17,4.4218443862233679e-17
3.4800000000000000e-09,3.4800000000000000e+03,0.0000000000000000e+00,0.0000000000000000e+00,1.8624148810406987e-17,1.8624148810406987e-17
3.4809999999999999e-09,3.4810000000000000e+03,0.0000000000000000e+00,0.0000000000000000e+00,4.4978997129477649e-17,4.4978997129477649e-17
3.4819999999999998e-09,3.4820000000000000e+03,0.0000000000000000e+00,0.0000000000000000e+00,3.8093660295270317e-17,3.8093660295270317e-17
3.4830000000000001e-09,3.4830000000000000e+03,0.0000000000000000e+00,0.0000000000000000e+00,3.9556967292513903e-17,3.9556967292513903e-17
3.4840000000000000e-09,3.4840000000000000e+03,0.0000000000000000e+00,0.0000000000000000e+00,6.5084256520820152e-17,6.5084256520820152e-17
3.4849999999999999e-09,3.4850000000000000e+03,0.0000000000000000e+00,0.0000000000000000e+00,7.4164984532874976e-17,7.4164984532874976e-17
3.4859999999999997e-09,3.4860000000000000e+03,0.0000000000000000e+00,0.0000000000000000e+00,6.4251190232959935e-17,6.4251190232959935e-17
3.4870000000000001e-09,3.4870000000000000e+03,0.0000000000000000e+00,0.0000000000000000e+00,5.3761753275203901e-17,5.3761753275203901e-17
3.4879999999999999e-09,3.4880000000000000e+03,0.0000000000000000e+00,0.0000000000000000e+00,4.4641434273287736e-17,4.4641434273287736e-17
3.4889999999999998e-09,3.4890000000000000e+03,0.0000000000000000e+00,0.0000000000000000e+00,5.2171161393596030e-17,5.2171161393596030e-17
3.4899999999999997e-09,3.4900000000000000e+03,0.0000000000000000e+00,0.0000000000000000e+00,7.3012477349590960e-17,7.3012477349590960e-17
3.4910000000000000e-09,3.4910000000000000e+03,0.0000000000000000e+00,0.0000000000000000e+00,8.8712533385811137e-17,8.8712533385811137e-17
3.4919999999999999e-09,3.4920000000000000e+03,0.0000000000000000e+00,0.0000000000000000e+00,7.7757343576269153e-17,7.7757343576269153e-17
3.4929999999999998e-09,3.4930000000000000e+03,0.0000000000000000e+00,0.0000000000000000e+00,7.5092424408396043e-17,7.5092424408396043e-17
3.4940000000000001e-09,3.4940000000000000e+03,0.0000000000000000e+00,0.0000000000000000e+00,4.7906821223500699e-17,4.7906821223500699e-17
3.4950000000000000e-09,3.4950000000000000e+03,0.0000000000000000e+00,0.0000000000000000e+00,3.2337877082805486e-17,3.2337877082805486e-17
3.4959999999999999e-09,3.4960000000000000e+03,0.0000000000000000e+00,0.0000000000000000e+00,6.1944847123261212e-17,6.1944847123261212e-17
3.4969999999999998e-09,3.4970000000000000e+03,0.0000000000000000e+00,0.0000000000000000e+00,7.1048751998786100e-17,7.1048751998786100e-17
3.4980000000000001e-09,3.4980000000000000e+03,0.0000000000000000e+00,0.0000000000000000e+00,1.0069877188868013e-16,1.0069877188868013e-16
3.4990000000000000e-09,3.4990000000000000e+03,0.0000000000000000e+00,0.0000000000000000e+00,6.1504478159078257e-17,6.1504478159078257e-17
3.4999999999999999e-09,3.5000000000000000e+03,0.0000000000000000e+00,0.0000000000000000e+00,4.4033648546438030e-17,4.4033648546438030e-17
3.5009999999999998e-09,3.5010000000000000e+03,0.0000000000000000e+00,0.0000000000000000e+00,7.7912662799163647e-17,7.7912662799163647e-17
3.5020000000000001e-09,3.5020000000000000e+03,0.0000000000000000e+00,0.0000000000000000e+00,4.0408208781147669e-17,4.0408208781147669e-17
3.5030000000000000e-09,3.5030000000000000e+03,0.0000000000000000e+00,0.0000000000000000e+00,4.3958355476402663e-17,4.3958355476402663e-17
3.5039999999999999e-09,3.5040000000000000e+03,0.0000000000000000e+00,0.0000000000000000e+00,2.1216804546562214e-17,2.1216804546562214e-17
3.5049999999999998e-09,3.5050000000000000e+03,0.0000000000000000e+00,0.0000000000000000e+00,5.5373459192363632e-17,5.5373459192363632e-17
3.5060000000000001e-09,3.5060000000000000e+03,0.0000000000000000e+00,0.0000000000000000e+00,3.8017672779369099e-17,3.8017672779369099e-17
3.5070000000000000e-09,3.5070000000000000e+03,0.0000000000000000e+00,0.0000000000000000e+00,5.4311730463684864e-17,5.4311730463684864e-17
3.5079999999999999e-09,3.5080000000000000e+03,0.0000000000000000e+00,0.0000000000000000e+00,5.5562478927168429e-17,5.5562478927168429e-17
3.5089999999999998e-09,3.5090000000000000e+03,0.0000000000000000e+00,0.0000000000000000e+00,8.1619466608882980e-17,8.1619466608882980e-17
3.5100000000000001e-09,3.5100000000000000e+03,0.0000000000000000e+00,0.0000000000000000e+00,6.9409460731087815e-17,6.9409460731087815e-17
3.5110000000000000e-09,3.5110000000000000e+03,0.0000000000000000e+00,0.0000000000000000e+00,5.6285867147713606e-17,5.6285867147713606e-17
3.5119999999999999e-09,3.5120000000000000e+03,0.0000000000000000e+00,0.0000000000000000e+00,2.0242646774769695e-17,2.0242646774769695e-17
3.5129999999999998e-09,3.5130000000000000e+03,0.0000000000000000e+00,0.0000000000000000e+00,4.3453951122329481e-17,4.3453951122329481e-17
3.5140000000000001e-09,3.5140000000000000e+03,0.0000000000000000e+00,0.0000000000000000e+00,3.9844438115064623e-17,3.9844438115064623e-17
3.5150000000000000e-09,3.5150000000000000e+03,0.0000000000000000e+00,0.0000000000000000e+00,3.6650276957094093e-17,3.6650276957094093e-17
3.5159999999999999e-09,3.5160000000000000e+03,0.0000000000000000e+00,0.0000000000000000e+00,3.3436834977366654e-17,3.3436834977366654e-17
3.5169999999999997e-09,3.5170000000000000e+03,0.0000000000000000e+00,0.0000000000000000e+00,5.4219595460733215e-17,5.4219595460733215e-17
3.5180000000000001e-09,3.5180000000000000e+03,0.0000000000000000e+00,0.0000000000000000e+00,2.0410001231227358e-17,2.0410001231227358e-17
3.5189999999999999e-09,3.5190000000000000e+03,0.0000000000000000e+00,0.0000000000000000e+00,2.8452017006234924e-17,2.8452017006234924e-17
3.5199999999999998e-09,3.5200000000000000e+03,0.0000000000000000e+00,0.0000000000000000e+00,4.2900364253417350e-18,4.2900364253417350e-18
3.5209999999999997e-09,3.5210000000000000e+03,0.0000000000000000e+00,0.0000000000000000e+00,2.4050694254714448e-17,2.4050694254714448e-17
3.5220000000000000e-09,3.5220000000000000e+03,0.0000000000000000e+00,0.0000000000000000e+00,5.4788942375003690e-18,5.4788942375003690e-18
3.5229999999999999e-09,3.5230000000000000e+03,0.0000000000000000e+00,0.0000000000000000e+00,5.6504819572235972e-18,5.6504819572235972e-18
3.5239999999999998e-09,3.5240000000000000e+03,0.0000000000000000e+00,0.0000000000000000e+00,6.1914504586980688e-20,6.1914504586980688e-20
3.5250000000000001e-09,3.5250000000000000e+03,0.0000000000000000e+00,0.0000000000000000e+00,1.2443831985144866e-17,1.2443831985144866e-17
3.5260000000000000e-09,3.5260000000000000e+03,0.0000000000000000e+00,0.0000000000000000e+00,1.3903912515383018e-17,1.3903912515383018e-17
3.5269999999999999e-09,3.5270000000000000e+03,0.0000000000000000e+00,0.0000000000000000e+00,2.4765297751311211e-17,2.4765297751311211e-17
3.5279999999999998e-09,3.5280000000000000e+03,0.0000000000000000e+00,0.0000000000000000e+00,1.6056916450117750e-17,1.6056916450117750e-17
3.5290000000000001e-09,3.5290000000000000e+03,0.0000000000000000e+00,0.0000000000000000e+00,-9.3498651476642967e-20,-9.3498651476642967e-20
3.5300000000000000e-09,3.5300000000000000e+03,0.0000000000000000e+00,0.0000000000000000e+00,-9.6551718122652415e-18,-9.6551718122652415e-18
3.5309999999999999e-09,3.5310000000000000e+03,0.0000000000000000e+00,0.0000000000000000e+00,1.0763061837080860e-18,1.0763061837080860e-18
3.5319999999999998e-09,3.5320000000000000e+03,0.0000000000000000e+00,0.0000000000000000e+00,-1.0008375850690344e-17,-1.0008375850690344e-17
3.5330000000000001e-09,3.5330000000000000e+03,0.0000000000000000e+00,0.0000000000000000e+00,1.3451190861806728e-17,1.3451190861806728e-17
3.5340000000000000e-09,3.5340000000000000e+03,0.0000000000000000e+00,0.0000000000000000e+00,2.8567054556820586e-18,2.8567054556820586e-18
3.5349999999999999e-09,3.5350000000000000e+03,0.0000000000000000e+00,0.0000000000000000e+00,1.3759465052732492e-17,1.3759465052732492e-17
3.5359999999999998e-09,3.5360000000000000e+03,0.0000000000000000e+00,0.0000000000000000e+00,6.3870116577552681e-20,6.3870116577552681e-20
3.5370000000000001e-09,3.5370000000000000e+03,0.0000000000000000e+00,0.0000000000000000e+00,-6.1079925471073127e-19,-6.1079925471073127e-19
3.5380000000000000e-09,3.5380000000000000e+03,0.0000000000000000e+00,0.0000000000000000e+00,-1.5962306326294118e-17,-1.5962306326294118e-17
3.5389999999999999e-09,3.5390000000000000e+03,0.0000000000000000e+00,0.0000000000000000e+00,3.4162011857098384e-17,3.4162011857098384e-17
3.5399999999999998e-09,3.5400000000000000e+03,0.0000000000000000e+00,0.0000000000000000e+00,3.2151454622233019e-17,3.2151454622233019e-17
3.5410000000000001e-09,3.5410000000000000e+03,0.0000000000000000e+00,0.0000000000000000e+00,1.8593522715835688e-17,1.8593522715835688e-17
3.5420000000000000e-09,3.5420000000000000e+03,0.0000000000000000e+00,0.0000000000000000e+00,-2.5440895051557092e-17,-2.5440895051557092e-17
3.5429999999999999e-09,3.5430000000000000e+03,0.0000000000000000e+00,0.0000000000000000e+00,-2.9028104699701068e-18,-2.9028104699701068e-18
3.5439999999999998e-09,3.5440000000000000e+03,0.0000000000000000e+00,0.0000000000000000e+00,8.6431104495685400e-18,8.6431104495685400e-18
3.5450000000000001e-09,3.5450000000000000e+03,0.0000000000000000e+00,0.0000000000000000e+00,1.4965003829122637e-17,1.4965003829122637e-17
3.5460000000000000e-09,3.5460000000000000e+03,0.0000000000000000e+00,0.0000000000000000e+00,-1.0533678071876232e-18,-1.0533678071876232e-18
3.5469999999999998e-09,3.5470000000000000e+03,0.0000000000000000e+00,0.0000000000000000e+00,2.0228692291110775e-17,2.0228692291110775e-17
3.5479999999999997e-09,3.5480000000000000e+03,0.0000000000000000e+00,0.0000000000000000e+00,-5.3654496181946909e-18,-5.3654496181946909e-18
3.5490000000000000e-09,3.5490000000000000e+03,0.0000000000000000e+00,0.0000000000000000e+00,1.4226896759358886e-17,1.4226896759358886e-17
3.5499999999999999e-09,3.5500000000000000e+03,0.0000000000000000e+00,0.0000000000000000e+00,6.7536155783528592e-18,6.7536155783528592e-18
3.5509999999999998e-09,3.5510000000000000e+03,0.0000000000000000e+00,0.0000000000000000e+00,1.6280320725657687e-17,1.6280320725657687e-17
3.5519999999999997e-09,3.5520000000000000e+03,0.0000000000000000e+00,0.0000000000000000e+00,2.3613721781378772e-17,2.3613721781378772e-17
3.5530000000000000e-09,3.5530000000000000e+03,0.0000000000000000e+00,0.0000000000000000e+00,3.2285315223615697e-17,3.2285315223615697e-17
3.5539999999999999e-09,3.5540000000000000e+03,0.0000000000000000e+00,0.0000000000000000e+00,-1.1625394848085602e-17,-1.1625394848085602e-17
3.5549999999999998e-09,3.5550000000000000e+03,0.0000000000000000e+00,0.0000000000000000e+00,3.3376844737053365e-18,3.3376844737053365e-18
3.5560000000000001e-09,3.5560000000000000e+03,0.0000000000000000e+00,0.0000000000000000e+00,-1.5119371697048309e-17,-1.5119371697048309e-17
3.5570000000000000e-09,3.5570000000000000e+03,0.0000000000000000e+00,0.0000000000000000e+00,3.5139616581169537e-17,3.5139616581169537e-17
3.5579999999999999e-09,3.5580000000000000e+03,0.0000000000000000e+00,0.0000000000000000e+00,1.4621019695348102e-17,1.4621019695348102e-17
3.5589999999999998e-09,3.5590000000000000e+03,0.0000000000000000e+00,0.0000000000000000e+00,1.4965278674905356e-17,1.4965278674905356e-17
3.5600000000000001e-09,3.5600000000000000e+03,0.0000000000000000e+00,0.0000000000000000e+00,-4.1855689284277585e-17,-4.1855689284277585e-17
3.5610000000000000e-09,3.5610000000000000e+03,0.0000000000000000e+00,0.0000000000000000e+00,-1.1185086667618004e-17,-1.1185086667618004e-17
3.5619999999999999e-09,3.5620000000000000e+03,0.0000000000000000e+00,0.0000000000000000e+00,3.7562059438494757e-18,3.7562059438494757e-18
3.5629999999999998e-09,3.5630000000000000e+03,0.0000000000000000e+00,0.0000000000000000e+00,7.2041811082906025e-18,7.2041811082906025e-18
3.5640000000000001e-09,3.5640000000000000e+03,0.0000000000000000e+00,0.0000000000000000e+00,-2.7218720628094024e-17,-2.7218720628094024e-17
3.5650000000000000e-09,3.5650000000000000e+03,0.0000000000000000e+00,0.0000000000000000e+00,2.0315744016198051e-18,2.0315744016198051e-18
3.5659999999999999e-09,3.5660000000000000e+03,0.0000000000000000e+00,0.0000000000000000e+00,-2.7961690868721331e-17,-2.7961690868721331e-17
3.5669999999999998e-09,3.5670000000000000e+03,0.0000000000000000e+00,0.0000000000000000e+00,-3.2597418119643682e-17,-3.2597418119643682e-17
3.5680000000000001e-09,3.5680000000000000e+03,0.0000000000000000e+00,0.0000000000000000e+00,-5.0139762204502300e-17,-5.0139762204502300e-17
3.5690000000000000e-09,3.5690000000000000e+03,0.0000000000000000e+00,0.0000000000000000e+00,-2.7811350605090112e-17,-2.7811350605090112e-17
3.5699999999999999e-09,3.5700000000000000e+03,0.0000000000000000e+00,0.0000000000000000e+00,-3.1872822257531008e-17,-3.1872822257531008e-17
3.5709999999999998e-09,3.5710000000000000e+03,0.0000000000000000e+00,0.0000000000000000e+00,-1.9037937714573453e-17,-1.9037937714573453e-17
3.5720000000000001e-09,3.5720000000000000e+03,0.0000000000000000e+00,0.0000000000000000e+00,-3.7888378868607135e-17,-3.7888378868607135e-17
3.5730000000000000e-09,3.5730000000000000e+03,0.0000000000000000e+00,0.0000000000000000e+00,-2.4438910414520763e-17,-2.4438910414520763e-17
3.5739999999999999e-09,3.5740000000000000e+03,0.0000000000000000e+00,0.0000000000000000e+00,-3.9544848559465217e-17,-3.9544848559465217e-17
3.5749999999999998e-09,3.5750000000000000e+03,0.0000000000000000e+00,0.0000000000000000e+00,-6.3369313208713508e-17,-6.3369313208713508e-17
3.5760000000000001e-09,3.5760000000000000e+03,0.0000000000000000e+00,0.0000000000000000e+00,-4.4197149518944877e-17,-4.4197149518944877e-17
3.5770000000000000e-09,3.5770000000000000e+03,0.0000000000000000e+00,0.0000000000000000e+00,-4.2758187945497607e-17,-4.2758187945497607e-17
3.5779999999999998e-09,3.5780000000000000e+03,0.0000000000000000e+00,0.0000000000000000e+00,-7.8900779095087603e-18,-7.8900779095087603e-18
3.5789999999999997e-09,3.5790000000000000e+03,0.0000000000000000e+00,0.0000000000000000e+00,-4.5783057247649873e-17,-4.5783057247649873e-17
3.5800000000000000e-09,3.5800000000000000e+03,0.0000000000000000e+00,0.0000000000000000e+00,-1.2029582929369700e-17,-1.2029582929369700e-17
3.5809999999999999e-09,3.5810000000000000e+03,0.0000000000000000e+00,0.0000000000000000e+00,1.7444210605386606e-17,1.7444210605386606e-17
3.5819999999999998e-09,3.5820000000000000e+03,0.0000000000000000e+00,0.0000000000000000e+00,-2.6810066819976424e-18,-2.6810066819976424e-18
3.5829999999999997e-09,3.5830000000000000e+03,0.0000000000000000e+00,0.0000000000000000e+00,-1.8189063752114007e-17,-1.8189063752114007e-17
3.5840000000000000e-09,3.5840000000000000e+03,0.0000000000000000e+00,0.0000000000000000e+00,-6.0307001435896401e-17,-6.0307001435896401e-17
3.5849999999999999e-09,3.5850000000000000e+03,0.0000000000000000e+00,0.0000000000000000e+00,-5.1804969479474080e-17,-5.1804969479474080e-17
3.5859999999999998e-09,3.5860000000000000e+03,0.0000000000000000e+00,0.0000000000000000e+00,-4.6805692390267244e-17,-4.6805692390267244e-17
3.5870000000000001e-09,3.5870000000000000e+03,0.0000000000000000e+00,0.0000000000000000e+00,-2.9372617769797049e-17,-2.9372617769797049e-17
3.5880000000000000e-09,3.5880000000000000e+03,0.0000000000000000e+00,0.0000000000000000e+00,-2.2381191920449565e-17,-2.2381191920449565e-17
3.5889999999999999e-09,3.5890000000000000e+03,0.0000000000000000e+00,0.0000000000000000e+00,-7.4851118655709533e-18,-7.4851118655709533e-18
3.5899999999999998e-09,3.5900000000000000e+03,0.0000000000000000e+00,0.0000000000000000e+00,-4.0923182182000014e-17,-4.0923182182000014e-17
3.5910000000000001e-09,3.5910000000000000e+03,0.0000000000000000e+00,0.0000000000000000e+00,-3.9090842718946662e-17,-3.9090842718946662e-17
3.5920000000000000e-09,3.5920000000000000e+03,0.0000000000000000e+00,0.0000000000000000e+00,-3.9999742852559842e-17,-3.9999742852559842e-17
3.5929999999999999e-09,3.5930000000000000e+03,0.0000000000000000e+00,0.0000000000000000e+00,-1.8692960741594001e-17,-1.8692960741594001e-17
3.5939999999999998e-09,3.5940000000000000e+03,0.0000000000000000e+00,0.0000000000000000e+00,-5.6292201497687407e-18,-5.6292201497687407e-18
3.5950000000000001e-09,3.5950000000000000e+03,0.0000000000000000e+00,0.0000000000000000e+00,1.5863038272837182e-17,1.5863038272837182e-17
3.5960000000000000e-09,3.5960000000000000e+03,0.0000000000000000e+00,0.0000000000000000e+00,-1.8046363723401163e-17,-1.8046363723401163e-17
3.5969999999999999e-09,3.5970000000000000e+03,0.0000000000000000e+00,0.0000000000000000e+00,-3.5202596032624020e-17,-3.5202596032624020e-17
3.5979999999999998e-09,3.5980000000000000e+03,0.0000000000000000e+00,0.0000000000000000e+00,-8.3032106808860551e-17,-8.3032106808860551e-17
3.5990000000000001e-09,3.5990000000000000e+03,0.0000000000000000e+00,0.0000000000000000e+00,-5.0912723303491835e-17,-5.0912723303491835e-17
3.6000000000000000e-09,3.6000000000000000e+03,0.0000000000000000e+00,0.0000000000000000e+00,-6.9506047594147878e-17,-6.9506047594147878e-17
3.6009999999999999e-09,3.6010000000000000e+03,0.0000000000000000e+00,0.0000000000000000e+00,-8.5392638119733909e-17,-8.5392638119733909e-17
3.6019999999999998e-09,3.6020000000000000e+03,0.0000000000000000e+00,0.0000000000000000e+00,-6.2734603888037009e-17,-6.2734603888037009e-17
3.6030000000000001e-09,3.6030000000000000e+03,0.0000000000000000e+00,0.0000000000000000e+00,-6.8354810980883887e-17,-6.8354810980883887e-17
3.6040000000000000e-09,3.6040000000000000e+03,0.0000000000000000e+00,0.0000000000000000e+00,-7.8639220527466765e-17,-7.8639220527466765e-17
3.6049999999999999e-09,3.6050000000000000e+03,0.0000000000000000e+00,0.0000000000000000e+00,-8.8333893223867530e-17,-8.8333893223867530e-17
3.6059999999999997e-09,3.6060000000000000e+03,0.0000000000000000e+00,0.0000000000000000e+00,-9.0870887789459097e-17,-9.0870887789459097e-17
3.6070000000000001e-09,3.6070000000000000e+03,0.0000000000000000e+00,0.0000000000000000e+00,-8.9652580034927868e-17,-8.9652580034927868e-17
3.6079999999999999e-09,3.6080000000000000e+03,0.0000000000000000e+00,0.0000000000000000e+00,-1.1737907725890280e-16,-1.1737907725890280e-16
3.6089999999999998e-09,3.6090000000000000e+03,0.0000000000000000e+00,0.0000000000000000e+00,-1.0900309137356238e-16,-1.0900309137356238e-16
3.6099999999999997e-09,3.6100000000000000e+03,0.0000000000000000e+00,0.0000000000000000e+00,-1.1888324038160321e-16,-1.1888324038160321e-16
3.6110000000000000e-09,3.6110000000000000e+03,0.0000000000000000e+00,0.0000000000000000e+00,-9.1779787923072277e-17,-9.1779787923072277e-17
3.6119999999999999e-09,3.6120000000000000e+03,0.0000000000000000e+00,0.0000000000000000e+00,-1.0685233123266912e-16,-1.0685233123266912e-16
3.6129999999999998e-09,3.6130000000000000e+03,0.0000000000000000e+00,0.0000000000000000e+00,-8.0857794415218421e-17,-8.0857794415218421e-17
3.6139999999999997e-09,3.6140000000000000e+03,0.0000000000000000e+00,0.0000000000000000e+00,-1.0275983951527152e-16,-1.0275983951527152e-16
3.6150000000000000e-09,3.6150000000000000e+03,0.0000000000000000e+00,0.0000000000000000e+00,-9.1661382752699454e-17,-9.1661382752699454e-17
3.6159999999999999e-09,3.6160000000000000e+03,0.0000000000000000e+00,0.0000000000000000e+00,-1.1175887016605591e-16,-1.1175887016605591e-16
3.6169999999999998e-09,3.6170000000000000e+03,0.0000000000000000e+00,0.0000000000000000e+00,-9.1375527384530248e-17,-9.1375527384530248e-17
3.6180000000000001e-09,3.6180000000000000e+03,0.0000000000000000e+00,0.0000000000000000e+00,-7.4623555613849420e-17,-7.4623555613849420e-17
3.6190000000000000e-09,3.6190000000000000e+03,0.0000000000000000e+00,0.0000000000000000e+00,-5.6586204947370126e-17,-5.6586204947370126e-17
3.6199999999999999e-09,3.6200000000000000e+03,0.0000000000000000e+00,0.0000000000000000e+00,-4.2613564221931688e-17,-4.2613564221931688e-17
3.6209999999999998e-09,3.6210000000000000e+03,0.0000000000000000e+00,0.0000000000000000e+00,-5.0484910512200945e-17,-5.0484910512200945e-17
3.6220000000000001e-09,3.6220000000000000e+03,0.0000000000000000e+00,0.0000000000000000e+00,-6.7413345537599989e-17,-6.7413345537599989e-17
3.6230000000000000e-09,3.6230000000000000e+03,0.0000000000000000e+00,0.0000000000000000e+00,-1.8070658581741172e-17,-1.8070658581741172e-17
3.6239999999999999e-09,3.6240000000000000e+03,0.0000000000000000e+00,0.0000000000000000e+00,-3.9949151429045411e-17,-3.9949151429045411e-17
3.6249999999999998e-09,3.6250000000000000e+03,0.0000000000000000e+00,0.0000000000000000e+00,-8.4763649418695263e-18,-8.4763649418695263e-18
3.6260000000000001e-09,3.6260000000000000e+03,0.0000000000000000e+00,0.0000000000000000e+00,-1.3568380186896406e-17,-1.3568380186896406e-17
3.6270000000000000e-09,3.6270000000000000e+03,0.0000000000000000e+00,0.0000000000000000e+00,-2.1439726477165668e-17,-2.1439726477165668e-17
3.6279999999999999e-09,3.6280000000000000e+03,0.0000000000000000e+00,0.0000000000000000e+00,-2.7622631249429087e-17,-2.7622631249429087e-17
3.6289999999999998e-09,3.6290000000000000e+03,0.0000000000000000e+00,0.0000000000000000e+00,2.6553997359644156e-18,2.6553997359644156e-18
3.6300000000000001e-09,3.6300000000000000e+03,0.0000000000000000e+00,0.0000000000000000e+00,-2.2934876542944237e-17,-2.2934876542944237e-17
3.6310000000000000e-09,3.6310000000000000e+03,0.0000000000000000e+00,0.0000000000000000e+00,6.0154545744670542e-18,6.0154545744670542e-18
3.6319999999999999e-09,3.6320000000000000e+03,0.0000000000000000e+00,0.0000000000000000e+00,-2.5818073562732465e-17,-2.5818073562732465e-17
3.6329999999999998e-09,3.6330000000000000e+03,0.0000000000000000e+00,0.0000000000000000e+00,-3.8772422041106750e-17,-3.8772422041106750e-17
3.6340000000000001e-09,3.6340000000000000e+03,0.0000000000000000e+00,0.0000000000000000e+00,-3.5698222570773302e-17,-3.5698222570773302e-17
3.6350000000000000e-09,3.6350000000000000e+03,0.0000000000000000e+00,0.0000000000000000e+00,-3.6916530325304544e-17,-3.6916530325304544e-17
3.6359999999999999e-09,3.6360000000000000e+03,0.0000000000000000e+00,0.0000000000000000e+00,-3.0901075750837487e-17,-3.0901075750837487e-17
3.6369999999999997e-09,3.6370000000000000e+03,0.0000000000000000e+00,0.0000000000000000e+00,-6.2342388013690054e-18,-6.2342388013690054e-18
3.6380000000000001e-09,3.6380000000000000e+03,0.0000000000000000e+00,0.0000000000000000e+00,-3.3042822834808888e-17,-3.3042822834808888e-17
3.6389999999999999e-09,3.6390000000000000e+03,0.0000000000000000e+00,0.0000000000000000e+00,-7.2505360782626874e-17,-7.2505360782626874e-17
3.6399999999999998e-09,3.6400000000000000e+03,0.0000000000000000e+00,0.0000000000000000e+00,-1.1206827778697397e-16,-1.1206827778697397e-16
3.6409999999999997e-09,3.6410000000000000e+03,0.0000000000000000e+00,0.0000000000000000e+00,-5.5349128473404017e-17,-5.5349128473404017e-17
3.6420000000000000e-09,3.6420000000000000e+03,0.0000000000000000e+00,0.0000000000000000e+00,-5.5876417831761681e-18,-5.5876417831761681e-18
3.6429999999999999e-09,3.6430000000000000e+03,0.0000000000000000e+00,0.0000000000000000e+00,-4.0362425024509303e-17,-4.0362425024509303e-17
3.6439999999999998e-09,3.6440000000000000e+03,0.0000000000000000e+00,0.0000000000000000e+00,-6.3415706737826369e-17,-6.3415706737826369e-17
3.6450000000000001e-09,3.6450000000000000e+03,0.0000000000000000e+00,0.0000000000000000e+00,-4.7520103155318482e-17,-4.7520103155318482e-17
3.6460000000000000e-09,3.6460000000000000e+03,0.0000000000000000e+00,0.0000000000000000e+00,-5.0652360709997311e-17,-5.0652360709997311e-17
3.6469999999999999e-09,3.6470000000000000e+03,0.0000000000000000e+00,0.0000000000000000e+00,-4.1276851297027618e-17,-4.1276851297027618e-17
3.6479999999999998e-09,3.6480000000000000e+03,0.0000000000000000e+00,0.0000000000000000e+00,-4.3932251032992033e-17,-4.3932251032992033e-17
3.6490000000000001e-09,3.6490000000000000e+03,0.0000000000000000e+00,0.0000000000000000e+00,-4.6764114023674663e-17,-4.6764114023674663e-17
3.6500000000000000e-09,3.6500000000000000e+03,0.0000000000000000e+00,0.0000000000000000e+00,-2.3020716403646361e-17,-2.3020716403646361e-17
3.6509999999999999e-09,3.6510000000000000e+03,0.0000000000000000e+00,0.0000000000000000e+00,-4.1152919987749648e-17,-4.1152919987749648e-17
3.6519999999999998e-09,3.6520000000000000e+03,0.0000000000000000e+00,0.0000000000000000e+00,-3.3238054808961990e-17,-3.3238054808961990e-17
3.6530000000000001e-09,3.6530000000000000e+03,0.0000000000000000e+00,0.0000000000000000e+00,-1.1175283566352336e-17,-1.1175283566352336e-17
3.6540000000000000e-09,3.6540000000000000e+03,0.0000000000000000e+00,0.0000000000000000e+00,4.3015202817865334e-18,4.3015202817865334e-18
3.6549999999999999e-09,3.6550000000000000e+03,0.0000000000000000e+00,0.0000000000000000e+00,3.5968651792483089e-18,3.5968651792483089e-18
3.6559999999999998e-09,3.6560000000000000e+03,0.0000000000000000e+00,0.0000000000000000e+00,-4.8885128195430740e-18,-4.8885128195430740e-18
3.6570000000000001e-09,3.6570000000000000e+03,0.0000000000000000e+00,0.0000000000000000e+00,-4.5457972833631567e-18,-4.5457972833631567e-18
3.6580000000000000e-09,3.6580000000000000e+03,0.0000000000000000e+00,0.0000000000000000e+00,1.5442298016542334e-17,1.5442298016542334e-17
3.6589999999999999e-09,3.6590000000000000e+03,0.0000000000000000e+00,0.0000000000000000e+00,3.8377174559486578e-17,3.8377174559486578e-17
3.6599999999999998e-09,3.6600000000000000e+03,0.0000000000000000e+00,0.0000000000000000e+00,5.9911753954276223e-17,5.9911753954276223e-17
3.6610000000000001e-09,3.6610000000000000e+03,0.0000000000000000e+00,0.0000000000000000e+00,6.3667056274399043e-17,6.3667056274399043e-17
3.6620000000000000e-09,3.6620000000000000e+03,0.0000000000000000e+00,0.0000000000000000e+00,9.4268434420752835e-18,9.4268434420752835e-18
3.6629999999999999e-09,3.6630000000000000e+03,0.0000000000000000e+00,0.0000000000000000e+00,1.2786898280577921e-17,1.2786898280577921e-17
3.6639999999999998e-09,3.6640000000000000e+03,0.0000000000000000e+00,0.0000000000000000e+00,3.7539575090748523e-17,3.7539575090748523e-17
3.6650000000000001e-09,3.6650000000000000e+03,0.0000000000000000e+00,0.0000000000000000e+00,5.0184515948204759e-17,5.0184515948204759e-17
3.6660000000000000e-09,3.6660000000000000e+03,0.0000000000000000e+00,0.0000000000000000e+00,5.6509378143589859e-17,5.6509378143589859e-17
3.6669999999999998e-09,3.6670000000000000e+03,0.0000000000000000e+00,0.0000000000000000e+00,4.6729608192078137e-17,4.6729608192078137e-17
3.6679999999999997e-09,3.6680000000000000e+03,0.0000000000000000e+00,0.0000000000000000e+00,6.3415706737826369e-17,6.3415706737826369e-17
3.6690000000000000e-09,3.6690000000000000e+03,0.0000000000000000e+00,0.0000000000000000e+00,5.8551488776623304e-17,5.8551488776623304e-17
3.6699999999999999e-09,3.6700000000000000e+03,0.0000000000000000e+00,0.0000000000000000e+00,7.9244239179067025e-17,7.9244239179067025e-17
3.6709999999999998e-09,3.6710000000000000e+03,0.0000000000000000e+00,0.0000000000000000e+00,9.5358626988476876e-17,9.5358626988476876e-17
3.6719999999999997e-09,3.6720000000000000e+03,0.0000000000000000e+00,0.0000000000000000e+00,8.2185494283200634e-17,8.2185494283200634e-17
3.6730000000000000e-09,3.6730000000000000e+03,0.0000000000000000e+00,0.0000000000000000e+00,1.0066942646040570e-16,1.0066942646040570e-16
3.6739999999999999e-09,3.6740000000000000e+03,0.0000000000000000e+00,0.0000000000000000e+00,5.8979301567914200e-17,5.8979301567914200e-17
3.6749999999999998e-09,3.6750000000000000e+03,0.0000000000000000e+00,0.0000000000000000e+00,9.5182163733758641e-17,9.5182163733758641e-17
3.6760000000000001e-09,3.6760000000000000e+03,0.0000000000000000e+00,0.0000000000000000e+00,8.5545549121703276e-17,8.5545549121703276e-17
3.6770000000000000e-09,3.6770000000000000e+03,0.0000000000000000e+00,0.0000000000000000e+00,8.3931993885551869e-17,8.3931993885551869e-17
3.6779999999999999e-09,3.6780000000000000e+03,0.0000000000000000e+00,0.0000000000000000e+00,4.7662060578440165e-17,4.7662060578440165e-17
3.6789999999999998e-09,3.6790000000000000e+03,0.0000000000000000e+00,0.0000000000000000e+00,5.6552298073940923e-17,5.6552298073940923e-17
3.6800000000000001e-09,3.6800000000000000e+03,0.0000000000000000e+00,0.0000000000000000e+00,2.1491659464438593e-17,2.1491659464438593e-17
3.6810000000000000e-09,3.6810000000000000e+03,0.0000000000000000e+00,0.0000000000000000e+00,-3.2935826554027252e-18,-3.2935826554027252e-18
3.6819999999999999e-09,3.6820000000000000e+03,0.0000000000000000e+00,0.0000000000000000e+00,-1.6004995695958872e-17,-1.6004995695958872e-17
3.6829999999999998e-09,3.6830000000000000e+03,0.0000000000000000e+00,0.0000000000000000e+00,4.0834786604757387e-18,4.0834786604757387e-18
3.6840000000000001e-09,3.6840000000000000e+03,0.0000000000000000e+00,0.0000000000000000e+00,2.0852332044159251e-17,2.0852332044159251e-17
3.6850000000000000e-09,3.6850000000000000e+03,0.0000000000000000e+00,0.0000000000000000e+00,3.7492148631936533e-17,3.7492148631936533e-17
3.6859999999999999e-09,3.6860000000000000e+03,0.0000000000000000e+00,0.0000000000000000e+00,2.0154946539534522e-17,2.0154946539534522e-17
3.6869999999999998e-09,3.6870000000000000e+03,0.0000000000000000e+00,0.0000000000000000e+00,1.8761161087475128e-17,1.8761161087475128e-17
3.6880000000000001e-09,3.6880000000000000e+03,0.0000000000000000e+00,0.0000000000000000e+00,7.4525465559002374e-18,7.4525465559002374e-18
3.6890000000000000e-09,3.6890000000000000e+03,0.0000000000000000e+00,0.0000000000000000e+00,1.8919058242231797e-19,1.8919058242231797e-19
3.6899999999999999e-09,3.6900000000000000e+03,0.0000000000000000e+00,0.0000000000000000e+00,-1.2408068913610874e-17,-1.2408068913610874e-17
3.6909999999999998e-09,3.6910000000000000e+03,0.0000000000000000e+00,0.0000000000000000e+00,-1.8703804866940098e-17,-1.8703804866940098e-17
3.6920000000000001e-09,3.6920000000000000e+03,0.0000000000000000e+00,0.0000000000000000e+00,-5.1268546313546520e-17,-5.1268546313546520e-17
3.6930000000000000e-09,3.6930000000000000e+03,0.0000000000000000e+00,0.0000000000000000e+00,-4.0548442758681423e-17,-4.0548442758681423e-17
3.6939999999999999e-09,3.6940000000000000e+03,0.0000000000000000e+00,0.0000000000000000e+00,-3.4648832935871880e-17,-3.4648832935871880e-17
3.6949999999999998e-09,3.6950000000000000e+03,0.0000000000000000e+00,0.0000000000000000e+00,-4.2558788931959474e-17,-4.2558788931959474e-17
3.6960000000000001e-09,3.6960000000000000e+03,0.0000000000000000e+00,0.0000000000000000e+00,-3.9940385549187848e-17,-3.9940385549187848e-17
3.6970000000000000e-09,3.6970000000000000e+03,0.0000000000000000e+00,0.0000000000000000e+00,-3.8800577683509555e-17,-3.8800577683509555e-17
3.6979999999999998e-09,3.6980000000000000e+03,0.0000000000000000e+00,0.0000000000000000e+00,-1.1261351427912783e-17,-1.1261351427912783e-17
3.6989999999999997e-09,3.6990000000000000e+03,0.0000000000000000e+00,0.0000000000000000e+00,-2.0862327064940812e-17,-2.0862327064940812e-17
3.7000000000000000e-09,3.7000000000000000e+03,0.0000000000000000e+00,0.0000000000000000e+00,-1.9940937737611383e-17,-1.9940937737611383e-17
3.7009999999999999e-09,3.7010000000000000e+03,0.0000000000000000e+00,0.0000000000000000e+00,9.2715212145292357e-18,9.2715212145292357e-18
3.7019999999999998e-09,3.7020000000000000e+03,0.0000000000000000e+00,0.0000000000000000e+00,8.4758159950913753e-18,8.4758159950913753e-18
3.7029999999999997e-09,3.7030000000000000e+03,0.0000000000000000e+00,0.0000000000000000e+00,2.0779011704693452e-17,2.0779011704693452e-17
3.7040000000000000e-09,3.7040000000000000e+03,0.0000000000000000e+00,0.0000000000000000e+00,2.3366363694211818e-17,2.3366363694211818e-17
3.7049999999999999e-09,3.7050000000000000e+03,0.0000000000000000e+00,0.0000000000000000e+00,1.6197152497945339e-17,1.6197152497945339e-17
3.7059999999999998e-09,3.7060000000000000e+03,0.0000000000000000e+00,0.0000000000000000e+00,1.8546760206377083e-17,1.8546760206377083e-17
3.7070000000000001e-09,3.7070000000000000e+03,0.0000000000000000e+00,0.0000000000000000e+00,2.9318028610658037e-17,2.9318028610658037e-17
3.7080000000000000e-09,3.7080000000000000e+03,0.0000000000000000e+00,0.0000000000000000e+00,3.5217853890342928e-17,3.5217853890342928e-17
3.7089999999999999e-09,3.7090000000000000e+03,0.0000000000000000e+00,0.0000000000000000e+00,4.3193244937997493e-17,4.3193244937997493e-17
3.7099999999999998e-09,3.7100000000000000e+03,0.0000000000000000e+00,0.0000000000000000e+00,4.9857783846457760e-17,4.9857783846457760e-17
3.7110000000000001e-09,3.7110000000000000e+03,0.0000000000000000e+00,0.0000000000000000e+00,5.2083811617064367e-17,5.2083811617064367e-17
3.7120000000000000e-09,3.7120000000000000e+03,0.0000000000000000e+00,0.0000000000000000e+00,6.6187322799571073e-17,6.6187322799571073e-17
3.7129999999999999e-09,3.7130000000000000e+03,0.0000000000000000e+00,0.0000000000000000e+00,7.0642797326194901e-17,7.0642797326194901e-17
3.7139999999999998e-09,3.7140000000000000e+03,0.0000000000000000e+00,0.0000000000000000e+00,5.7769914006191469e-17,5.7769914006191469e-17
3.7150000000000001e-09,3.7150000000000000e+03,0.0000000000000000e+00,0.0000000000000000e+00,5.0770052407429305e-17,5.0770052407429305e-17
3.7160000000000000e-09,3.7160000000000000e+03,0.0000000000000000e+00,0.0000000000000000e+00,5.6056880770592008e-17,5.6056880770592008e-17
3.7169999999999999e-09,3.7170000000000000e+03,0.0000000000000000e+00,0.0000000000000000e+00,7.0004785658717128e-17,7.0004785658717128e-17
3.7179999999999998e-09,3.7180000000000000e+03,0.0000000000000000e+00,0.0000000000000000e+00,6.4821743387310542e-17,6.4821743387310542e-17
3.7190000000000001e-09,3.7190000000000000e+03,0.0000000000000000e+00,0.0000000000000000e+00,6.0356956551790858e-17,6.0356956551790858e-17
3.7200000000000000e-09,3.7200000000000000e+03,0.0000000000000000e+00,0.0000000000000000e+00,6.1641052326703243e-17,6.1641052326703243e-17
3.7209999999999999e-09,3.7210000000000000e+03,0.0000000000000000e+00,0.0000000000000000e+00,6.2733017241941347e-17,6.2733017241941347e-17
3.7219999999999998e-09,3.7220000000000000e+03,0.0000000000000000e+00,0.0000000000000000e+00,7.2185631023446426e-17,7.2185631023446426e-17
3.7230000000000001e-09,3.7230000000000000e+03,0.0000000000000000e+00,0.0000000000000000e+00,5.8870233588851608e-17,5.8870233588851608e-17
3.7240000000000000e-09,3.7240000000000000e+03,0.0000000000000000e+00,0.0000000000000000e+00,3.8394832435337132e-17,3.8394832435337132e-17
3.7249999999999999e-09,3.7250000000000000e+03,0.0000000000000000e+00,0.0000000000000000e+00,9.4417409053422331e-18,9.4417409053422331e-18
3.7259999999999997e-09,3.7260000000000000e+03,0.0000000000000000e+00,0.0000000000000000e+00,2.7690228171740534e-17,2.7690228171740534e-17
3.7270000000000001e-09,3.7270000000000000e+03,0.0000000000000000e+00,0.0000000000000000e+00,2.1788900211668994e-17,2.1788900211668994e-17
3.7279999999999995e-09,3.7280000000000000e+03,0.0000000000000000e+00,0.0000000000000000e+00,1.4120993846428686e-17,1.4120993846428686e-17
3.7289999999999998e-09,3.7290000000000000e+03,0.0000000000000000e+00,0.0000000000000000e+00,2.1309672076219995e-17,2.1309672076219995e-17
3.7300000000000001e-09,3.7300000000000000e+03,0.0000000000000000e+00,0.0000000000000000e+00,4.1988414430720538e-17,4.1988414430720538e-17
3.7309999999999996e-09,3.7310000000000000e+03,0.0000000000000000e+00,0.0000000000000000e+00,1.3889226530365859e-17,1.3889226530365859e-17
3.7319999999999999e-09,3.7320000000000000e+03,0.0000000000000000e+00,0.0000000000000000e+00,2.8410349027655916e-17,2.8410349027655916e-17
3.7330000000000002e-09,3.7330000000000000e+03,0.0000000000000000e+00,0.0000000000000000e+00,1.9338530633964735e-17,1.9338530633964735e-17
3.7339999999999997e-09,3.7340000000000000e+03,0.0000000000000000e+00,0.0000000000000000e+00,4.2588666921641998e-17,4.2588666921641998e-17
3.7350000000000000e-09,3.7350000000000000e+03,0.0000000000000000e+00,0.0000000000000000e+00,4.0386288080512138e-17,4.0386288080512138e-17
3.7360000000000003e-09,3.7360000000000000e+03,0.0000000000000000e+00,0.0000000000000000e+00,2.8632805883050647e-17,2.8632805883050647e-17
3.7369999999999998e-09,3.7370000000000000e+03,0.0000000000000000e+00,0.0000000000000000e+00,1.9382612840485584e-17,1.9382612840485584e-17
3.7380000000000001e-09,3.7380000000000000e+03,0.0000000000000000e+00,0.0000000000000000e+00,4.9312652903314084e-17,4.9312652903314084e-17
3.7389999999999996e-09,3.7390000000000000e+03,0.0000000000000000e+00,0.0000000000000000e+00,3.7685987020682306e-17,3.7685987020682306e-17
3.7399999999999999e-09,3.7400000000000000e+03,0.0000000000000000e+00,0.0000000000000000e+00,5.5958625951901853e-17,5.5958625951901853e-17
3.7410000000000002e-09,3.7410000000000000e+03,0.0000000000000000e+00,0.0000000000000000e+00,5.6589304014015870e-17,5.6589304014015870e-17
3.7419999999999997e-09,3.7420000000000000e+03,0.0000000000000000e+00,0.0000000000000000e+00,4.0608157933383709e-17,4.0608157933383709e-17
3.7430000000000000e-09,3.7430000000000000e+03,0.0000000000000000e+00,0.0000000000000000e+00,4.0274557565046356e-17,4.0274557565046356e-17
3.7440000000000003e-09,3.7440000000000000e+03,0.0000000000000000e+00,0.0000000000000000e+00,6.2947451028881014e-17,6.2947451028881014e-17
3.7449999999999998e-09,3.7450000000000000e+03,0.0000000000000000e+00,0.0000000000000000e+00,3.7129281900716156e-17,3.7129281900716156e-17
3.7460000000000001e-09,3.7460000000000000e+03,0.0000000000000000e+00,0.0000000000000000e+00,8.9250769878236687e-17,8.9250769878236687e-17
3.7469999999999996e-09,3.7470000000000000e+03,0.0000000000000000e+00,0.0000000000000000e+00,4.4150865625390207e-17,4.4150865625390207e-17
3.7479999999999999e-09,3.7480000000000000e+03,0.0000000000000000e+00,0.0000000000000000e+00,6.4736804749227480e-17,6.4736804749227480e-17
3.7490000000000002e-09,3.7490000000000000e+03,0.0000000000000000e+00,0.0000000000000000e+00,3.2921616883079605e-17,3.2921616883079605e-17
3.7499999999999997e-09,3.7500000000000000e+03,0.0000000000000000e+00,0.0000000000000000e+00,2.0662181630126581e-17,2.0662181630126581e-17
3.7510000000000000e-09,3.7510000000000000e+03,0.0000000000000000e+00,0.0000000000000000e+00,3.5640945702740856e-17,3.5640945702740856e-17
3.7520000000000003e-09,3.7520000000000000e+03,0.0000000000000000e+00,0.0000000000000000e+00,4.6654195019173117e-17,4.6654195019173117e-17
3.7529999999999998e-09,3.7530000000000000e+03,0.0000000000000000e+00,0.0000000000000000e+00,3.7884471362594888e-17,3.7884471362594888e-17
3.7540000000000001e-09,3.7540000000000000e+03,0.0000000000000000e+00,0.0000000000000000e+00,3.9641316810273937e-17,3.9641316810273937e-17
3.7549999999999995e-09,3.7550000000000000e+03,0.0000000000000000e+00,0.0000000000000000e+00,3.3766502976782797e-17,3.3766502976782797e-17
3.7559999999999999e-09,3.7560000000000000e+03,0.0000000000000000e+00,0.0000000000000000e+00,1.3793748914408761e-17,1.3793748914408761e-17
3.7570000000000002e-09,3.7570000000000000e+03,0.0000000000000000e+00,0.0000000000000000e+00,1.4180988061097799e-17,1.4180988061097799e-17
3.7579999999999996e-09,3.7580000000000000e+03,0.0000000000000000e+00,0.0000000000000000e+00,2.6990484778852770e-18,2.6990484778852770e-18
3.7589999999999999e-09,3.7590000000000000e+03,0.0000000000000000e+00,0.0000000000000000e+00,-2.5011666701668865e-18,-2.5011666701668865e-18
3.7600000000000003e-09,3.7600000000000000e+03,0.0000000000000000e+00,0.0000000000000000e+00,-6.9841616800467007e-18,-6.9841616800467007e-18
3.7609999999999997e-09,3.7610000000000000e+03,0.0000000000000000e+00,0.0000000000000000e+00,-4.2296308290211796e-17,-4.2296308290211796e-17
3.7620000000000000e-09,3.7620000000000000e+03,0.0000000000000000e+00,0.0000000000000000e+00,3.2551908417709552e-18,3.2551908417709552e-18
3.7629999999999995e-09,3.7630000000000000e+03,0.0000000000000000e+00,0.0000000000000000e+00,6.9298693846009254e-18,6.9298693846009254e-18
3.7639999999999998e-09,3.7640000000000000e+03,0.0000000000000000e+00,0.0000000000000000e+00,-1.7481692193144244e-17,-1.7481692193144244e-17
3.7650000000000001e-09,3.7650000000000000e+03,0.0000000000000000e+00,0.0000000000000000e+00,8.1788282865090855e-18,8.1788282865090855e-18
3.7659999999999996e-09,3.7660000000000000e+03,0.0000000000000000e+00,0.0000000000000000e+00,-4.7171715784488308e-17,-4.7171715784488308e-17
3.7669999999999999e-09,3.7670000000000000e+03,0.0000000000000000e+00,0.0000000000000000e+00,2.6405360133169752e-18,2.6405360133169752e-18
3.7680000000000002e-09,3.7680000000000000e+03,0.0000000000000000e+00,0.0000000000000000e+00,-2.3265202212628432e-17,-2.3265202212628432e-17
3.7689999999999997e-09,3.7690000000000000e+03,0.0000000000000000e+00,0.0000000000000000e+00,-6.3316073878773989e-18,-6.3316073878773989e-18
3.7700000000000000e-09,3.7700000000000000e+03,0.0000000000000000e+00,0.0000000000000000e+00,-2.3560204684351711e-18,-2.3560204684351711e-18
3.7710000000000003e-09,3.7710000000000000e+03,0.0000000000000000e+00,0.0000000000000000e+00,-3.0745593581059821e-17,-3.0745593581059821e-17
3.7719999999999998e-09,3.7720000000000000e+03,0.0000000000000000e+00,0.0000000000000000e+00,-3.8645439768179841e-17,-3.8645439768179841e-17
3.7730000000000001e-09,3.7730000000000000e+03,0.0000000000000000e+00,0.0000000000000000e+00,-4.4721238306087478e-17,-4.4721238306087478e-17
3.7739999999999996e-09,3.7740000000000000e+03,0.0000000000000000e+00,0.0000000000000000e+00,-3.7882263704476930e-17,-3.7882263704476930e-17
3.7749999999999999e-09,3.7750000000000000e+03,0.0000000000000000e+00,0.0000000000000000e+00,-3.3755176638265651e-17,-3.3755176638265651e-17
3.7760000000000002e-09,3.7760000000000000e+03,0.0000000000000000e+00,0.0000000000000000e+00,-3.2037593208831257e-17,-3.2037593208831257e-17
3.7769999999999997e-09,3.7770000000000000e+03,0.0000000000000000e+00,0.0000000000000000e+00,-1.6527201428304162e-17,-1.6527201428304162e-17
3.7780000000000000e-09,3.7780000000000000e+03,0.0000000000000000e+00,0.0000000000000000e+00,8.1170807973729704e-18,8.1170807973729704e-18
3.7790000000000003e-09,3.7790000000000000e+03,0.0000000000000000e+00,0.0000000000000000e+00,4.2414425329163041e-18,4.2414425329163041e-18
3.7799999999999998e-09,3.7800000000000000e+03,0.0000000000000000e+00,0.0000000000000000e+00,7.5632341722131969e-19,7.5632341722131969e-19
3.7810000000000001e-09,3.7810000000000000e+03,0.0000000000000000e+00,0.0000000000000000e+00,2.6228011671140128e-18,2.6228011671140128e-18
3.7819999999999996e-09,3.7820000000000000e+03,0.0000000000000000e+00,0.0000000000000000e+00,1.6617177315245312e-17,1.6617177315245312e-17
3.7829999999999999e-09,3.7830000000000000e+03,0.0000000000000000e+00,0.0000000000000000e+00,-7.7999909597284611e-18,-7.7999909597284611e-18
3.7840000000000002e-09,3.7840000000000000e+03,0.0000000000000000e+00,0.0000000000000000e+00,-1.0598350552499005e-17,-1.0598350552499005e-17
3.7849999999999996e-09,3.7850000000000000e+03,0.0000000000000000e+00,0.0000000000000000e+00,-1.1100582117813674e-17,-1.1100582117813674e-17
3.7860000000000000e-09,3.7860000000000000e+03,0.0000000000000000e+00,0.0000000000000000e+00,-2.7623530232892415e-18,-2.7623530232892415e-18
3.7870000000000003e-09,3.7870000000000000e+03,0.0000000000000000e+00,0.0000000000000000e+00,1.4275452173019161e-17,1.4275452173019161e-17
3.7879999999999997e-09,3.7880000000000000e+03,0.0000000000000000e+00,0.0000000000000000e+00,1.6117995281542843e-17,1.6117995281542843e-17
3.7890000000000000e-09,3.7890000000000000e+03,0.0000000000000000e+00,0.0000000000000000e+00,-1.7318586094445423e-17,-1.7318586094445423e-17
3.7899999999999995e-09,3.7900000000000000e+03,0.0000000000000000e+00,0.0000000000000000e+00,5.1850246719499414e-18,5.1850246719499414e-18
3.7909999999999998e-09,3.7910000000000000e+03,0.0000000000000000e+00,0.0000000000000000e+00,1.2522534453274096e-17,1.2522534453274096e-17
3.7920000000000001e-09,3.7920000000000000e+03,0.0000000000000000e+00,0.0000000000000000e+00,1.0031494219152563e-17,1.0031494219152563e-17
3.7929999999999996e-09,3.7930000000000000e+03,0.0000000000000000e+00,0.0000000000000000e+00,2.4615036274999816e-17,2.4615036274999816e-17
3.7939999999999999e-09,3.7940000000000000e+03,0.0000000000000000e+00,0.0000000000000000e+00,3.1929347280702451e-17,3.1929347280702451e-17
3.7950000000000002e-09,3.7950000000000000e+03,0.0000000000000000e+00,0.0000000000000000e+00,1.4364451604827568e-17,1.4364451604827568e-17
3.7959999999999997e-09,3.7960000000000000e+03,0.0000000000000000e+00,0.0000000000000000e+00,7.1468746272714082e-18,7.1468746272714082e-18
3.7970000000000000e-09,3.7970000000000000e+03,0.0000000000000000e+00,0.0000000000000000e+00,3.8148887498331791e-18,3.8148887498331791e-18
3.7980000000000003e-09,3.7980000000000000e+03,0.0000000000000000e+00,0.0000000000000000e+00,8.6125282548693948e-18,8.6125282548693948e-18
3.7989999999999998e-09,3.7990000000000000e+03,0.0000000000000000e+00,0.0000000000000000e+00,2.7060496796184687e-17,2.7060496796184687e-17
3.8000000000000001e-09,3.8000000000000000e+03,0.0000000000000000e+00,0.0000000000000000e+00,3.7036724482705723e-17,3.7036724482705723e-17
3.8009999999999996e-09,3.8010000000000000e+03,0.0000000000000000e+00,0.0000000000000000e+00,2.1387863823997384e-17,2.1387863823997384e-17
3.8019999999999999e-09,3.8020000000000000e+03,0.0000000000000000e+00,0.0000000000000000e+00,3.8568627518001317e-17,3.8568627518001317e-17
3.8030000000000002e-09,3.8030000000000000e+03,0.0000000000000000e+00,0.0000000000000000e+00,5.1641930569769700e-17,5.1641930569769700e-17
3.8039999999999997e-09,3.8040000000000000e+03,0.0000000000000000e+00,0.0000000000000000e+00,3.5000711951592178e-17,3.5000711951592178e-17
3.8050000000000000e-09,3.8050000000000000e+03,0.0000000000000000e+00,0.0000000000000000e+00,3.8345973757148732e-17,3.8345973757148732e-17
3.8060000000000003e-09,3.8060000000000000e+03,0.0000000000000000e+00,0.0000000000000000e+00,3.9992472756706970e-17,3.9992472756706970e-17
3.8069999999999998e-09,3.8070000000000000e+03,0.0000000000000000e+00,0.0000000000000000e+00,1.9834336075007859e-17,1.9834336075007859e-17
3.8080000000000001e-09,3.8080000000000000e+03,0.0000000000000000e+00,0.0000000000000000e+00,1.7225647845370533e-17,1.7225647845370533e-17
3.8089999999999996e-09,3.8090000000000000e+03,0.0000000000000000e+00,0.0000000000000000e+00,3.1095693151595991e-17,3.1095693151595991e-17
3.8099999999999999e-09,3.8100000000000000e+03,0.0000000000000000e+00,0.0000000000000000e+00,4.5709527069016691e-17,4.5709527069016691e-17
3.8110000000000002e-09,3.8110000000000000e+03,0.0000000000000000e+00,0.0000000000000000e+00,3.7155481235127528e-17,3.7155481235127528e-17
3.8119999999999997e-09,3.8120000000000000e+03,0.0000000000000000e+00,0.0000000000000000e+00,1.7073073176410728e-17,1.7073073176410728e-17
3.8130000000000000e-09,3.8130000000000000e+03,0.0000000000000000e+00,0.0000000000000000e+00,3.2216694655965077e-18,3.2216694655965077e-18
3.8140000000000003e-09,3.8140000000000000e+03,0.0000000000000000e+00,0.0000000000000000e+00,2.1539299041782819e-17,2.1539299041782819e-17
3.8149999999999998e-09,3.8150000000000000e+03,0.0000000000000000e+00,0.0000000000000000e+00,1.5926461067986823e-17,1.5926461067986823e-17
3.8160000000000001e-09,3.8160000000000000e+03,0.0000000000000000e+00,0.0000000000000000e+00,1.6538484737206047e-17,1.6538484737206047e-17
3.8169999999999995e-09,3.8170000000000000e+03,0.0000000000000000e+00,0.0000000000000000e+00,5.6207845910353227e-18,5.6207845910353227e-18
3.8179999999999998e-09,3.8180000000000000e+03,0.0000000000000000e+00,0.0000000000000000e+00,-1.9173520333026795e-17,-1.9173520333026795e-17
3.8190000000000002e-09,3.8190000000000000e+03,0.0000000000000000e+00,0.0000000000000000e+00,-2.3804106764374152e-17,-2.3804106764374152e-17
3.8199999999999996e-09,3.8200000000000000e+03,0.0000000000000000e+00,0.0000000000000000e+00,-1.9226804244661843e-17,-1.9226804244661843e-17
3.8209999999999999e-09,3.8210000000000000e+03,0.0000000000000000e+00,0.0000000000000000e+00,-2.8618605831180608e-17,-2.8618605831180608e-17
3.8220000000000002e-09,3.8220000000000000e+03,0.0000000000000000e+00,0.0000000000000000e+00,-3.8682927251731665e-17,-3.8682927251731665e-17
3.8229999999999997e-09,3.8230000000000000e+03,0.0000000000000000e+00,0.0000000000000000e+00,-3.5483740480392506e-17,-3.5483740480392506e-17
3.8240000000000000e-09,3.8240000000000000e+03,0.0000000000000000e+00,0.0000000000000000e+00,-4.0302385770824154e-17,-4.0302385770824154e-17
3.8250000000000003e-09,3.8250000000000000e+03,0.0000000000000000e+00,0.0000000000000000e+00,-2.3617266821557513e-17,-2.3617266821557513e-17
3.8259999999999998e-09,3.8260000000000000e+03,0.0000000000000000e+00,0.0000000000000000e+00,-2.5967435517594972e-17,-2.5967435517594972e-17
3.8270000000000001e-09,3.8270000000000000e+03,0.0000000000000000e+00,0.0000000000000000e+00,-2.2455570549250323e-17,-2.2455570549250323e-17
3.8279999999999996e-09,3.8280000000000000e+03,0.0000000000000000e+00,0.0000000000000000e+00,-2.6417005231043560e-17,-2.6417005231043560e-17
3.8289999999999999e-09,3.8290000000000000e+03,0.0000000000000000e+00,0.0000000000000000e+00,-5.4162520067847607e-17,-5.4162520067847607e-17
3.8300000000000002e-09,3.8300000000000000e+03,0.0000000000000000e+00,0.0000000000000000e+00,-3.9312291728370250e-17,-3.9312291728370250e-17
3.8309999999999997e-09,3.8310000000000000e+03,0.0000000000000000e+00,0.0000000000000000e+00,-1.8177976581053027e-17,-1.8177976581053027e-17
3.8320000000000000e-09,3.8320000000000000e+03,0.0000000000000000e+00,0.0000000000000000e+00,-3.5684822281507921e-17,-3.5684822281507921e-17
3.8330000000000003e-09,3.8330000000000000e+03,0.0000000000000000e+00,0.0000000000000000e+00,2.1727518310417821e-19,2.1727518310417821e-19
3.8339999999999998e-09,3.8340000000000000e+03,0.0000000000000000e+00,0.0000000000000000e+00,-3.3275723343861830e-17,-3.3275723343861830e-17
3.8350000000000001e-09,3.8350000000000000e+03,0.0000000000000000e+00,0.0000000000000000e+00,-2.1925706709224562e-17,-2.1925706709224562e-17
3.8359999999999996e-09,3.8360000000000000e+03,0.0000000000000000e+00,0.0000000000000000e+00,-2.8036669877184314e-17,-2.8036669877184314e-17
3.8369999999999999e-09,3.8370000000000000e+03,0.0000000000000000e+00,0.0000000000000000e+00,-1.5413304841782892e-17,-1.5413304841782892e-17
3.8380000000000002e-09,3.8380000000000000e+03,0.0000000000000000e+00,0.0000000000000000e+00,-1.4970267142647764e-17,-1.4970267142647764e-17
3.8389999999999997e-09,3.8390000000000000e+03,0.0000000000000000e+00,0.0000000000000000e+00,-1.1930501207091875e-17,-1.1930501207091875e-17
3.8400000000000000e-09,3.8400000000000000e+03,0.0000000000000000e+00,0.0000000000000000e+00,-2.8836548295288325e-17,-2.8836548295288325e-17
3.8410000000000003e-09,3.8410000000000000e+03,0.0000000000000000e+00,0.0000000000000000e+00,-3.6666963576247486e-17,-3.6666963576247486e-17
3.8419999999999998e-09,3.8420000000000000e+03,0.0000000000000000e+00,0.0000000000000000e+00,3.8041252807618937e-20,3.8041252807618937e-20
3.8430000000000001e-09,3.8430000000000000e+03,0.0000000000000000e+00,0.0000000000000000e+00,2.8904495438346287e-18,2.8904495438346287e-18
3.8439999999999995e-09,3.8440000000000000e+03,0.0000000000000000e+00,0.0000000000000000e+00,-4.1074275191549986e-17,-4.1074275191549986e-17
3.8449999999999999e-09,3.8450000000000000e+03,0.0000000000000000e+00,0.0000000000000000e+00,2.7808745314667020e-17,2.7808745314667020e-17
3.8460000000000002e-09,3.8460000000000000e+03,0.0000000000000000e+00,0.0000000000000000e+00,-3.6119111156604349e-17,-3.6119111156604349e-17
3.8469999999999996e-09,3.8470000000000000e+03,0.0000000000000000e+00,0.0000000000000000e+00,3.9344866941617603e-17,3.9344866941617603e-17
3.8479999999999999e-09,3.8480000000000000e+03,0.0000000000000000e+00,0.0000000000000000e+00,1.1766166420531111e-17,1.1766166420531111e-17
3.8490000000000003e-09,3.8490000000000000e+03,0.0000000000000000e+00,0.0000000000000000e+00,6.5595541162096105e-17,6.5595541162096105e-17
3.8499999999999997e-09,3.8500000000000000e+03,0.0000000000000000e+00,0.0000000000000000e+00,5.6724718548930672e-17,5.6724718548930672e-17
3.8510000000000000e-09,3.8510000000000000e+03,0.0000000000000000e+00,0.0000000000000000e+00,4.9302183288032092e-17,4.9302183288032092e-17
3.8519999999999995e-09,3.8520000000000000e+03,0.0000000000000000e+00,0.0000000000000000e+00,5.7291668579476398e-17,5.7291668579476398e-17
3.8529999999999998e-09,3.8530000000000000e+03,0.0000000000000000e+00,0.0000000000000000e+00,4.6139873784032107e-17,4.6139873784032107e-17
3.8540000000000001e-09,3.8540000000000000e+03,0.0000000000000000e+00,0.0000000000000000e+00,5.0172864716904013e-17,5.0172864716904013e-17
3.8549999999999996e-09,3.8550000000000000e+03,0.0000000000000000e+00,0.0000000000000000e+00,8.0821459743950525e-17,8.0821459743950525e-17
3.8559999999999999e-09,3.8560000000000000e+03,0.0000000000000000e+00,0.0000000000000000e+00,7.0120410076298818e-17,7.0120410076298818e-17
3.8570000000000002e-09,3.8570000000000000e+03,0.0000000000000000e+00,0.0000000000000000e+00,6.4533747294362082e-17,6.4533747294362082e-17
3.8579999999999997e-09,3.8580000000000000e+03,0.0000000000000000e+00,0.0000000000000000e+00,6.9020682180970905e-17,6.9020682180970905e-17
3.8590000000000000e-09,3.8590000000000000e+03,0.0000000000000000e+00,0.0000000000000000e+00,6.3316178145933912e-17,6.3316178145933912e-17
3.8600000000000003e-09,3.8600000000000000e+03,0.0000000000000000e+00,0.0000000000000000e+00,5.9272875976062479e-17,5.9272875976062479e-17
3.8609999999999998e-09,3.8610000000000000e+03,0.0000000000000000e+00,0.0000000000000000e+00,9.3384942379256394e-17,9.3384942379256394e-17
3.8620000000000001e-09,3.8620000000000000e+03,0.0000000000000000e+00,0.0000000000000000e+00,4.2444359925165015e-17,4.2444359925165015e-17
3.8629999999999996e-09,3.8630000000000000e+03,0.0000000000000000e+00,0.0000000000000000e+00,6.4420166312347512e-17,6.4420166312347512e-17
3.8639999999999999e-09,3.8640000000000000e+03,0.0000000000000000e+00,0.0000000000000000e+00,7.5037516480274956e-17,7.5037516480274956e-17
3.8650000000000002e-09,3.8650000000000000e+03,0.0000000000000000e+00,0.0000000000000000e+00,2.9604983164174554e-21,2.9604983164174554e-21
3.8659999999999997e-09,3.8660000000000000e+03,0.0000000000000000e+00,0.0000000000000000e+00,3.4304328884061920e-17,3.4304328884061920e-17
3.8670000000000000e-09,3.8670000000000000e+03,0.0000000000000000e+00,0.0000000000000000e+00,-1.3945611645651463e-17,-1.3945611645651463e-17
3.8680000000000003e-09,3.8680000000000000e+03,0.0000000000000000e+00,0.0000000000000000e+00,1.0150227387787701e-17,1.0150227387787701e-17
3.8689999999999998e-09,3.8690000000000000e+03,0.0000000000000000e+00,0.0000000000000000e+00,-8.0282823702836316e-19,-8.0282823702836316e-19
3.8700000000000001e-09,3.8700000000000000e+03,0.0000000000000000e+00,0.0000000000000000e+00,-2.7702390608720197e-17,-2.7702390608720197e-17
3.8709999999999996e-09,3.8710000000000000e+03,0.0000000000000000e+00,0.0000000000000000e+00,-1.9291287633815459e-17,-1.9291287633815459e-17
3.8719999999999999e-09,3.8720000000000000e+03,0.0000000000000000e+00,0.0000000000000000e+00,-3.3760406715769344e-17,-3.3760406715769344e-17
3.8730000000000002e-09,3.8730000000000000e+03,0.0000000000000000e+00,0.0000000000000000e+00,-4.5231554514178780e-17,-4.5231554514178780e-17
3.8739999999999997e-09,3.8740000000000000e+03,0.0000000000000000e+00,0.0000000000000000e+00,-3.3473103751292346e-17,-3.3473103751292346e-17
3.8750000000000000e-09,3.8750000000000000e+03,0.0000000000000000e+00,0.0000000000000000e+00,-5.2175049391769256e-17,-5.2175049391769256e-17
3.8760000000000003e-09,3.8760000000000000e+03,0.0000000000000000e+00,0.0000000000000000e+00,-4.7911914614312726e-17,-4.7911914614312726e-17
3.8769999999999997e-09,3.8770000000000000e+03,0.0000000000000000e+00,0.0000000000000000e+00,-4.5828427531587417e-17,-4.5828427531587417e-17
3.8780000000000001e-09,3.8780000000000000e+03,0.0000000000000000e+00,0.0000000000000000e+00,-5.2593850413747270e-17,-5.2593850413747270e-17
3.8789999999999995e-09,3.8790000000000000e+03,0.0000000000000000e+00,0.0000000000000000e+00,-4.9370642909562860e-17,-4.9370642909562860e-17
3.8799999999999998e-09,3.8800000000000000e+03,0.0000000000000000e+00,0.0000000000000000e+00,-5.1823620519422725e-17,-5.1823620519422725e-17
3.8810000000000001e-09,3.8810000000000000e+03,0.0000000000000000e+00,0.0000000000000000e+00,-5.9571164902907554e-17,-5.9571164902907554e-17
3.8819999999999996e-09,3.8820000000000000e+03,0.0000000000000000e+00,0.0000000000000000e+00,-5.6821484797054262e-17,-5.6821484797054262e-17
3.8829999999999999e-09,3.8830000000000000e+03,0.0000000000000000e+00,0.0000000000000000e+00,-5.5570184522029054e-17,-5.5570184522029054e-17
3.8840000000000002e-09,3.8840000000000000e+03,0.0000000000000000e+00,0.0000000000000000e+00,-6.8643433759973115e-17,-6.8643433759973115e-17
3.8849999999999997e-09,3.8850000000000000e+03,0.0000000000000000e+00,0.0000000000000000e+00,-3.4157286897565993e-17,-3.4157286897565993e-17
3.8860000000000000e-09,3.8860000000000000e+03,0.0000000000000000e+00,0.0000000000000000e+00,-4.3353506316064625e-17,-4.3353506316064625e-17
3.8870000000000003e-09,3.8870000000000000e+03,0.0000000000000000e+00,0.0000000000000000e+00,-4.3188284357635637e-17,-4.3188284357635637e-17
3.8879999999999998e-09,3.8880000000000000e+03,0.0000000000000000e+00,0.0000000000000000e+00,-4.1863326231555504e-17,-4.1863326231555504e-17
3.8890000000000001e-09,3.8890000000000000e+03,0.0000000000000000e+00,0.0000000000000000e+00,-2.0431854992065556e-17,-2.0431854992065556e-17
3.8899999999999996e-09,3.8900000000000000e+03,0.0000000000000000e+00,0.0000000000000000e+00,-2.7162715832718624e-17,-2.7162715832718624e-17
3.8909999999999999e-09,3.8910000000000000e+03,0.0000000000000000e+00,0.0000000000000000e+00,-9.3104793126784436e-18,-9.3104793126784436e-18
3.8920000000000002e-09,3.8920000000000000e+03,0.0000000000000000e+00,0.0000000000000000e+00,6.9695631794120022e-18,6.9695631794120022e-18
3.8929999999999997e-09,3.8930000000000000e+03,0.0000000000000000e+00,0.0000000000000000e+00,-2.5971116658663130e-19,-2.5971116658663130e-19
3.8940000000000000e-09,3.8940000000000000e+03,0.0000000000000000e+00,0.0000000000000000e+00,-1.1095099276718438e-17,-1.1095099276718438e-17
3.8950000000000003e-09,3.8950000000000000e+03,0.0000000000000000e+00,0.0000000000000000e+00,2.1640737750534025e-17,2.1640737750534025e-17
3.8959999999999998e-09,3.8960000000000000e+03,0.0000000000000000e+00,0.0000000000000000e+00,8.0417450200534857e-18,8.0417450200534857e-18
3.8970000000000001e-09,3.8970000000000000e+03,0.0000000000000000e+00,0.0000000000000000e+00,4.1916841112246767e-17,4.1916841112246767e-17
3.8979999999999996e-09,3.8980000000000000e+03,0.0000000000000000e+00,0.0000000000000000e+00,1.3009484637956806e-17,1.3009484637956806e-17
3.8989999999999999e-09,3.8990000000000000e+03,0.0000000000000000e+00,0.0000000000000000e+00,7.1684610025969877e-19,7.1684610025969877e-19
3.9000000000000002e-09,3.9000000000000000e+03,0.0000000000000000e+00,0.0000000000000000e+00,1.2697929695558516e-17,1.2697929695558516e-17
3.9009999999999997e-09,3.9010000000000000e+03,0.0000000000000000e+00,0.0000000000000000e+00,1.1872378317749734e-17,1.1872378317749734e-17
3.9020000000000000e-09,3.9020000000000000e+03,0.0000000000000000e+00,0.0000000000000000e+00,1.5910769431707802e-17,1.5910769431707802e-17
3.9030000000000003e-09,3.9030000000000000e+03,0.0000000000000000e+00,0.0000000000000000e+00,3.4380617411758220e-21,3.4380617411758220e-21
3.9039999999999998e-09,3.9040000000000000e+03,0.0000000000000000e+00,0.0000000000000000e+00,-1.8453269410304554e-17,-1.8453269410304554e-17
3.9050000000000001e-09,3.9050000000000000e+03,0.0000000000000000e+00,0.0000000000000000e+00,-2.5118928623900261e-17,-2.5118928623900261e-17
3.9059999999999995e-09,3.9060000000000000e+03,0.0000000000000000e+00,0.0000000000000000e+00,-2.3770372779055937e-17,-2.3770372779055937e-17
3.9069999999999998e-09,3.9070000000000000e+03,0.0000000000000000e+00,0.0000000000000000e+00,-2.0218146790535550e-17,-2.0218146790535550e-17
3.9080000000000002e-09,3.9080000000000000e+03,0.0000000000000000e+00,0.0000000000000000e+00,-5.1341978124533008e-17,-5.1341978124533008e-17
3.9089999999999996e-09,3.9090000000000000e+03,0.0000000000000000e+00,0.0000000000000000e+00,-6.0344251040218869e-17,-6.0344251040218869e-17
3.9099999999999999e-09,3.9100000000000000e+03,0.0000000000000000e+00,0.0000000000000000e+00,-7.4692364856983110e-17,-7.4692364856983110e-17
3.9110000000000002e-09,3.9110000000000000e+03,0.0000000000000000e+00,0.0000000000000000e+00,-8.6556168670104236e-17,-8.6556168670104236e-17
3.9119999999999997e-09,3.9120000000000000e+03,0.0000000000000000e+00,0.0000000000000000e+00,-6.3957409955955732e-17,-6.3957409955955732e-17
3.9130000000000000e-09,3.9130000000000000e+03,0.0000000000000000e+00,0.0000000000000000e+00,-5.1466908979099446e-17,-5.1466908979099446e-17
3.9139999999999995e-09,3.9140000000000000e+03,0.0000000000000000e+00,0.0000000000000000e+00,-5.2755251299377520e-17,-5.2755251299377520e-17
3.9149999999999998e-09,3.9150000000000000e+03,0.0000000000000000e+00,0.0000000000000000e+00,-6.0391541677345994e-17,-6.0391541677345994e-17
3.9160000000000001e-09,3.9160000000000000e+03,0.0000000000000000e+00,0.0000000000000000e+00,-8.2685125057884600e-17,-8.2685125057884600e-17
3.9169999999999996e-09,3.9170000000000000e+03,0.0000000000000000e+00,0.0000000000000000e+00,-9.1757468377451771e-17,-9.1757468377451771e-17
3.9179999999999999e-09,3.9180000000000000e+03,0.0000000000000000e+00,0.0000000000000000e+00,-8.0615136859873498e-17,-8.0615136859873498e-17
3.9190000000000002e-09,3.9190000000000000e+03,0.0000000000000000e+00,0.0000000000000000e+00,-7.9741744888251736e-17,-7.9741744888251736e-17
3.9199999999999997e-09,3.9200000000000000e+03,0.0000000000000000e+00,0.0000000000000000e+00,-8.1389659493081830e-17,-8.1389659493081830e-17
3.9210000000000000e-09,3.9210000000000000e+03,0.0000000000000000e+00,0.0000000000000000e+00,-7.4581199171723957e-17,-7.4581199171723957e-17
3.9220000000000003e-09,3.9220000000000000e+03,0.0000000000000000e+00,0.0000000000000000e+00,-6.4494536341000490e-17,-6.4494536341000490e-17
3.9229999999999998e-09,3.9230000000000000e+03,0.0000000000000000e+00,0.0000000000000000e+00,-4.3669889133456921e-17,-4.3669889133456921e-17
3.9240000000000001e-09,3.9240000000000000e+03,0.0000000000000000e+00,0.0000000000000000e+00,-1.2735831968842607e-17,-1.2735831968842607e-17
3.9249999999999996e-09,3.9250000000000000e+03,0.0000000000000000e+00,0.0000000000000000e+00,2.5096098779483760e-17,2.5096098779483760e-17
3.9259999999999999e-09,3.9260000000000000e+03,0.0000000000000000e+00,0.0000000000000000e+00,3.2027405487902863e-17,3.2027405487902863e-17
3.9270000000000002e-09,3.9270000000000000e+03,0.0000000000000000e+00,0.0000000000000000e+00,6.6617819337140528e-17,6.6617819337140528e-17
3.9279999999999997e-09,3.9280000000000000e+03,0.0000000000000000e+00,0.0000000000000000e+00,8.2563597131298909e-17,8.2563597131298909e-17
3.9290000000000000e-09,3.9290000000000000e+03,0.0000000000000000e+00,0.0000000000000000e+00,1.0932160661572697e-16,1.0932160661572697e-16
3.9300000000000003e-09,3.9300000000000000e+03,0.0000000000000000e+00,0.0000000000000000e+00,7.8665554526253568e-17,7.8665554526253568e-17
3.9309999999999998e-09,3.9310000000000000e+03,0.0000000000000000e+00,0.0000000000000000e+00,7.6370650697384228e-17,7.6370650697384228e-17
3.9320000000000001e-09,3.9320000000000000e+03,0.0000000000000000e+00,0.0000000000000000e+00,9.2648765370665907e-17,9.2648765370665907e-17
3.9329999999999995e-09,3.9330000000000000e+03,0.0000000000000000e+00,0.0000000000000000e+00,6.7244990601368807e-17,6.7244990601368807e-17
3.9339999999999999e-09,3.9340000000000000e+03,0.0000000000000000e+00,0.0000000000000000e+00,7.7229894916702495e-17,7.7229894916702495e-17
3.9350000000000002e-09,3.9350000000000000e+03,0.0000000000000000e+00,0.0000000000000000e+00,6.4251149415312578e-17,6.4251149415312578e-17
3.9359999999999996e-09,3.9360000000000000e+03,0.0000000000000000e+00,0.0000000000000000e+00,8.5000370296462121e-17,8.5000370296462121e-17
3.9369999999999999e-09,3.9370000000000000e+03,0.0000000000000000e+00,0.0000000000000000e+00,9.8053382383838968e-17,9.8053382383838968e-17
3.9380000000000003e-09,3.9380000000000000e+03,0.0000000000000000e+00,0.0000000000000000e+00,7.9248991543811050e-17,7.9248991543811050e-17
3.9389999999999997e-09,3.9390000000000000e+03,0.0000000000000000e+00,0.0000000000000000e+00,8.0522235433994703e-17,8.0522235433994703e-17
3.9400000000000000e-09,3.9400000000000000e+03,0.0000000000000000e+00,0.0000000000000000e+00,8.1121281650942700e-17,8.1121281650942700e-17
3.9409999999999995e-09,3.9410000000000000e+03,0.0000000000000000e+00,0.0000000000000000e+00,7.3040241693484923e-17,7.3040241693484923e-17
3.9419999999999998e-09,3.9420000000000000e+03,0.0000000000000000e+00,0.0000000000000000e+00,2.8882868243159083e-17,2.8882868243159083e-17
3.9430000000000001e-09,3.9430000000000000e+03,0.0000000000000000e+00,0.0000000000000000e+00,1.9042611783641450e-17,1.9042611783641450e-17
3.9439999999999996e-09,3.9440000000000000e+03,0.0000000000000000e+00,0.0000000000000000e+00,2.4535868652751485e-17,2.4535868652751485e-17
3.9449999999999999e-09,3.9450000000000000e+03,0.0000000000000000e+00,0.0000000000000000e+00,-1.6855327085513401e-17,-1.6855327085513401e-17
3.9460000000000002e-09,3.9460000000000000e+03,0.0000000000000000e+00,0.0000000000000000e+00,-3.7127195482741759e-17,-3.7127195482741759e-17
3.9469999999999997e-09,3.9470000000000000e+03,0.0000000000000000e+00,0.0000000000000000e+00,-8.3623275791147264e-17,-8.3623275791147264e-17
3.9480000000000000e-09,3.9480000000000000e+03,0.0000000000000000e+00,0.0000000000000000e+00,-6.7558437311656530e-17,-6.7558437311656530e-17
3.9490000000000003e-09,3.9490000000000000e+03,0.0000000000000000e+00,0.0000000000000000e+00,-1.0461465631024759e-16,-1.0461465631024759e-16
3.9499999999999998e-09,3.9500000000000000e+03,0.0000000000000000e+00,0.0000000000000000e+00,-9.3282463053614248e-17,-9.3282463053614248e-17
3.9510000000000001e-09,3.9510000000000000e+03,0.0000000000000000e+00,0.0000000000000000e+00,-1.2635209333082830e-16,-1.2635209333082830e-16
3.9519999999999996e-09,3.9520000000000000e+03,0.0000000000000000e+00,0.0000000000000000e+00,-1.2046784600325087e-16,-1.2046784600325087e-16
3.9529999999999999e-09,3.9530000000000000e+03,0.0000000000000000e+00,0.0000000000000000e+00,-1.2136969807236971e-16,-1.2136969807236971e-16
3.9540000000000002e-09,3.9540000000000000e+03,0.0000000000000000e+00,0.0000000000000000e+00,-1.4952035668799973e-16,-1.4952035668799973e-16
3.9549999999999997e-09,3.9550000000000000e+03,0.0000000000000000e+00,0.0000000000000000e+00,-1.3498004266413414e-16,-1.3498004266413414e-16
3.9560000000000000e-09,3.9560000000000000e+03,0.0000000000000000e+00,0.0000000000000000e+00,-1.3635550802765329e-16,-1.3635550802765329e-16
3.9570000000000003e-09,3.9570000000000000e+03,0.0000000000000000e+00,0.0000000000000000e+00,-1.4199317253454075e-16,-1.4199317253454075e-16
3.9579999999999998e-09,3.9580000000000000e+03,0.0000000000000000e+00,0.0000000000000000e+00,-1.2195152748773115e-16,-1.2195152748773115e-16
3.9590000000000001e-09,3.9590000000000000e+03,0.0000000000000000e+00,0.0000000000000000e+00,-1.1892876094369583e-16,-1.1892876094369583e-16
3.9599999999999996e-09,3.9600000000000000e+03,0.0000000000000000e+00,0.0000000000000000e+00,-1.1658673169628981e-16,-1.1658673169628981e-16
3.9609999999999999e-09,3.9610000000000000e+03,0.0000000000000000e+00,0.0000000000000000e+00,-1.1612338873192077e-16,-1.1612338873192077e-16
3.9620000000000002e-09,3.9620000000000000e+03,0.0000000000000000e+00,0.0000000000000000e+00,-1.0524100056862222e-16,-1.0524100056862222e-16
3.9629999999999997e-09,3.9630000000000000e+03,0.0000000000000000e+00,0.0000000000000000e+00,-1.1446871455349595e-16,-1.1446871455349595e-16
3.9640000000000000e-09,3.9640000000000000e+03,0.0000000000000000e+00,0.0000000000000000e+00,-1.1704029264139052e-16,-1.1704029264139052e-16
3.9650000000000003e-09,3.9650000000000000e+03,0.0000000000000000e+00,0.0000000000000000e+00,-9.3820305931305318e-17,-9.3820305931305318e-17
3.9659999999999997e-09,3.9660000000000000e+03,0.0000000000000000e+00,0.0000000000000000e+00,-5.5079908669715435e-17,-5.5079908669715435e-17
3.9670000000000001e-09,3.9670000000000000e+03,0.0000000000000000e+00,0.0000000000000000e+00,-4.9697575040978013e-17,-4.9697575040978013e-17
3.9679999999999995e-09,3.9680000000000000e+03,0.0000000000000000e+00,0.0000000000000000e+00,-4.8280978513777575e-17,-4.8280978513777575e-17
3.9689999999999998e-09,3.9690000000000000e+03,0.0000000000000000e+00,0.0000000000000000e+00,-3.7742645375285503e-17,-3.7742645375285503e-17
3.9700000000000001e-09,3.9700000000000000e+03,0.0000000000000000e+00,0.0000000000000000e+00,-3.9036367405380451e-17,-3.9036367405380451e-17
3.9709999999999996e-09,3.9710000000000000e+03,0.0000000000000000e+00,0.0000000000000000e+00,-1.3338701868275162e-17,-1.3338701868275162e-17
3.9719999999999999e-09,3.9720000000000000e+03,0.0000000000000000e+00,0.0000000000000000e+00,2.0344507420194865e-17,2.0344507420194865e-17
3.9730000000000002e-09,3.9730000000000000e+03,0.0000000000000000e+00,0.0000000000000000e+00,2.3815615702245637e-17,2.3815615702245637e-17
3.9739999999999997e-09,3.9740000000000000e+03,0.0000000000000000e+00,0.0000000000000000e+00,2.9279938481449373e-17,2.9279938481449373e-17
3.9750000000000000e-09,3.9750000000000000e+03,0.0000000000000000e+00,0.0000000000000000e+00,1.5674216500593995e-17,1.5674216500593995e-17
3.9760000000000003e-09,3.9760000000000000e+03,0.0000000000000000e+00,0.0000000000000000e+00,3.8138171664468516e-17,3.8138171664468516e-17
3.9769999999999998e-09,3.9770000000000000e+03,0.0000000000000000e+00,0.0000000000000000e+00,4.3458333984696047e-17,4.3458333984696047e-17
3.9780000000000001e-09,3.9780000000000000e+03,0.0000000000000000e+00,0.0000000000000000e+00,2.9340747749259783e-17,2.9340747749259783e-17
3.9789999999999996e-09,3.9790000000000000e+03,0.0000000000000000e+00,0.0000000000000000e+00,2.0553503929760255e-17,2.0553503929760255e-17
3.9799999999999999e-09,3.9800000000000000e+03,0.0000000000000000e+00,0.0000000000000000e+00,3.1580541726219441e-17,3.1580541726219441e-17
3.9810000000000002e-09,3.9810000000000000e+03,0.0000000000000000e+00,0.0000000000000000e+00,2.4692076269118715e-17,2.4692076269118715e-17
3.9819999999999997e-09,3.9820000000000000e+03,0.0000000000000000e+00,0.0000000000000000e+00,3.6730414754283935e-17,3.6730414754283935e-17
3.9830000000000000e-09,3.9830000000000000e+03,0.0000000000000000e+00,0.0000000000000000e+00,5.3232813677796760e-17,5.3232813677796760e-17
3.9840000000000003e-09,3.9840000000000000e+03,0.0000000000000000e+00,0.0000000000000000e+00,5.5055835471253560e-17,5.5055835471253560e-17
3.9849999999999998e-09,3.9850000000000000e+03,0.0000000000000000e+00,0.0000000000000000e+00,2.9416492373252925e-17,2.9416492373252925e-17
3.9860000000000001e-09,3.9860000000000000e+03,0.0000000000000000e+00,0.0000000000000000e+00,1.8554511049974114e-17,1.8554511049974114e-17
3.9869999999999996e-09,3.9870000000000000e+03,0.0000000000000000e+00,0.0000000000000000e+00,-2.2887826925507239e-18,-2.2887826925507239e-18
3.9879999999999999e-09,3.9880000000000000e+03,0.0000000000000000e+00,0.0000000000000000e+00,1.4060654313841075e-17,1.4060654313841075e-17
3.9890000000000002e-09,3.9890000000000000e+03,0.0000000000000000e+00,0.0000000000000000e+00,3.1228783349655927e-18,3.1228783349655927e-18
3.9899999999999997e-09,3.9900000000000000e+03,0.0000000000000000e+00,0.0000000000000000e+00,-9.7580863037764567e-18,-9.7580863037764567e-18
3.9910000000000000e-09,3.9910000000000000e+03,0.0000000000000000e+00,0.0000000000000000e+00,-2.6058859855076699e-17,-2.6058859855076699e-17
3.9920000000000003e-09,3.9920000000000000e+03,0.0000000000000000e+00,0.0000000000000000e+00,-5.4361140599753149e-17,-5.4361140599753149e-17
3.9929999999999998e-09,3.9930000000000000e+03,0.0000000000000000e+00,0.0000000000000000e+00,-4.5494633855710829e-17,-4.5494633855710829e-17
3.9940000000000001e-09,3.9940000000000000e+03,0.0000000000000000e+00,0.0000000000000000e+00,-6.5217551891584149e-17,-6.5217551891584149e-17
3.9949999999999995e-09,3.9950000000000000e+03,0.0000000000000000e+00,0.0000000000000000e+00,-5.2470003185793083e-17,-5.2470003185793083e-17
3.9959999999999998e-09,3.9960000000000000e+03,0.0000000000000000e+00,0.0000000000000000e+00,-5.7054091976318423e-17,-5.7054091976318423e-17
3.9970000000000002e-09,3.9970000000000000e+03,0.0000000000000000e+00,0.0000000000000000e+00,-1.0017787774602784e-16,-1.0017787774602784e-16
3.9979999999999996e-09,3.9980000000000000e+03,0.0000000000000000e+00,0.0000000000000000e+00,-8.3469242908586726e-17,-8.3469242908586726e-17
3.9989999999999999e-09,3.9990000000000000e+03,0.0000000000000000e+00,0.0000000000000000e+00,-5.9464872483052895e-17,-5.9464872483052895e-17
4.0000000000000002e-09,4.0000000000000000e+03,0.0000000000000000e+00,0.0000000000000000e+00,-5.2672045309680601e-17,-5.2672045309680601e-17
4.0009999999999997e-09,4.0010000000000000e+03,0.0000000000000000e+00,0.0000000000000000e+00,-5.0601612894211862e-17,-5.0601612894211862e-17
4.0020000000000000e-09,4.0020000000000000e+03,0.0000000000000000e+00,0.0000000000000000e+00,-7.9382341269622439e-17,-7.9382341269622439e-17
4.0029999999999995e-09,4.0030000000000000e+03,0.0000000000000000e+00,0.0000000000000000e+00,-5.5108628157177301e-17,-5.5108628157177301e-17
4.0039999999999998e-09,4.0040000000000000e+03,0.0000000000000000e+00,0.0000000000000000e+00,-1.1461330127374181e-17,-1.1461330127374181e-17
4.0050000000000001e-09,4.0050000000000000e+03,0.0000000000000000e+00,0.0000000000000000e+00,-2.9564641874425434e-17,-2.9564641874425434e-17
4.0059999999999996e-09,4.0060000000000000e+03,0.0000000000000000e+00,0.0000000000000000e+00,-5.5355256610312746e-18,-5.5355256610312746e-18
4.0069999999999999e-09,4.0070000000000000e+03,0.0000000000000000e+00,0.0000000000000000e+00,1.6505248629808759e-17,1.6505248629808759e-17
4.0080000000000002e-09,4.0080000000000000e+03,0.0000000000000000e+00,0.0000000000000000e+00,-2.9935142684543259e-17,-2.9935142684543259e-17
4.0089999999999997e-09,4.0090000000000000e+03,0.0000000000000000e+00,0.0000000000000000e+00,1.7036900275427733e-18,1.7036900275427733e-18
4.0100000000000000e-09,4.0100000000000000e+03,0.0000000000000000e+00,0.0000000000000000e+00,1.1369635233305938e-17,1.1369635233305938e-17
4.0110000000000003e-09,4.0110000000000000e+03,0.0000000000000000e+00,0.0000000000000000e+00,3.0113053974360765e-17,3.0113053974360765e-17
4.0119999999999998e-09,4.0120000000000000e+03,0.0000000000000000e+00,0.0000000000000000e+00,1.7467617808392698e-17,1.7467617808392698e-17
4.0130000000000001e-09,4.0130000000000000e+03,0.0000000000000000e+00,0.0000000000000000e+00,-3.0146099945668537e-18,-3.0146099945668537e-18
4.0139999999999996e-09,4.0140000000000000e+03,0.0000000000000000e+00,0.0000000000000000e+00,1.9830369477950975e-17,1.9830369477950975e-17
4.0149999999999999e-09,4.0150000000000000e+03,0.0000000000000000e+00,0.0000000000000000e+00,1.6840203284745800e-17,1.6840203284745800e-17
4.0160000000000002e-09,4.0160000000000000e+03,0.0000000000000000e+00,0.0000000000000000e+00,3.9026813914368602e-17,3.9026813914368602e-17
4.0169999999999997e-09,4.0170000000000000e+03,0.0000000000000000e+00,0.0000000000000000e+00,5.6298482124984141e-17,5.6298482124984141e-17
4.0180000000000000e-09,4.0180000000000000e+03,0.0000000000000000e+00,0.0000000000000000e+00,4.5290776719082031e-17,4.5290776719082031e-17
4.0190000000000003e-09,4.0190000000000000e+03,0.0000000000000000e+00,0.0000000000000000e+00,4.0586905966436244e-17,4.0586905966436244e-17
4.0199999999999998e-09,4.0200000000000000e+03,0.0000000000000000e+00,0.0000000000000000e+00,5.7500535941543084e-17,5.7500535941543084e-17
4.0210000000000001e-09,4.0210000000000000e+03,0.0000000000000000e+00,0.0000000000000000e+00,5.4874976858737012e-17,5.4874976858737012e-17
4.0219999999999996e-09,4.0220000000000000e+03,0.0000000000000000e+00,0.0000000000000000e+00,6.1062602258551136e-17,6.1062602258551136e-17
4.0229999999999999e-09,4.0230000000000000e+03,0.0000000000000000e+00,0.0000000000000000e+00,5.0060058345717274e-17,5.0060058345717274e-17
4.0240000000000002e-09,4.0240000000000000e+03,0.0000000000000000e+00,0.0000000000000000e+00,2.1128240873128513e-17,2.1128240873128513e-17
4.0249999999999996e-09,4.0250000000000000e+03,0.0000000000000000e+00,0.0000000000000000e+00,1.2171509449104695e-18,1.2171509449104695e-18
4.0260000000000000e-09,4.0260000000000000e+03,0.0000000000000000e+00,0.0000000000000000e+00,-2.3929304625394469e-17,-2.3929304625394469e-17
4.0270000000000003e-09,4.0270000000000000e+03,0.0000000000000000e+00,0.0000000000000000e+00,-3.0072577746681426e-17,-3.0072577746681426e-17
4.0279999999999997e-09,4.0280000000000000e+03,0.0000000000000000e+00,0.0000000000000000e+00,-1.9179384298372761e-17,-1.9179384298372761e-17
4.0290000000000000e-09,4.0290000000000000e+03,0.0000000000000000e+00,0.0000000000000000e+00,-5.6103678150800367e-17,-5.6103678150800367e-17
4.0299999999999995e-09,4.0300000000000000e+03,0.0000000000000000e+00,0.0000000000000000e+00,-9.3385823637482920e-17,-9.3385823637482920e-17
4.0309999999999998e-09,4.0310000000000000e+03,0.0000000000000000e+00,0.0000000000000000e+00,-7.9145940037505682e-17,-7.9145940037505682e-17
4.0320000000000001e-09,4.0320000000000000e+03,0.0000000000000000e+00,0.0000000000000000e+00,-4.9659576234835756e-17,-4.9659576234835756e-17
4.0329999999999996e-09,4.0330000000000000e+03,0.0000000000000000e+00,0.0000000000000000e+00,-4.0544011863417938e-17,-4.0544011863417938e-17
4.0339999999999999e-09,4.0340000000000000e+03,0.0000000000000000e+00,0.0000000000000000e+00,-7.6572436886752583e-17,-7.6572436886752583e-17
4.0350000000000002e-09,4.0350000000000000e+03,0.0000000000000000e+00,0.0000000000000000e+00,-2.3162360216692723e-17,-2.3162360216692723e-17
4.0359999999999997e-09,4.0360000000000000e+03,0.0000000000000000e+00,0.0000000000000000e+00,-6.5133693106958220e-17,-6.5133693106958220e-17
4.0370000000000000e-09,4.0370000000000000e+03,0.0000000000000000e+00,0.0000000000000000e+00,-6.5407401732599746e-17,-6.5407401732599746e-17
4.0380000000000003e-09,4.0380000000000000e+03,0.0000000000000000e+00,0.0000000000000000e+00,-5.2086945559618858e-17,-5.2086945559618858e-17
4.0389999999999998e-09,4.0390000000000000e+03,0.0000000000000000e+00,0.0000000000000000e+00,-4.7542970471287851e-17,-4.7542970471287851e-17
4.0400000000000001e-09,4.0400000000000000e+03,0.0000000000000000e+00,0.0000000000000000e+00,-6.5711430356857169e-17,-6.5711430356857169e-17
4.0409999999999996e-09,4.0410000000000000e+03,0.0000000000000000e+00,0.0000000000000000e+00,-3.5951034125011017e-17,-3.5951034125011017e-17
4.0419999999999999e-09,4.0420000000000000e+03,0.0000000000000000e+00,0.0000000000000000e+00,-4.1293028875435341e-17,-4.1293028875435341e-17
4.0430000000000002e-09,4.0430000000000000e+03,0.0000000000000000e+00,0.0000000000000000e+00,-2.4097486726482417e-17,-2.4097486726482417e-17
4.0439999999999997e-09,4.0440000000000000e+03,0.0000000000000000e+00,0.0000000000000000e+00,-9.0518813288836260e-18,-9.0518813288836260e-18
4.0450000000000000e-09,4.0450000000000000e+03,0.0000000000000000e+00,0.0000000000000000e+00,1.0027213065197582e-17,1.0027213065197582e-17
4.0460000000000003e-09,4.0460000000000000e+03,0.0000000000000000e+00,0.0000000000000000e+00,-1.0547837721604009e-17,-1.0547837721604009e-17
4.0469999999999998e-09,4.0470000000000000e+03,0.0000000000000000e+00,0.0000000000000000e+00,2.8270744658452708e-17,2.8270744658452708e-17
4.0480000000000001e-09,4.0480000000000000e+03,0.0000000000000000e+00,0.0000000000000000e+00,3.7301368365284071e-17,3.7301368365284071e-17
4.0489999999999996e-09,4.0490000000000000e+03,0.0000000000000000e+00,0.0000000000000000e+00,3.5055876345863042e-17,3.5055876345863042e-17
4.0499999999999999e-09,4.0500000000000000e+03,0.0000000000000000e+00,0.0000000000000000e+00,5.8493414689727932e-17,5.8493414689727932e-17
4.0510000000000002e-09,4.0510000000000000e+03,0.0000000000000000e+00,0.0000000000000000e+00,4.7234523197299267e-17,4.7234523197299267e-17
4.0519999999999997e-09,4.0520000000000000e+03,0.0000000000000000e+00,0.0000000000000000e+00,4.2732910211280222e-17,4.2732910211280222e-17
4.0530000000000000e-09,4.0530000000000000e+03,0.0000000000000000e+00,0.0000000000000000e+00,3.9544450328180420e-17,3.9544450328180420e-17
4.0540000000000003e-09,4.0540000000000000e+03,0.0000000000000000e+00,0.0000000000000000e+00,5.0317265784750363e-17,5.0317265784750363e-17
4.0549999999999997e-09,4.0550000000000000e+03,0.0000000000000000e+00,0.0000000000000000e+00,1.9332316349066194e-17,1.9332316349066194e-17
4.0560000000000001e-09,4.0560000000000000e+03,0.0000000000000000e+00,0.0000000000000000e+00,4.1916102697458582e-17,4.1916102697458582e-17
4.0569999999999995e-09,4.0570000000000000e+03,0.0000000000000000e+00,0.0000000000000000e+00,3.8289923305719470e-17,3.8289923305719470e-17
4.0579999999999998e-09,4.0580000000000000e+03,0.0000000000000000e+00,0.0000000000000000e+00,-3.6349079613680067e-18,-3.6349079613680067e-18
4.0590000000000001e-09,4.0590000000000000e+03,0.0000000000000000e+00,0.0000000000000000e+00,2.1217040023549531e-17,2.1217040023549531e-17
4.0599999999999996e-09,4.0600000000000000e+03,0.0000000000000000e+00,0.0000000000000000e+00,1.0250732250848149e-17,1.0250732250848149e-17
4.0609999999999999e-09,4.0610000000000000e+03,0.0000000000000000e+00,0.0000000000000000e+00,-1.2103184759361731e-17,-1.2103184759361731e-17
4.0620000000000002e-09,4.0620000000000000e+03,0.0000000000000000e+00,0.0000000000000000e+00,-2.1924837982625359e-17,-2.1924837982625359e-17
4.0629999999999997e-09,4.0630000000000000e+03,0.0000000000000000e+00,0.0000000000000000e+00,8.5454751723341955e-18,8.5454751723341955e-18
4.0640000000000000e-09,4.0640000000000000e+03,0.0000000000000000e+00,0.0000000000000000e+00,-2.2509929435530199e-17,-2.2509929435530199e-17
4.0649999999999995e-09,4.0650000000000000e+03,0.0000000000000000e+00,0.0000000000000000e+00,1.2752946301414474e-17,1.2752946301414474e-17
4.0659999999999998e-09,4.0660000000000000e+03,0.0000000000000000e+00,0.0000000000000000e+00,-4.3630870905646213e-18,-4.3630870905646213e-18
4.0670000000000001e-09,4.0670000000000000e+03,0.0000000000000000e+00,0.0000000000000000e+00,1.2184043526331737e-17,1.2184043526331737e-17
4.0679999999999996e-09,4.0680000000000000e+03,0.0000000000000000e+00,0.0000000000000000e+00,8.6136419968403236e-18,8.6136419968403236e-18
4.0689999999999999e-09,4.0690000000000000e+03,0.0000000000000000e+00,0.0000000000000000e+00,-1.6184755114587750e-17,-1.6184755114587750e-17
4.0700000000000002e-09,4.0700000000000000e+03,0.0000000000000000e+00,0.0000000000000000e+00,-1.5558530695062697e-17,-1.5558530695062697e-17
4.0709999999999997e-09,4.0710000000000000e+03,0.0000000000000000e+00,0.0000000000000000e+00,2.1191452103719671e-17,2.1191452103719671e-17
4.0720000000000000e-09,4.0720000000000000e+03,0.0000000000000000e+00,0.0000000000000000e+00,-9.5791020523108218e-20,-9.5791020523108218e-20
4.0730000000000003e-09,4.0730000000000000e+03,0.0000000000000000e+00,0.0000000000000000e+00,5.7314151704892472e-18,5.7314151704892472e-18
4.0739999999999998e-09,4.0740000000000000e+03,0.0000000000000000e+00,0.0000000000000000e+00,-4.5385485509384277e-18,-4.5385485509384277e-18
4.0750000000000001e-09,4.0750000000000000e+03,0.0000000000000000e+00,0.0000000000000000e+00,1.7515423570466275e-17,1.7515423570466275e-17
4.0759999999999996e-09,4.0760000000000000e+03,0.0000000000000000e+00,0.0000000000000000e+00,1.9537610967385360e-19,1.9537610967385360e-19
4.0769999999999999e-09,4.0770000000000000e+03,0.0000000000000000e+00,0.0000000000000000e+00,4.2935765819413210e-18,4.2935765819413210e-18
4.0780000000000002e-09,4.0780000000000000e+03,0.0000000000000000e+00,0.0000000000000000e+00,5.2216249147132771e-18,5.2216249147132771e-18
4.0789999999999997e-09,4.0790000000000000e+03,0.0000000000000000e+00,0.0000000000000000e+00,-6.6918496138711131e-19,-6.6918496138711131e-19
4.0800000000000000e-09,4.0800000000000000e+03,0.0000000000000000e+00,0.0000000000000000e+00,1.9646909811560076e-17,1.9646909811560076e-17
4.0810000000000003e-09,4.0810000000000000e+03,0.0000000000000000e+00,0.0000000000000000e+00,2.4524053979365443e-17,2.4524053979365443e-17
4.0819999999999998e-09,4.0820000000000000e+03,0.0000000000000000e+00,0.0000000000000000e+00,2.4366629356157424e-18,2.4366629356157424e-18
4.0830000000000001e-09,4.0830000000000000e+03,0.0000000000000000e+00,0.0000000000000000e+00,4.2665367209737441e-18,4.2665367209737441e-18
4.0839999999999995e-09,4.0840000000000000e+03,0.0000000000000000e+00,0.0000000000000000e+00,7.3643960696102337e-18,7.3643960696102337e-18
4.0849999999999999e-09,4.0850000000000000e+03,0.0000000000000000e+00,0.0000000000000000e+00,8.3931644108236062e-18,8.3931644108236062e-18
4.0860000000000002e-09,4.0860000000000000e+03,0.0000000000000000e+00,0.0000000000000000e+00,2.7955654558184708e-17,2.7955654558184708e-17
4.0869999999999996e-09,4.0870000000000000e+03,0.0000000000000000e+00,0.0000000000000000e+00,2.0578939420058320e-17,2.0578939420058320e-17
4.0879999999999999e-09,4.0880000000000000e+03,0.0000000000000000e+00,0.0000000000000000e+00,2.8611480667280087e-17,2.8611480667280087e-17
4.0890000000000003e-09,4.0890000000000000e+03,0.0000000000000000e+00,0.0000000000000000e+00,4.9754762080790687e-17,4.9754762080790687e-17
4.0899999999999997e-09,4.0900000000000000e+03,0.0000000000000000e+00,0.0000000000000000e+00,2.9776370888906748e-17,2.9776370888906748e-17
4.0910000000000000e-09,4.0910000000000000e+03,0.0000000000000000e+00,0.0000000000000000e+00,3.0331385751556993e-17,3.0331385751556993e-17
4.0919999999999995e-09,4.0920000000000000e+03,0.0000000000000000e+00,0.0000000000000000e+00,3.6347297760236222e-17,3.6347297760236222e-17
4.0929999999999998e-09,4.0930000000000000e+03,0.0000000000000000e+00,0.0000000000000000e+00,1.7993434068595625e-17,1.7993434068595625e-17
4.0940000000000001e-09,4.0940000000000000e+03,0.0000000000000000e+00,0.0000000000000000e+00,2.5588978331080936e-18,2.5588978331080936e-18
4.0949999999999996e-09,4.0950000000000000e+03,0.0000000000000000e+00,0.0000000000000000e+00,1.8829165561346245e-17,1.8829165561346245e-17
